Date,Open,High,Low,Close,Adj Close,Volume
1982-03-31,5.23296,5.3482,5.1174,5.3482,5.3482,517404.32948969
1982-04-01,5.23296,5.3482,5.1174,5.3482,5.3482,517404.32948969
1982-04-02,5.47323,5.57929,5.37725,5.53095,5.53095,593190.95814772
1982-04-05,5.57929,5.62722,5.53095,5.57929,5.57929,570734.31177698
1982-04-06,5.51158,5.55022,5.47323,5.55022,5.55022,474050.13262392
1982-04-07,5.57929,5.61754,5.54073,5.57929,5.57929,425085.82113723
1982-04-08,5.60815,5.66567,5.54073,5.62722,5.62722,415108.01222983
1982-04-12,5.60815,5.65608,5.54073,5.55022,5.55022,295657.59336537
1982-04-13,5.57929,5.61754,5.54073,5.60815,5.60815,448791.97004302
1982-04-14,5.5696,5.58886,5.54073,5.57929,5.57929,77033.095964239
1982-04-15,5.54073,5.57929,5.50228,5.5696,5.5696,126620.64110404
1982-04-16,5.57929,5.60815,5.54073,5.5696,5.5696,207086.58087509
1982-04-19,5.60815,5.62722,5.5696,5.57929,5.57929,263533.74317084
1982-04-20,5.5696,5.58886,5.54073,5.5696,5.5696,187748.12625577
1982-04-21,5.53095,5.55022,5.50228,5.50228,5.50228,102916.51568413
1982-04-22,5.53095,5.55022,5.49241,5.51158,5.51158,206772.94056265
1982-04-23,5.23296,5.24243,5.20399,5.24243,5.24243,1061002.6837829
1982-04-26,5.15595,5.24243,5.06927,5.12709,5.12709,1189185.4559915
1982-04-27,5.07886,5.12709,5.03082,5.04061,5.04061,780624.43234811
1982-04-28,5.05,5.08845,5.01156,5.01156,5.01156,188683.98847837
1982-04-29,5.04061,5.07886,4.99227,4.99227,4.99227,159369.74843755
1982-04-30,4.93475,4.96332,4.91538,4.92497,4.92497,863896.94704402
1982-05-03,4.88662,4.92497,4.84827,4.87703,4.87703,597867.23403191
1982-05-04,4.87703,4.88662,4.85785,4.88662,4.88662,568239.35367866
1982-05-05,4.85785,4.88662,4.83867,4.87703,4.87703,213008.31232255
1982-05-06,4.87703,4.91538,4.83867,4.88662,4.88662,560753.46764077
1982-05-07,4.83867,4.88662,4.78066,4.80962,4.80962,934694.67124835
1982-05-10,4.83867,4.87703,4.79993,4.81941,4.81941,385478.10839069
1982-05-11,4.8962,4.93475,4.85785,4.92497,4.92497,334332.47911813
1982-05-12,4.80962,4.93475,4.68439,4.68439,4.68439,866080.28831579
1982-05-13,4.23249,4.29022,4.17478,4.21333,4.21333,5316864.9757529
1982-05-14,4.3094,4.33826,4.27094,4.32876,4.32876,1510727.4808197
1982-05-17,4.32876,4.34785,4.29971,4.32876,4.32876,473741.55102619
1982-05-18,4.3094,4.32876,4.29022,4.29971,4.29971,524889.20378466
1982-05-19,4.25158,4.27094,4.21333,4.22282,4.22282,819298.30635791
1982-05-20,4.17478,4.21333,4.13633,4.19404,4.19404,701097.39002848
1982-05-21,4.14591,4.17478,4.11705,4.13633,4.13633,580713.13242731
1982-05-24,4.07861,4.13633,4.02088,4.03037,4.03037,1355105.2282443
1982-05-25,4.07861,4.10746,4.03996,4.03996,4.03996,849863.06067672
1982-05-26,4.00152,4.03996,3.95348,3.98223,3.98223,712324.70147092
1982-05-27,3.95348,3.98223,3.92451,3.96297,3.96297,387975.0899749
1982-05-28,3.95348,3.98223,3.91523,3.92451,3.92451,538608.43809656
1982-06-01,3.88616,3.91523,3.84771,3.88616,3.88616,378616.46774884
1982-06-02,3.91523,3.94368,3.88616,3.91523,3.91523,639346.67122366
1982-06-03,3.88616,3.92451,3.83813,3.90544,3.90544,472802.65357476
1982-06-04,3.82855,3.90544,3.73207,3.76113,3.76113,675523.56364927
1982-06-07,3.65529,3.69382,3.60714,3.65529,3.65529,488399.68278953
1982-06-08,3.55901,3.6359,3.48211,3.53024,3.53024,641216.37218297
1982-06-09,3.492,3.55901,3.42439,3.42439,3.42439,1126808.4683048
1982-06-10,3.492,3.55901,3.42439,3.45335,3.45335,965257.40208128
1982-06-11,3.53024,3.5686,3.48211,3.53024,3.53024,1157997.4680196
1982-06-14,3.45335,3.52066,3.37625,3.37625,3.37625,1652321.9174854
1982-06-15,3.42439,3.45335,3.40521,3.45335,3.45335,584143.95274823
1982-06-16,3.45335,3.492,3.40521,3.46304,3.46304,626558.24041963
1982-06-17,3.4147,3.46304,3.34759,3.37625,3.37625,1352918.8517438
1982-06-18,3.32842,3.37625,3.26091,3.27059,3.27059,634353.71979818
1982-06-21,3.31863,3.34759,3.27059,3.27059,3.27059,411676.18016596
1982-06-22,3.32842,3.4147,3.22235,3.4147,3.4147,831462.49176589
1982-06-23,3.4147,3.45335,3.36677,3.45335,3.45335,376745.75504659
1982-06-24,3.50138,3.53993,3.45335,3.45335,3.45335,512725.01837667
1982-06-25,3.492,3.53024,3.45335,3.492,3.492,202096.66467845
1982-06-28,3.492,3.50138,3.46304,3.492,3.492,131923.18587017
1982-06-29,3.48211,3.52066,3.44376,3.48211,3.48211,374251.8086912
1982-06-30,3.50138,3.53993,3.46304,3.48211,3.48211,481848.64723131
1982-07-01,3.44376,3.48211,3.40521,3.42439,3.42439,786864.86282272
1982-07-02,3.37625,3.40521,3.33791,3.37625,3.37625,138784.82651201
1982-07-06,3.26091,3.34759,3.17443,3.29946,3.29946,384853.86299464
1982-07-07,3.25122,3.29946,3.20299,3.20299,3.20299,857661.57528412
1982-07-08,3.29946,3.40521,3.1839,3.34759,3.34759,1314245.9894769
1982-07-09,3.37625,3.42439,3.32842,3.34759,3.34759,851422.15655244
1982-07-12,3.31863,3.34759,3.27059,3.32842,3.32842,2027194.9363438
1982-07-13,3.32842,3.39553,3.27059,3.29946,3.29946,811812.42032001
1982-07-14,3.31863,3.34759,3.27059,3.32842,3.32842,2027194.9363438
1982-07-15,3.34759,3.36677,3.33791,3.36677,3.36677,1829777.5827784
1982-07-16,3.36677,3.39553,3.33791,3.39553,3.39553,847371.13780722
1982-07-19,3.40521,3.42439,3.37625,3.39553,3.39553,254489.77300018
1982-07-20,3.39553,3.4147,3.36677,3.36677,3.36677,383920.02425793
1982-07-21,3.4147,3.42439,3.39553,3.40521,3.40521,813373.53968162
1982-07-22,3.45335,3.52066,3.37625,3.52066,3.52066,985838.27703504
1982-07-23,3.53993,3.5686,3.50138,3.53993,3.53993,600985.42578334
1982-07-26,3.492,3.53024,3.44376,3.45335,3.45335,232036.16185827
1982-07-27,3.44376,3.45335,3.42439,3.45335,3.45335,914731.97123299
1982-07-28,3.40521,3.42439,3.37625,3.40521,3.40521,792789.62949903
1982-07-29,3.45335,3.492,3.40521,3.46304,3.46304,973679.15034178
1982-07-30,3.46304,3.492,3.42439,3.42439,3.42439,210518.41293895
1982-08-02,3.492,3.52066,3.45335,3.492,3.492,1060380.4618727
1982-08-03,3.50138,3.53993,3.46304,3.46304,3.46304,303144.49114621
1982-08-04,3.492,3.52066,3.45335,3.50138,3.50138,476233.47389568
1982-08-05,3.45335,3.48211,3.42439,3.45335,3.45335,513972.49742583
1982-08-06,3.44376,3.46304,3.4147,3.42439,3.42439,290045.45525856
1982-08-09,3.39553,3.42439,3.34759,3.37625,3.37625,407311.52110833
1982-08-10,3.37625,3.4147,3.33791,3.33791,3.33791,387352.86806474
1982-08-11,3.4147,3.48211,3.33791,3.48211,3.48211,696730.70748496
1982-08-12,3.53024,3.60714,3.45335,3.50138,3.50138,497129.00090483
1982-08-13,3.5686,3.61683,3.50138,3.61683,3.61683,283494.41970033
1982-08-16,3.61683,3.65529,3.5686,3.5686,3.5686,278193.89842009
1982-08-17,3.713,3.77072,3.6359,3.77072,3.77072,873876.77943729
1982-08-18,3.88616,4.03996,3.72278,3.80937,3.80937,939995.1925286
1982-08-19,3.75135,3.80937,3.68424,3.68424,3.68424,328094.07212939
1982-08-20,3.79009,3.8669,3.69382,3.8669,3.8669,514595.73107894
1982-08-23,3.80937,3.8669,3.75135,3.83813,3.83813,628741.5816914
1982-08-24,3.87667,3.91523,3.82855,3.8669,3.8669,541417.03650733
1982-08-25,3.8669,3.91523,3.80937,3.82855,3.82855,1093128.5574634
1982-08-26,3.92451,4.02088,3.82855,3.95348,3.95348,425085.82113723
1982-08-27,3.88616,3.92451,3.84771,3.8669,3.8669,437560.61162881
1982-08-30,3.8669,3.88616,3.82855,3.84771,3.84771,345558.77881761
1982-08-31,3.87667,3.94368,3.79958,3.94368,3.94368,534556.40760842
1982-09-01,3.90544,3.95348,3.84771,3.88616,3.88616,489333.52152627
1982-09-02,3.82855,3.90544,3.75135,3.88616,3.88616,752244.031044
1982-09-03,3.87667,3.95348,3.79009,3.79958,3.79958,1223490.6239719
1982-09-07,3.69382,3.73207,3.65529,3.69382,3.69382,702345.88082059
1982-09-08,3.64559,3.68424,3.60714,3.60714,3.60714,666479.5934786
1982-09-09,3.61683,3.6359,3.60714,3.61683,3.61683,444425.28749949
1982-09-10,3.60714,3.61683,3.57828,3.60714,3.60714,397019.06014557
1982-09-13,3.67455,3.75135,3.57828,3.75135,3.75135,192115.82054223
1982-09-14,3.73207,3.76113,3.69382,3.69382,3.69382,223304.8202571
1982-09-15,3.75135,3.83813,3.65529,3.83813,3.83813,702345.88082059
1982-09-16,3.82855,3.8669,3.77072,3.77072,3.77072,1365395.6657213
1982-09-17,3.80937,3.8669,3.76113,3.76113,3.76113,321546.07179998
1982-09-20,3.75135,3.77072,3.72278,3.76113,3.76113,287862.11398681
1982-09-21,3.80937,3.84771,3.76113,3.84771,3.84771,548588.27048984
1982-09-22,3.92451,3.99193,3.84771,3.8669,3.8669,944361.87507213
1982-09-23,3.84771,3.87667,3.80937,3.83813,3.83813,375810.90456692
1982-09-24,3.84771,3.8669,3.82855,3.8669,3.8669,323103.1441898
1982-09-27,3.88616,3.91523,3.84771,3.91523,3.91523,302520.24575015
1982-09-28,3.92451,3.96297,3.88616,3.90544,3.90544,222368.9580345
1982-09-29,3.87667,3.90544,3.84771,3.87667,3.87667,505240.14408172
1982-09-30,3.8669,3.88616,3.82855,3.83813,3.83813,218937.12597063
1982-10-01,3.87667,3.94368,3.80937,3.94368,3.94368,593190.95814772
1982-10-04,3.95348,4.02088,3.88616,4.00152,4.00152,307510.16194679
1982-10-05,3.99193,4.02088,3.95348,4.00152,4.00152,275386.31175227
1982-10-06,4.07861,4.14591,4.00152,4.14591,4.14591,586327.29401998
1982-10-07,4.25158,4.32876,4.1555,4.3094,4.3094,1065679.97141
1982-10-08,4.3094,4.37671,4.25158,4.33826,4.33826,485903.71294829
1982-10-11,4.42504,4.49205,4.36691,4.42504,4.42504,767526.40820341
1982-10-12,4.42504,4.46339,4.33826,4.45389,4.45389,598487.43245619
1982-10-13,4.52121,4.61708,4.40576,4.55946,4.55946,608157.67150879
1982-10-14,4.56895,4.60739,4.5307,4.54047,4.54047,426334.31192933
1982-10-15,4.46339,4.50184,4.41525,4.44421,4.44421,714508.04274269
1982-10-18,4.44421,4.56895,4.42504,4.55946,4.55946,284742.91049244
1982-10-19,4.52121,4.57853,4.45389,4.5307,4.5307,311252.59909428
1982-10-20,4.49205,4.5307,4.45389,4.5307,4.5307,334641.06071584
1982-10-21,4.62677,4.69408,4.56895,4.62677,4.62677,474050.13262392
1982-10-22,4.54047,4.59781,4.48256,4.55946,4.55946,794347.71363179
1982-10-25,4.42504,4.54047,4.29971,4.29971,4.29971,338073.90452265
1982-10-26,4.37671,4.49205,4.25158,4.48256,4.48256,410740.31794337
1982-10-27,4.37671,4.45389,4.29022,4.37671,4.37671,315305.64132535
1982-10-28,4.33826,4.37671,4.29022,4.32876,4.32876,195546.64086316
1982-10-29,4.29022,4.34785,4.22282,4.32876,4.32876,428205.02463159
1982-11-01,4.29022,4.3094,4.25158,4.29971,4.29971,369886.13789061
1982-11-02,4.41525,4.50184,4.32876,4.45389,4.45389,420097.92842647
1982-11-03,4.57853,4.73262,4.42504,4.73262,4.73262,566678.23431706
1982-11-04,4.78066,4.88662,4.68439,4.72324,4.72324,843937.28225748
1982-11-05,4.83867,4.93475,4.72324,4.93475,4.93475,570734.31177698
1982-11-08,4.81941,4.88662,4.76159,4.77127,4.77127,702345.88082059
1982-11-09,4.83867,4.8962,4.77127,4.83867,4.83867,537987.22792935
1982-11-10,4.8962,4.96332,4.81941,4.84827,4.84827,571979.76734024
1982-11-11,4.84827,4.8962,4.78066,4.8962,4.8962,420097.92842647
1982-11-12,4.95392,4.97301,4.91538,4.91538,4.91538,351795.16232045
1982-11-15,4.87703,4.91538,4.83867,4.88662,4.88662,295346.98828176
1982-11-16,4.85785,4.93475,4.78066,4.93475,4.93475,220185.61676273
1982-11-17,4.95392,4.97301,4.91538,4.93475,4.93475,321234.45497343
1982-11-18,4.92497,4.95392,4.8962,4.91538,4.91538,116953.43728027
1982-11-19,4.87703,4.92497,4.81941,4.83867,4.83867,309069.25782251
1982-11-22,4.79993,4.88662,4.70376,4.76159,4.76159,529568.51489767
1982-11-23,4.72324,4.78066,4.65563,4.68439,4.68439,451282.88116957
1982-11-24,4.59781,4.65563,4.5307,4.60739,4.60739,751933.4259604
1982-11-26,4.49205,4.60739,4.37671,4.5307,4.5307,409804.45572076
1982-11-29,4.46339,4.55946,4.37671,4.42504,4.42504,365831.07217364
1982-11-30,4.59781,4.76159,4.42504,4.76159,4.76159,387975.0899749
1982-12-01,4.6749,4.77127,4.55946,4.57853,4.57853,286926.2517642
1982-12-02,4.61708,4.68439,4.54047,4.62677,4.62677,703280.73130025
1982-12-03,4.72324,4.78066,4.65563,4.72324,4.72324,251371.58124876
1982-12-06,4.72324,4.8962,4.69408,4.88662,4.88662,302209.64066655
1982-12-07,4.87703,4.93475,4.80962,4.80962,4.80962,697668.59319345
1982-12-08,4.83867,4.8962,4.77127,4.77127,4.77127,329030.94609493
1982-12-09,4.68439,4.77127,4.57853,4.57853,4.57853,208958.30532029
1982-12-10,4.46339,4.57853,4.34785,4.36691,4.36691,670534.65919557
1982-12-13,4.38629,4.42504,4.34785,4.36691,4.36691,409804.45572076
1982-12-14,4.38629,4.42504,4.34785,4.40576,4.40576,1134606.9829121
1982-12-15,4.45389,4.52121,4.38629,4.45389,4.45389,354913.35407188
1982-12-16,4.37671,4.45389,4.29971,4.32876,4.32876,281312.09017151
1982-12-17,4.36691,4.40576,4.32876,4.40576,4.40576,438185.8687678
1982-12-20,4.33826,4.37671,4.29022,4.29971,4.29971,224550.27582037
1982-12-21,4.32876,4.40576,4.25158,4.37671,4.37671,250437.74251203
1982-12-22,4.44421,4.52121,4.34785,4.46339,4.46339,420097.92842647
1982-12-23,4.57853,4.62677,4.5307,4.60739,4.60739,302209.64066655
1982-12-27,4.62677,4.65563,4.60739,4.62677,4.62677,537051.36570673
1982-12-28,4.60739,4.62677,4.57853,4.60739,4.60739,449413.18021024
1982-12-29,4.55946,4.59781,4.52121,4.5307,4.5307,701097.39002848
1982-12-30,4.46339,4.52121,4.40576,4.46339,4.46339,252309.46695725
1982-12-31,4.49205,4.5307,4.45389,4.5307,4.5307,69550.245155173
1983-01-03,4.42504,4.46339,4.37671,4.37671,4.37671,369261.89249457
1983-01-04,4.41525,4.44421,4.37671,4.40576,4.40576,338073.90452265
1983-01-05,4.44421,4.49205,4.37671,4.38629,4.38629,608781.91690485
1983-01-06,4.44421,4.48256,4.40576,4.46339,4.46339,764096.59962543
1983-01-07,4.42504,4.49205,4.34785,4.45389,4.45389,1003305.0072091
1983-01-10,4.54047,4.57853,4.49205,4.54047,4.54047,510228.03679246
1983-01-11,4.54047,4.56895,4.50184,4.55946,4.55946,849863.06067672
1983-01-12,4.69408,4.79993,4.57853,4.73262,4.73262,426334.31192933
1983-01-13,4.6749,4.70376,4.61708,4.65563,4.65563,450660.65925939
1983-01-14,4.62677,4.70376,4.55946,4.65563,4.65563,442863.15639494
1983-01-17,4.56895,4.62677,4.50184,4.50184,4.50184,720123.21607831
1983-01-18,4.48256,4.48256,4.19404,4.3094,4.3094,1191990.0074304
1983-01-19,4.29022,4.3094,4.25158,4.29971,4.29971,321234.45497343
1983-01-20,4.25158,4.33826,4.1555,4.29022,4.29022,690496.347468
1983-01-21,4.25158,4.29971,4.18446,4.21333,4.21333,265093.8507895
1983-01-24,4.07861,4.11705,4.03037,4.03996,4.03996,480602.17992509
1983-01-25,4.03996,4.09787,3.99193,4.03996,4.03996,595372.27593359
1983-01-26,3.99193,4.05923,3.91523,3.91523,3.91523,569797.43781142
1983-01-27,3.95348,4.00152,3.90544,3.99193,3.99193,623128.43184165
1983-01-28,3.95348,4.02088,3.87667,3.91523,3.91523,393898.84490825
1983-01-31,3.96297,4.03037,3.88616,4.03037,4.03037,643713.35376718
1983-02-01,4.00152,4.03996,3.95348,3.95348,3.95348,795282.56411145
1983-02-02,3.94368,3.96297,3.91523,3.95348,3.95348,800587.13236348
1983-02-03,4.02088,4.07861,3.95348,4.06872,4.06872,515531.59330154
1983-02-04,4.10746,4.14591,4.06872,4.14591,4.14591,745073.80880444
1983-02-07,4.11705,4.19404,4.03996,4.18446,4.18446,511788.14441112
1983-02-08,4.13633,4.19404,4.06872,4.07861,4.07861,267901.43745733
1983-02-09,3.94368,4.02088,3.84771,3.95348,3.95348,1873128.7444153
1983-02-10,4.03996,4.07861,4.00152,4.05923,4.05923,977421.58748925
1983-02-11,4.13633,4.17478,4.07861,4.13633,4.13633,2173778.2774633
1983-02-14,4.17478,4.25158,4.09787,4.23249,4.23249,769083.48059324
1983-02-15,4.29022,4.33826,4.22282,4.33826,4.33826,1267155.4259213
1983-02-16,4.34785,4.38629,4.29971,4.34785,4.34785,787486.07298995
1983-02-17,4.42504,4.50184,4.33826,4.50184,4.50184,820235.18032347
1983-02-18,4.52121,4.60739,4.41525,4.60739,4.60739,1627058.6961898
1983-02-22,4.6749,4.70376,4.61708,4.6749,4.6749,1502934.0249271
1983-02-23,4.69408,4.73262,4.64614,4.73262,4.73262,1087823.9892112
1983-02-24,4.69408,4.73262,4.65563,4.70376,4.70376,687687.74905724
1983-02-25,4.55946,4.69408,4.40576,4.50184,4.50184,1524763.3906729
1983-02-28,4.41525,4.48256,4.34785,4.40576,4.40576,733533.86879251
1983-03-01,4.49205,4.60739,4.37671,4.59781,4.59781,1333895.0491798
1983-03-02,4.54047,4.57853,4.50184,4.57853,4.57853,785615.36028768
1983-03-03,4.59781,4.61708,4.55946,4.60739,4.60739,1044162.2224907
1983-03-04,4.64614,4.70376,4.57853,4.60739,4.60739,1070045.6422105
1983-03-07,4.56895,4.59781,4.54047,4.57853,4.57853,317179.38925644
1983-03-08,4.52121,4.57853,4.44421,4.48256,4.48256,328404.67721299
1983-03-09,4.49205,4.5307,4.45389,4.50184,4.50184,203343.13198467
1983-03-10,4.5307,4.57853,4.46339,4.54047,4.54047,404502.92269757
1983-03-11,4.52121,4.57853,4.45389,4.49205,4.49205,369261.89249457
1983-03-14,4.46339,4.50184,4.42504,4.45389,4.45389,220185.61676273
1983-03-15,4.41525,4.49205,4.33826,4.49205,4.49205,533932.16221238
1983-03-16,4.5307,4.57853,4.46339,4.55946,4.55946,390470.04807322
1983-03-17,4.55946,4.60739,4.49205,4.52121,4.52121,795282.56411145
1983-03-18,4.61708,4.68439,4.55946,4.60739,4.60739,554516.07239496
1983-03-21,4.68439,4.73262,4.62677,4.70376,4.70376,395769.55761052
1983-03-22,4.73262,4.80962,4.72324,4.77127,4.77127,477480.95294484
1983-03-23,4.80962,5.01156,4.80962,4.99227,4.99227,536114.49174119
1983-03-24,4.96332,5.00186,4.91538,4.96332,4.96332,721058.06655797
1983-03-25,4.91538,4.97301,4.82899,4.91538,4.91538,732908.61165351
1983-03-28,4.82899,4.8962,4.78066,4.79993,4.79993,136601.48524026
1983-03-29,4.82899,4.85785,4.79993,4.80962,4.80962,254801.38982674
1983-03-30,4.8962,4.93475,4.85785,4.88662,4.88662,260729.19173186
1983-03-31,4.88662,4.97301,4.88662,4.8962,4.8962,316867.77242989
1983-04-04,4.87703,4.88662,4.80962,4.88662,4.88662,107283.19822766
1983-04-05,4.96332,4.99227,4.8962,4.92497,4.92497,383606.38394549
1983-04-06,4.8962,4.8962,4.84827,4.84827,4.84827,440993.45543562
1983-04-07,4.87703,4.8962,4.85785,4.87703,4.87703,189932.47927048
1983-04-08,4.87703,4.91538,4.84827,4.8962,4.8962,233283.64090742
1983-04-11,4.8962,4.93475,4.85785,4.8962,4.8962,251058.95267927
1983-04-12,4.92497,4.93475,4.80962,4.88662,4.88662,420407.52176714
1983-04-13,4.88662,4.92497,4.83867,4.87703,4.87703,406998.89253883
1983-04-14,4.87703,5.08845,4.84827,5.04061,5.04061,595996.52132964
1983-04-15,5.08845,5.14636,5.06927,5.1174,5.1174,796845.70695894
1983-04-18,5.1174,5.14636,5.06927,5.10782,5.10782,2032498.4928529
1983-04-19,5.10782,5.1174,5.06927,5.06927,5.06927,500872.44979525
1983-04-20,5.07886,5.22327,5.07886,5.19411,5.19411,531746.79745472
1983-04-21,5.2715,5.2715,5.12709,5.14636,5.14636,412299.41381908
1983-04-22,5.15595,5.15595,5.08845,5.1174,5.1174,263533.74317084
1983-04-25,5.07886,5.12709,5.01156,5.03082,5.03082,206772.94056265
1983-04-26,5.1174,5.16574,5.05,5.16574,5.16574,271332.25777825
1983-04-27,5.18492,5.24243,5.10782,5.14636,5.14636,1419972.1153147
1983-04-28,5.18492,5.22327,5.14636,5.19411,5.19411,546408.97618985
1983-04-29,5.18492,5.22327,5.12709,5.15595,5.15595,1069110.791731
1983-05-02,5.06927,5.15595,4.97301,5.00186,5.00186,404817.57475296
1983-05-03,5.00186,5.01156,4.88662,5.01156,5.01156,513660.88059927
1983-05-04,5.07886,5.08845,5.06927,5.08845,5.08845,388286.70680145
1983-05-05,5.10782,5.14636,5.06927,5.10782,5.10782,282559.56922067
1983-05-06,5.12709,5.20399,5.1174,5.12709,5.12709,3154317.044961
1983-05-09,5.12709,5.15595,5.08845,5.08845,5.08845,264469.60539346
1983-05-10,5.10782,5.10782,5.05,5.06927,5.06927,884793.48579611
1983-05-11,5.04061,5.05,4.88662,4.95392,4.95392,332773.38324241
1983-05-12,4.95392,4.95392,4.78066,4.80962,4.80962,1072229.9952253
1983-05-13,4.80962,4.92497,4.79993,4.8962,4.8962,1205091.0668039
1983-05-16,4.88662,4.88662,4.82899,4.83867,4.83867,824602.87460993
1983-05-17,4.83867,4.85785,4.80962,4.84827,4.84827,854230.7549632
1983-05-18,4.84827,4.96332,4.84827,4.92497,4.92497,821482.65937262
1983-05-19,4.93475,4.95392,4.87703,4.87703,4.87703,571979.76734024
1983-05-20,4.85785,4.85785,4.77127,4.83867,4.83867,1041042.0072534
1983-05-23,4.78066,4.95392,4.76159,4.91538,4.91538,744447.5399225
1983-05-24,4.99227,5.04061,4.97301,5.01156,5.01156,410740.31794337
1983-05-25,5.03082,5.04061,4.96332,5.01156,5.01156,948728.55761565
1983-05-26,5.1174,5.1174,5.01156,5.05,5.05,727919.70719981
1983-05-27,5.05,5.05,4.97301,4.99227,4.99227,457208.6595888
1983-05-31,4.96332,5.05,4.96332,5.04061,5.04061,517404.32948969
1983-06-01,5.04061,5.10782,5.03082,5.07886,5.07886,851732.76163604
1983-06-02,5.10782,5.1174,4.99227,5.00186,5.00186,1194797.5940982
1983-06-03,4.99227,5.00186,4.96332,4.96332,4.96332,382672.54520876
1983-06-06,4.8962,5.00186,4.88662,4.97301,4.97301,1635477.4092214
1983-06-07,5.01156,5.06927,5.01156,5.03082,5.03082,333708.23372207
1983-06-08,5.05,5.05,4.99227,5.00186,5.00186,129117.62268824
1983-06-09,5.01156,5.05,4.93475,4.97301,4.97301,1383483.6060624
1983-06-10,4.97301,5.01156,4.91538,4.96332,4.96332,980851.39606723
1983-06-13,4.96332,5.01156,4.91538,5.01156,5.01156,760665.77930451
1983-06-14,5.00186,5.00186,4.91538,4.99227,4.99227,176834.45512578
1983-06-15,5.00186,5.00186,4.91538,4.99227,4.99227,611901.12039921
1983-06-16,5.01156,5.05,4.93475,5.05,5.05,531125.5872875
1983-06-17,5.03082,5.04061,4.95392,5.00186,5.00186,224550.27582037
1983-06-20,4.99227,4.99227,4.91538,4.96332,4.96332,361151.76106062
1983-06-21,4.93475,4.95392,4.83867,4.88662,4.88662,1070045.6422105
1983-06-22,4.85785,4.8962,4.82899,4.88662,4.88662,596308.1381562
1983-06-23,4.85785,4.88662,4.80962,4.85785,4.85785,201160.80245585
1983-06-24,4.85785,4.96332,4.82899,4.93475,4.93475,262288.28760758
1983-06-27,4.97301,5.00186,4.83867,4.87703,4.87703,247939.74918489
1983-06-28,4.88662,4.8962,4.82899,4.85785,4.85785,164358.65289124
1983-06-29,4.83867,4.87703,4.82899,4.87703,4.87703,164358.65289124
1983-06-30,4.91538,4.97301,4.8962,4.92497,4.92497,177457.68877888
1983-07-01,4.8962,4.91538,4.85785,4.87703,4.87703,262288.28760758
1983-07-05,4.83867,4.85785,4.82899,4.82899,4.82899,170596.04813704
1983-07-06,4.83867,4.96332,4.83867,4.96332,4.96332,218937.12597063
1983-07-07,4.96332,5.00186,4.92497,4.93475,4.93475,327469.82673334
1983-07-08,4.92497,4.97301,4.92497,4.96332,4.96332,134107.53888488
1983-07-11,4.99227,5.01156,4.93475,4.96332,4.96332,180887.49735687
1983-07-12,4.93475,4.96332,4.80962,4.84827,4.84827,425085.82113723
1983-07-13,4.87703,4.87703,4.76159,4.79993,4.79993,260102.92284992
1983-07-14,4.79993,4.83867,4.78066,4.79993,4.79993,361151.76106062
1983-07-15,4.79993,4.79993,4.70376,4.75209,4.75209,342440.58706618
1983-07-18,4.77127,4.87703,4.77127,4.79993,4.79993,232036.16185827
1983-07-19,4.80962,4.85785,4.79993,4.82899,4.82899,329342.56292149
1983-07-20,4.84827,4.8962,4.82899,4.87703,4.87703,663673.01855372
1983-07-21,4.88662,4.8962,4.78066,4.82899,4.82899,443800.03036049
1983-07-22,4.79993,4.83867,4.76159,4.82899,4.82899,209578.50374457
1983-07-25,4.84827,5.01156,4.79993,4.93475,4.93475,314684.43115814
1983-07-26,4.91538,4.91538,4.80962,4.85785,4.85785,196481.49134283
1983-07-27,4.40576,4.49205,4.36691,4.37671,4.37671,2344373.3138573
1983-07-28,4.34785,4.37671,4.25158,4.32876,4.32876,2776321.7873793
1983-07-29,4.26116,4.29022,4.09787,4.22282,4.22282,1535991.7138582
1983-08-01,4.19404,4.32876,4.17478,4.26116,4.26116,951845.73762414
1983-08-02,4.29971,4.32876,4.22282,4.26116,4.26116,532686.7066491
1983-08-03,4.29022,4.29971,4.22282,4.25158,4.25158,1111528.1146312
1983-08-04,4.23249,4.23249,4.09787,4.10746,4.10746,1139283.2587963
1983-08-05,4.10746,4.11705,4.05923,4.09787,4.09787,1583396.9294692
1983-08-08,4.03996,4.07861,4.03996,4.06872,4.06872,499625.98248903
1983-08-09,4.05923,4.09787,4.03996,4.07861,4.07861,1002369.1449865
1983-08-10,4.06872,4.23249,4.03996,4.22282,4.22282,559815.58193227
1983-08-11,4.22282,4.22282,4.14591,4.17478,4.17478,280064.61112235
1983-08-12,4.17478,4.23249,4.14591,4.22282,4.22282,328094.07212939
1983-08-15,4.25158,4.36691,4.25158,4.25158,4.25158,795282.56411145
1983-08-16,4.26116,4.3094,4.25158,4.27094,4.27094,429453.5154237
1983-08-17,4.29971,4.40576,4.29971,4.34785,4.34785,2191553.5892351
1983-08-18,4.37671,4.38629,4.32876,4.33826,4.33826,226734.62883507
1983-08-19,4.27094,4.29022,4.18446,4.25158,4.25158,421032.77890613
1983-08-22,4.26116,4.27094,4.11705,4.17478,4.17478,322168.29371014
1983-08-23,4.09787,4.14591,4.06872,4.10746,4.10746,495261.32343139
1983-08-24,4.07861,4.13633,4.07861,4.11705,4.11705,264159.00030983
1983-08-25,4.11705,4.1555,4.09787,4.1555,4.1555,213008.31232255
1983-08-26,4.19404,4.25158,4.1555,4.25158,4.25158,436001.5157531
1983-08-29,4.21333,4.21333,4.14591,4.18446,4.18446,199289.07801064
1983-08-30,4.23249,4.29971,4.19404,4.22282,4.22282,241082.15551481
1983-08-31,4.22282,4.32876,4.19404,4.29971,4.29971,349927.48484702
1983-09-01,4.3094,4.37671,4.3094,4.3094,4.3094,575411.59940411
1983-09-02,4.26116,4.34785,4.26116,4.32876,4.32876,3561625.5308405
1983-09-06,4.40576,4.54047,4.38629,4.54047,4.54047,537051.36570673
1983-09-07,4.48256,4.49205,4.36691,4.40576,4.40576,1153941.3905597
1983-09-08,4.41525,4.52121,4.38629,4.45389,4.45389,330276.40165821
1983-09-09,4.46339,4.49205,4.44421,4.46339,4.46339,321234.45497343
1983-09-12,4.54047,4.55946,4.40576,4.44421,4.44421,696730.70748496
1983-09-13,4.46339,4.52121,4.46339,4.50184,4.50184,223615.42534071
1983-09-14,4.50184,4.5307,4.50184,4.5307,4.5307,438185.8687678
1983-09-15,4.50184,4.50184,4.37671,4.37671,4.37671,566368.64097639
1983-09-16,4.37671,4.44421,4.34785,4.37671,4.37671,492763.33010424
1983-09-19,4.38629,4.45389,4.36691,4.42504,4.42504,214571.45517004
1983-09-20,4.45389,4.49205,4.41525,4.45389,4.45389,374251.8086912
1983-09-21,4.46339,4.48256,4.42504,4.44421,4.44421,578530.80289848
1983-09-22,4.42504,4.46339,4.42504,4.46339,4.46339,601299.06609578
1983-09-23,4.46339,4.49205,4.40576,4.49205,4.49205,288486.35938286
1983-09-26,4.55946,4.59781,4.48256,4.50184,4.50184,828032.68318791
1983-09-27,4.5307,4.5307,4.48256,4.48256,4.48256,321546.07179998
1983-09-28,4.49205,4.52121,4.46339,4.52121,4.52121,222368.9580345
1983-09-29,4.52121,4.55946,4.50184,4.5307,4.5307,282248.96413707
1983-09-30,4.52121,4.5307,4.50184,4.5307,4.5307,378616.46774884
1983-10-03,4.50184,4.5307,4.49205,4.49205,4.49205,396081.17443707
1983-10-04,4.52121,4.55946,4.50184,4.55946,4.55946,340568.86262098
1983-10-05,4.55946,4.69408,4.50184,4.6749,4.6749,520522.52124112
1983-10-06,4.70376,4.75209,4.65563,4.75209,4.75209,367076.52773692
1983-10-07,4.75209,4.82899,4.70376,4.80962,4.80962,567302.47971311
1983-10-10,4.80962,4.83867,4.75209,4.83867,4.83867,251058.95267927
1983-10-11,4.80962,4.80962,4.75209,4.76159,4.76159,424461.57574117
1983-10-12,4.73262,4.75209,4.65563,4.6749,4.6749,279128.74889975
1983-10-13,4.64614,4.68439,4.63645,4.64614,4.64614,232970.00059498
1983-10-14,4.6749,4.72324,4.64614,4.72324,4.72324,301271.75495805
1983-10-17,4.69408,4.79993,4.69408,4.76159,4.76159,717314.61766755
1983-10-18,4.76159,4.76159,4.61708,4.6749,4.6749,815243.24064094
1983-10-19,4.65563,4.6749,4.61708,4.64614,4.64614,917536.52267197
1983-10-20,4.64614,4.6749,4.64614,4.65563,4.65563,356162.85660693
1983-10-21,4.65563,4.65563,4.59781,4.61708,4.61708,592565.70100873
1983-10-24,4.64614,4.64614,4.55946,4.61708,4.61708,536114.49174119
1983-10-25,4.61708,4.64614,4.56895,4.60739,4.60739,187125.90434561
1983-10-26,4.61708,4.63645,4.57853,4.61708,4.61708,453157.6408436
1983-10-27,4.63645,4.70376,4.57853,4.69408,4.69408,850485.28258688
1983-10-28,4.70376,4.72324,4.64614,4.6749,4.6749,438497.48559436
1983-10-31,4.69408,4.69408,4.63645,4.68439,4.68439,295346.98828176
1983-11-01,4.70376,4.73262,4.65563,4.73262,4.73262,615332.95246308
1983-11-02,4.73262,4.76159,4.69408,4.69408,4.69408,418537.82080781
1983-11-03,4.69408,4.69408,4.59781,4.59781,4.59781,174336.46179862
1983-11-04,4.59781,4.64614,4.52121,4.61708,4.61708,305950.05432813
1983-11-07,4.64614,4.64614,4.59781,4.61708,4.61708,198976.44944114
1983-11-08,4.57853,4.59781,4.50184,4.50184,4.50184,315305.64132535
1983-11-09,4.5307,4.64614,4.5307,4.64614,4.64614,183695.08402468
1983-11-10,4.6749,4.6749,4.56895,4.56895,4.56895,448791.97004302
1983-11-11,4.59781,4.59781,4.49205,4.55946,4.55946,755675.86310787
1983-11-14,4.55946,4.55946,4.46339,4.46339,4.46339,411365.57508236
1983-11-15,4.46339,4.48256,4.40576,4.40576,4.40576,821482.65937262
1983-11-16,4.44421,4.45389,4.37671,4.41525,4.41525,411676.18016596
1983-11-17,4.42504,4.42504,4.38629,4.38629,4.38629,227981.09614129
1983-11-18,4.38629,4.41525,4.37671,4.40576,4.40576,410428.70111681
1983-11-21,4.37671,4.44421,4.36691,4.40576,4.40576,357098.71882954
1983-11-22,4.42504,4.5307,4.42504,4.50184,4.50184,435067.67701637
1983-11-23,4.5307,4.54047,4.50184,4.54047,4.54047,503368.41963651
1983-11-25,4.56895,4.59781,4.52121,4.57853,4.57853,181823.35957946
1983-11-28,4.57853,4.59781,4.54047,4.56895,4.56895,339631.98865543
1983-11-29,4.55946,4.59781,4.55946,4.59781,4.59781,107283.19822766
1983-11-30,4.56895,4.63645,4.56895,4.60739,4.60739,270398.41904152
1983-12-01,4.60739,4.72324,4.57853,4.72324,4.72324,886040.96484527
1983-12-02,4.72324,4.76159,4.6749,4.68439,4.68439,1793290.0852691
1983-12-05,4.61708,4.68439,4.60739,4.6749,4.6749,505863.37773483
1983-12-06,4.65563,4.68439,4.65563,4.65563,4.65563,662739.179817
1983-12-07,4.65563,4.68439,4.65563,4.6749,4.6749,451597.53322494
1983-12-08,4.65563,4.68439,4.63645,4.63645,4.63645,377058.38361608
1983-12-09,4.64614,4.69408,4.63645,4.6749,4.6749,988337.28210513
1983-12-12,4.6749,4.68439,4.65563,4.68439,4.68439,296282.85050436
1983-12-13,4.6749,4.6749,4.63645,4.64614,4.64614,360217.92232391
1983-12-14,4.61708,4.6749,4.59781,4.59781,4.59781,224239.67073675
1983-12-15,4.56895,4.57853,4.5307,4.54047,4.54047,344621.90485206
1983-12-16,4.52121,4.5307,4.44421,4.45389,4.45389,426023.70684571
1983-12-19,4.42504,4.50184,4.42504,4.46339,4.46339,251058.95267927
1983-12-20,4.46339,4.46339,4.45389,4.45389,4.45389,339631.98865543
1983-12-21,4.42504,4.44421,4.37671,4.40576,4.40576,619385.99469418
1983-12-22,4.42504,4.49205,4.42504,4.46339,4.46339,784681.52155096
1983-12-23,4.45389,4.50184,4.45389,4.50184,4.50184,337140.06578593
1983-12-27,4.50184,4.52121,4.48256,4.50184,4.50184,218313.89231751
1983-12-28,4.46339,4.50184,4.46339,4.50184,4.50184,294409.10257327
1983-12-29,4.50184,4.5307,4.49205,4.50184,4.50184,275386.31175227
1983-12-30,4.48256,4.50184,4.46339,4.48256,4.48256,454715.72497636
1984-01-03,4.48256,4.48256,4.41525,4.46339,4.46339,254489.77300018
1984-01-04,4.46339,4.52121,4.46339,4.52121,4.52121,389220.54553817
1984-01-05,4.65563,4.65563,4.60739,4.63645,4.63645,355852.25152332
1984-01-06,4.60739,4.60739,4.49205,4.56895,4.56895,1245012.419863
1984-01-09,4.52121,4.5307,4.48256,4.50184,4.50184,729477.79133259
1984-01-10,4.50184,4.50184,4.42504,4.45389,4.45389,251371.58124876
1984-01-11,4.41525,4.44421,4.34785,4.40576,4.40576,820547.80889296
1984-01-12,4.41525,4.42504,4.34785,4.38629,4.38629,1835081.1392875
1984-01-13,4.40576,4.44421,4.36691,4.37671,4.37671,193049.65927896
1984-01-16,4.38629,4.40576,4.36691,4.38629,4.38629,696730.70748496
1984-01-17,4.38629,4.42504,4.37671,4.40576,4.40576,758794.0548593
1984-01-18,4.40576,4.40576,4.36691,4.38629,4.38629,1033557.1329585
1984-01-19,4.38629,4.40576,4.36691,4.37671,4.37671,696418.07891547
1984-01-20,4.36691,4.38629,4.36691,4.38629,4.38629,457519.26467241
1984-01-23,4.36691,4.36691,4.3094,4.32876,4.32876,414796.39540329
1984-01-24,4.3094,4.34785,4.29971,4.3094,4.3094,264469.60539346
1984-01-25,4.3094,4.34785,4.23249,4.27094,4.27094,505863.37773483
1984-01-26,4.27094,4.29971,4.19404,4.23249,4.23249,786553.24599617
1984-01-27,4.23249,4.23249,4.18446,4.23249,4.23249,143151.50905555
1984-01-30,4.17478,4.23249,4.1555,4.17478,4.17478,730412.64181226
1984-01-31,4.1555,4.21333,4.1555,4.19404,4.19404,206149.70690954
1984-02-01,4.17478,4.19404,4.13633,4.13633,4.13633,325598.10228812
1984-02-02,4.14591,4.17478,4.10746,4.14591,4.14591,577594.94067588
1984-02-03,4.1555,4.19404,4.13633,4.13633,4.13633,531125.5872875
1984-02-06,4.14591,4.19404,4.11705,4.1555,4.1555,629053.19851795
1984-02-07,4.1555,4.18446,4.13633,4.18446,4.18446,730412.64181226
1984-02-08,4.19404,4.22282,4.05923,4.06872,4.06872,668661.92300742
1984-02-09,4.11705,4.11705,4.03037,4.06872,4.06872,943427.02459247
1984-02-10,4.09787,4.10746,4.03037,4.03996,4.03996,458146.54529729
1984-02-13,4.06872,4.10746,4.03996,4.06872,4.06872,619385.99469418
1984-02-14,4.05923,4.11705,4.03996,4.10746,4.10746,304077.31813999
1984-02-15,4.11705,4.14591,3.99193,4.05923,4.05923,1603666.1875964
1984-02-16,4.03037,4.07861,3.99193,4.03996,4.03996,353356.28168205
1984-02-17,4.06872,4.06872,4.00152,4.03996,4.03996,235469.00566507
1984-02-21,4.07861,4.09787,3.99193,4.00152,4.00152,382983.15029238
1984-02-22,3.98223,4.06872,3.95348,4.02088,4.02088,748503.61738242
1984-02-23,3.99193,4.06872,3.96297,4.06872,4.06872,348365.35374248
1984-02-24,4.11705,4.19404,4.06872,4.1555,4.1555,450349.04243284
1984-02-27,4.18446,4.21333,4.1555,4.21333,4.21333,521767.97680439
1984-02-28,4.21333,4.34785,4.19404,4.22282,4.22282,1482971.3249116
1984-02-29,4.17478,4.27094,4.11705,4.22282,4.22282,484965.82723979
1984-03-01,4.21333,4.26116,4.19404,4.22282,4.22282,629053.19851795
1984-03-02,4.14591,4.1555,4.05923,4.07861,4.07861,1033244.504389
1984-03-05,4.07861,4.07861,3.99193,4.03996,4.03996,2527757.7927984
1984-03-06,4.06872,4.07861,4.03996,4.03996,4.03996,1838199.3310389
1984-03-07,3.95348,4.00152,3.92451,3.98223,3.98223,1825412.9237208
1984-03-08,3.98223,4.09787,3.96297,4.06872,4.06872,1086575.4984192
1984-03-09,4.06872,4.09787,4.03996,4.09787,4.09787,164358.65289124
1984-03-12,4.09787,4.19404,4.07861,4.14591,4.14591,371756.85059289
1984-03-13,4.14591,4.17478,4.10746,4.11705,4.11705,344933.52167862
1984-03-14,4.10746,4.11705,4.06872,4.09787,4.09787,165294.51511385
1984-03-15,4.10746,4.13633,4.09787,4.09787,4.09787,206149.70690954
1984-03-16,4.17478,4.17478,4.13633,4.17478,4.17478,310315.72512872
1984-03-19,4.14591,4.14591,4.10746,4.11705,4.11705,420097.92842647
1984-03-20,4.11705,4.18446,4.07861,4.17478,4.17478,318737.47338922
1984-03-21,4.17478,4.27094,4.1555,4.27094,4.27094,552646.37143564
1984-03-22,4.26116,4.26116,4.21333,4.22282,4.22282,1278692.3307044
1984-03-23,4.19404,4.25158,4.19404,4.25158,4.25158,168102.10178166
1984-03-26,4.27094,4.34785,4.26116,4.33826,4.33826,1193861.7318756
1984-03-27,4.33826,4.34785,4.3094,4.33826,4.33826,368949.26392507
1984-03-28,4.36691,4.5307,4.36691,4.48256,4.48256,983345.3424226
1984-03-29,4.50184,4.50184,4.46339,4.46339,4.46339,981475.64146328
1984-03-30,4.46339,4.48256,4.37671,4.42504,4.42504,597867.23403191
1984-04-02,4.40576,4.40576,4.32876,4.36691,4.36691,571047.95208942
1984-04-03,4.34785,4.38629,4.33826,4.36691,4.36691,450660.65925939
1984-04-04,4.37671,4.42504,4.36691,4.36691,4.36691,443800.03036049
1984-04-05,4.34785,4.37671,4.19404,4.19404,4.19404,2214945.0860854
1984-04-06,4.09787,4.10746,4.02088,4.10746,4.10746,1034180.3666116
1984-04-09,4.10746,4.13633,4.07861,4.09787,4.09787,562312.56351647
1984-04-10,4.09787,4.14591,4.07861,4.10746,4.10746,501809.3237608
1984-04-11,4.10746,4.14591,4.09787,4.11705,4.11705,411676.18016596
1984-04-12,4.14591,4.27094,4.09787,4.27094,4.27094,631551.19184509
1984-04-13,4.25158,4.25158,4.11705,4.1555,4.1555,897268.2762877
1984-04-16,4.09787,4.1555,4.09787,4.13633,4.13633,513036.63520323
1984-04-17,4.14591,4.14591,4.07861,4.11705,4.11705,403879.68904447
1984-04-18,4.11705,4.11705,4.06872,4.09787,4.09787,1039796.5516901
1984-04-19,4.06872,4.09787,4.05923,4.07861,4.07861,458460.18560973
1984-04-23,4.07861,4.09787,4.00152,4.02088,4.02088,734468.71927217
1984-04-24,4.00152,4.02088,3.96297,3.99193,3.99193,409494.86238009
1984-04-25,3.96297,3.98223,3.82855,3.90544,3.90544,2059317.7747955
1984-04-26,3.87667,4.00152,3.87667,3.98223,3.98223,512100.77298062
1984-04-27,3.95348,4.10746,3.92451,4.02088,4.02088,635913.82741685
1984-04-30,4.03996,4.09787,3.99193,4.00152,4.00152,381423.04267372
1984-05-01,3.98223,4.06872,3.96297,4.06872,4.06872,447229.83893847
1984-05-02,4.05923,4.06872,3.96297,4.05923,4.05923,880114.17468309
1984-05-03,4.06872,4.09787,4.03996,4.03996,4.03996,537051.36570673
1984-05-04,4.00152,4.00152,3.91523,3.92451,3.92451,340257.24579442
1984-05-07,3.91523,3.96297,3.87667,3.92451,3.92451,386413.9706133
1984-05-08,3.94368,4.02088,3.94368,4.00152,4.00152,957458.88747388
1984-05-09,3.94368,3.95348,3.75135,3.79009,3.79009,3308694.853716
1984-05-10,3.80937,3.82855,3.76113,3.79009,3.79009,855787.82735302
1984-05-11,3.80937,3.80937,3.713,3.713,3.713,378616.46774884
1984-05-14,3.69382,3.75135,3.69382,3.713,3.713,650887.62297852
1984-05-15,3.68424,3.76113,3.68424,3.76113,3.76113,489333.52152627
1984-05-16,3.73207,3.73207,3.68424,3.68424,3.68424,632173.41375525
1984-05-17,3.69382,3.713,3.68424,3.68424,3.68424,282559.56922067
1984-05-18,3.68424,3.69382,3.59755,3.59755,3.59755,506799.23995742
1984-05-21,3.64559,3.67455,3.59755,3.65529,3.65529,286926.2517642
1984-05-22,3.64559,3.65529,3.60714,3.6359,3.6359,843003.44352076
1984-05-23,3.61683,3.6359,3.5686,3.5686,3.5686,765655.69550114
1984-05-24,3.5686,3.61683,3.5686,3.59755,3.59755,1568738.7977059
1984-05-25,3.57828,3.60714,3.54922,3.55901,3.55901,610030.40769695
1984-05-29,3.50138,3.53024,3.50138,3.50138,3.50138,470621.33578888
1984-05-30,3.492,3.53024,3.45335,3.492,3.492,1062874.4082282
1984-05-31,3.48211,3.492,3.45335,3.48211,3.48211,3531999.6739731
1984-06-01,3.48211,3.50138,3.45335,3.47282,3.47282,944361.87507213
1984-06-04,3.45335,3.48211,3.37625,3.40521,3.40521,537362.9825333
1984-06-05,3.39553,3.40521,3.36677,3.37625,3.37625,2108594.7148516
1984-06-06,3.29946,3.39553,3.29946,3.35707,3.35707,1229415.3906481
1984-06-07,3.32842,3.4147,3.32842,3.39553,3.39553,255425.63522279
1984-06-08,3.39553,3.4147,3.36677,3.39553,3.39553,314370.79084569
1984-06-11,3.39553,3.39553,3.29946,3.32842,3.32842,340568.86262098
1984-06-12,3.29946,3.31863,3.20299,3.26091,3.26091,4940433.8727618
1984-06-13,3.28997,3.31863,3.25122,3.31863,3.31863,619698.62326367
1984-06-14,3.28997,3.32842,3.22235,3.25122,3.25122,1724675.7023366
1984-06-15,3.25122,3.26091,3.21258,3.22235,3.22235,317802.62290956
1984-06-18,3.23185,3.28018,3.22235,3.28018,3.28018,288486.35938286
1984-06-19,3.28018,3.33791,3.25122,3.31863,3.31863,438185.8687678
1984-06-20,3.28997,3.37625,3.28018,3.37625,3.37625,693927.16778892
1984-06-21,3.36677,3.36677,3.31863,3.33791,3.33791,790293.65965777
1984-06-22,3.31863,3.35707,3.28018,3.35707,3.35707,358657.81470525
1984-06-25,3.36677,3.36677,3.28997,3.29946,3.29946,194297.13832811
1984-06-26,3.29946,3.29946,3.22235,3.23185,3.23185,441616.68908873
1984-06-27,3.25122,3.25122,3.08783,3.13577,3.13577,528318.00061969
1984-06-28,3.13577,3.23185,3.12609,3.21258,3.21258,781246.65425826
1984-06-29,3.21258,3.25122,3.1839,3.21258,3.21258,547652.40826723
1984-07-02,3.20299,3.21258,3.16464,3.17443,3.17443,856722.67783268
1984-07-03,3.17443,3.23185,3.17443,3.23185,3.23185,692987.25859454
1984-07-05,3.22235,3.22235,3.17443,3.20299,3.20299,854850.95338747
1984-07-06,3.21258,3.23185,3.1839,3.23185,3.23185,349300.20422213
1984-07-09,3.26091,3.36677,3.23185,3.33791,3.33791,261666.06569741
1984-07-10,3.36677,3.4147,3.31863,3.36677,3.36677,422594.91001067
1984-07-11,3.31863,3.31863,3.1839,3.22235,3.22235,661799.27062263
1984-07-12,3.23185,3.28018,3.22235,3.22235,3.22235,501496.6951913
1984-07-13,3.22235,3.23185,3.12609,3.13577,3.13577,1376308.3251083
1984-07-16,3.13577,3.14537,3.03022,3.04949,3.04949,465943.0364188
1984-07-17,3.04949,3.04949,2.91448,3.01084,3.01084,1289920.6538897
1984-07-18,2.99148,2.99148,2.86654,2.87612,2.87612,1780499.6309792
1984-07-19,2.87612,2.89531,2.76088,2.77976,2.77976,2463820.697493
1984-07-20,2.77976,2.85706,2.77976,2.83757,2.83757,1017030.3119788
1984-07-23,2.81831,2.98199,2.79903,2.98199,2.98199,853606.50956714
1984-07-24,2.98199,3.03022,2.95323,2.97239,2.97239,687999.36588379
1984-07-25,2.99148,3.06867,2.99148,3.05907,3.05907,1327969.2707606
1984-07-26,3.06867,3.09732,3.04949,3.09732,3.09732,1011103.5218165
1984-07-27,3.09732,3.13577,3.05907,3.09732,3.09732,1070045.6422105
1984-07-30,3.09732,3.10692,3.08783,3.09732,3.09732,601299.06609578
1984-07-31,3.08783,3.09732,3.05907,3.06867,3.06867,251371.58124876
1984-08-01,3.05907,3.23185,3.05907,3.22235,3.22235,943427.02459247
1984-08-02,3.32842,3.40521,3.31863,3.37625,3.37625,1574351.9475556
1984-08-03,3.42439,3.54922,3.40521,3.48211,3.48211,1837574.0738999
1984-08-06,3.492,3.53024,3.32842,3.37625,3.37625,1058820.3542541
1984-08-07,3.36677,3.4147,3.31863,3.37625,3.37625,949350.77952582
1984-08-08,3.37625,3.42439,3.37625,3.40521,3.40521,726046.97101167
1984-08-09,3.4147,3.55901,3.40521,3.54922,3.54922,918163.80329685
1984-08-10,3.68424,3.68424,3.50138,3.55901,3.55901,2608534.3376531
1984-08-13,3.54922,3.6359,3.48211,3.60714,3.60714,949662.39635238
1984-08-14,3.65529,3.68424,3.60714,3.60714,3.60714,1739646.4626695
1984-08-15,3.64559,3.713,3.62621,3.64559,3.64559,1131175.1508482
1984-08-16,3.65529,3.713,3.65529,3.67455,3.67455,546719.58127345
1984-08-17,3.73207,3.76113,3.69382,3.73207,3.73207,406372.62365689
1984-08-20,3.76113,3.82855,3.75135,3.79958,3.79958,751933.4259604
1984-08-21,3.79958,3.91523,3.79958,3.90544,3.90544,1916167.2774828
1984-08-22,3.8669,3.8669,3.75135,3.79009,3.79009,2963447.691725
1984-08-23,3.73207,3.73207,3.65529,3.65529,3.65529,1654815.8638407
1984-08-24,3.6359,3.65529,3.62621,3.6359,3.6359,1100299.7914458
1984-08-27,3.62621,3.69382,3.60714,3.69382,3.69382,291292.93430773
1984-08-28,3.68424,3.75135,3.67455,3.75135,3.75135,441927.29417234
1984-08-29,3.76113,3.79958,3.73207,3.73207,3.73207,1298651.9954909
1984-08-30,3.73207,3.76113,3.713,3.72278,3.72278,387036.19252346
1984-08-31,3.713,3.73207,3.68424,3.73207,3.73207,248877.63489338
1984-09-04,3.72278,3.72278,3.68424,3.68424,3.68424,314370.79084569
1984-09-05,3.64559,3.68424,3.6359,3.68424,3.68424,616892.04833879
1984-09-06,3.62621,3.68424,3.60714,3.6359,3.6359,680825.09667244
1984-09-07,3.6359,3.65529,3.55901,3.57828,3.57828,783123.43741819
1984-09-10,3.53024,3.64559,3.53024,3.6359,3.6359,689868.05510017
1984-09-11,3.65529,3.77072,3.62621,3.6359,3.6359,764719.83327854
1984-09-12,3.60714,3.69382,3.57828,3.65529,3.65529,509294.19805575
1984-09-13,3.68424,3.75135,3.68424,3.75135,3.75135,1253432.1446375
1984-09-14,3.80937,3.80937,3.73207,3.76113,3.76113,1387848.2651201
1984-09-17,3.77072,3.79009,3.73207,3.76113,3.76113,351483.5454939
1984-09-18,3.79958,3.83813,3.79009,3.80937,3.80937,905064.7674092
1984-09-19,3.79009,3.8669,3.79009,3.80937,3.80937,1231912.3722324
1984-09-20,3.83813,3.88616,3.80937,3.83813,3.83813,1270894.8278399
1984-09-21,3.83813,3.8669,3.72278,3.72278,3.72278,3111901.7455466
1984-09-24,3.72278,3.75135,3.69382,3.713,3.713,395148.3474433
1984-09-25,3.68424,3.79958,3.68424,3.76113,3.76113,472180.43166459
1984-09-26,3.76113,3.76113,3.68424,3.72278,3.72278,319050.10195872
1984-09-27,3.713,3.79009,3.713,3.79009,3.79009,1557508.4510347
1984-09-28,3.79009,3.79009,3.713,3.73207,3.73207,1543788.2049798
1984-10-01,3.72278,3.79958,3.72278,3.76113,3.76113,475610.24024257
1984-10-02,3.79009,3.8669,3.79009,3.79958,3.79958,324665.27529436
1984-10-03,3.77072,3.82855,3.76113,3.80937,3.80937,1189185.4559915
1984-10-04,3.80937,3.8669,3.80937,3.8669,3.8669,348987.57565264
1984-10-05,3.83813,3.84771,3.79958,3.79958,3.79958,1303955.5520001
1984-10-08,3.79009,3.79009,3.75135,3.77072,3.77072,173402.62306191
1984-10-09,3.79958,3.80937,3.77072,3.79009,3.79009,504304.2818591
1984-10-10,3.77072,3.80937,3.76113,3.80937,3.80937,343998.67119896
1984-10-11,3.79009,3.80937,3.77072,3.80937,3.80937,402006.95285631
1984-10-12,3.80937,3.87667,3.79958,3.83813,3.83813,900071.81598374
1984-10-15,3.82855,3.87667,3.80937,3.8669,3.8669,564185.29970463
1984-10-16,3.88616,3.94368,3.8669,3.94368,3.94368,350860.3118408
1984-10-17,3.94368,3.98223,3.90544,3.94368,3.94368,535489.23460219
1984-10-18,3.95348,3.98223,3.94368,3.98223,3.98223,809319.48570759
1984-10-19,3.99193,4.05923,3.96297,4.02088,4.02088,1820110.3789547
1984-10-22,3.96297,3.99193,3.94368,3.96297,3.96297,272889.33016806
1984-10-23,3.94368,3.99193,3.83813,3.91523,3.91523,345558.77881761
1984-10-24,3.91523,3.91523,3.80937,3.88616,3.88616,337140.06578593
1984-10-25,3.87667,3.87667,3.79958,3.80937,3.80937,233283.64090742
1984-10-26,3.79958,3.79958,3.75135,3.76113,3.76113,288486.35938286
1984-10-29,3.79009,3.84771,3.77072,3.83813,3.83813,263224.14983019
1984-10-30,3.83813,3.91523,3.79009,3.91523,3.91523,601299.06609578
1984-10-31,3.91523,3.94368,3.79009,3.80937,3.80937,728855.56942243
1984-11-01,3.83813,3.87667,3.79958,3.84771,3.84771,1282747.3964214
1984-11-02,3.84771,3.96297,3.79958,3.90544,3.90544,381423.04267372
1984-11-05,4.07861,4.07861,4.02088,4.05923,4.05923,817740.22222515
1984-11-06,4.03996,4.03996,3.96297,4.03996,4.03996,639970.91661971
1984-11-07,4.05923,4.05923,3.99193,4.03996,4.03996,486838.56342795
1984-11-08,4.02088,4.10746,4.00152,4.06872,4.06872,1287110.0319931
1984-11-09,4.07861,4.11705,4.06872,4.09787,4.09787,517090.68917725
1984-11-12,4.09787,4.10746,4.09787,4.10746,4.10746,361462.36614423
1984-11-13,4.10746,4.13633,4.09787,4.09787,4.09787,881052.06039158
1984-11-14,4.09787,4.09787,4.02088,4.03037,4.03037,943427.02459247
1984-11-15,4.03996,4.03996,3.94368,3.94368,3.94368,765967.31232769
1984-11-16,3.96297,3.99193,3.88616,3.94368,3.94368,967749.32495076
1984-11-19,3.92451,3.94368,3.90544,3.91523,3.91523,241082.15551481
1984-11-20,3.88616,4.02088,3.88616,3.98223,3.98223,394835.7188738
1984-11-21,3.96297,4.10746,3.96297,4.09787,4.09787,254801.38982674
1984-11-23,4.09787,4.18446,4.09787,4.17478,4.17478,507734.09043709
1984-11-26,4.17478,4.19404,4.1555,4.17478,4.17478,999563.58180461
1984-11-27,4.1555,4.27094,4.1555,4.25158,4.25158,1195421.8394943
1984-11-28,4.22282,4.26116,4.17478,4.19404,4.19404,685504.40778548
1984-11-29,4.1555,4.17478,4.11705,4.13633,4.13633,507425.50883936
1984-11-30,4.10746,4.11705,4.06872,4.11705,4.11705,376123.53313641
1984-12-03,4.10746,4.13633,4.07861,4.10746,4.10746,296282.85050436
1984-12-04,4.06872,4.10746,4.05923,4.09787,4.09787,329030.94609493
1984-12-05,4.09787,4.10746,4.05923,4.06872,4.06872,594437.42545394
1984-12-06,4.06872,4.10746,4.03996,4.10746,4.10746,807443.7142906
1984-12-07,4.03037,4.07861,4.03037,4.05923,4.05923,1642341.0733492
1984-12-10,4.05923,4.1555,4.05923,4.1555,4.1555,481537.03040476
1984-12-11,4.1555,4.21333,4.1555,4.21333,4.21333,204280.00595022
1984-12-12,4.19404,4.23249,4.19404,4.22282,4.22282,317802.62290956
1984-12-13,4.18446,4.19404,4.14591,4.1555,4.1555,251058.95267927
1984-12-14,4.18446,4.22282,4.17478,4.19404,4.19404,393898.84490825
1984-12-17,4.18446,4.25158,4.18446,4.23249,4.23249,337763.29943905
1984-12-18,4.29022,4.37671,4.27094,4.37671,4.37671,1387848.2651201
1984-12-19,4.37671,4.38629,4.34785,4.36691,4.36691,527381.12665413
1984-12-20,4.36691,4.42504,4.36691,4.40576,4.40576,706713.57510707
1984-12-21,4.41525,4.46339,4.40576,4.45389,4.45389,756927.3891288
1984-12-24,4.48256,4.48256,4.40576,4.40576,4.40576,232036.16185827
1984-12-26,4.41525,4.42504,4.40576,4.41525,4.41525,242327.61107809
1984-12-27,4.41525,4.48256,4.41525,4.45389,4.45389,359280.03661542
1984-12-28,4.45389,4.5307,4.45389,4.5307,4.5307,653070.96425029
1984-12-31,4.54047,4.55946,4.52121,4.54047,4.54047,286926.2517642
1985-01-02,4.5307,4.5307,4.50184,4.5307,4.5307,349927.48484702
1985-01-03,4.52121,4.55946,4.50184,4.52121,4.52121,532996.29998976
1985-01-04,4.50184,4.54047,4.46339,4.48256,4.48256,383920.02425793
1985-01-07,4.50184,4.52121,4.48256,4.50184,4.50184,128803.9823758
1985-01-08,4.49205,4.50184,4.46339,4.46339,4.46339,243574.0783843
1985-01-09,4.46339,4.48256,4.45389,4.46339,4.46339,192426.42562585
1985-01-10,4.49205,4.52121,4.45389,4.50184,4.50184,593190.95814772
1985-01-11,4.48256,4.60739,4.48256,4.57853,4.57853,660866.44362885
1985-01-14,4.55946,4.68439,4.54047,4.6749,4.6749,755675.86310787
1985-01-15,4.68439,4.68439,4.63645,4.6749,4.6749,948414.91730322
1985-01-16,4.65563,4.76159,4.65563,4.76159,4.76159,917226.9293313
1985-01-17,4.79035,4.79035,4.73262,4.79035,4.79035,817118.00031498
1985-01-18,4.79993,4.91538,4.79993,4.88662,4.88662,1527569.9655977
1985-01-21,4.85785,4.85785,4.77127,4.79993,4.79993,1084704.7857169
1985-01-22,4.71335,4.75209,4.68439,4.69408,4.69408,1280564.0551495
1985-01-23,4.71335,4.76159,4.64614,4.73262,4.73262,694861.00652564
1985-01-24,4.79993,4.79993,4.75209,4.79035,4.79035,646207.30012256
1985-01-25,4.77127,4.79993,4.76159,4.79035,4.79035,233906.87456053
1985-01-28,4.77127,4.80962,4.76159,4.79035,4.79035,909742.05503635
1985-01-29,4.76159,4.82899,4.73262,4.82899,4.82899,265720.11967144
1985-01-30,4.82899,4.84827,4.75209,4.76159,4.76159,386413.9706133
1985-01-31,4.68439,4.72324,4.6749,4.71335,4.71335,1441492.8994629
1985-02-01,4.68439,4.69408,4.65563,4.68439,4.68439,357721.95248264
1985-02-04,4.6749,4.79035,4.6749,4.79035,4.79035,1392214.9476637
1985-02-05,4.80962,4.90569,4.80962,4.85785,4.85785,1701595.8223128
1985-02-06,4.85785,5.01156,4.85785,4.98249,4.98249,2291666.5652232
1985-02-07,4.91538,4.91538,4.80962,4.80962,4.80962,6672280.809081
1985-02-08,4.80962,4.85785,4.79035,4.85785,4.85785,408246.37158799
1985-02-11,4.83867,4.83867,4.77127,4.79993,4.79993,1090944.2044486
1985-02-12,4.76159,4.79035,4.71335,4.71335,4.71335,316242.5152909
1985-02-13,4.73262,4.85785,4.72324,4.84827,4.84827,1237838.1506516
1985-02-14,4.83867,4.85785,4.79993,4.82899,4.82899,942800.75571053
1985-02-15,4.82899,4.91538,4.80962,4.90569,4.90569,1156749.9889704
1985-02-19,4.93475,4.96332,4.87703,4.95392,4.95392,1909619.2771534
1985-02-20,4.95392,4.99227,4.91538,4.98249,4.98249,909431.44995274
1985-02-21,4.96332,4.96332,4.91538,4.91538,4.91538,389844.79093423
1985-02-22,4.93475,4.96332,4.91538,4.95392,4.95392,1167662.6483575
1985-02-25,4.93475,4.98249,4.92497,4.98249,4.98249,215506.30564971
1985-02-26,4.96332,5.01156,4.96332,4.98249,4.98249,1200099.1271214
1985-02-27,4.96332,4.99227,4.96332,4.99227,4.99227,1368511.8339868
1985-02-28,4.98249,5.07886,4.96332,5.07886,5.07886,440993.45543562
1985-03-01,5.05978,5.20399,5.05978,5.19411,5.19411,634045.13820047
1985-03-04,5.20399,5.20399,5.08845,5.08845,5.08845,374874.03060137
1985-03-05,5.1174,5.14636,5.06927,5.08845,5.08845,614395.06675459
1985-03-06,5.08845,5.1174,5.01156,5.04061,5.04061,3804891.0276271
1985-03-07,4.93475,5.04061,4.92497,4.95392,4.95392,3648952.0995104
1985-03-08,4.93475,4.98249,4.91538,4.93475,4.93475,746631.8929372
1985-03-11,4.92497,4.95392,4.88662,4.90569,4.90569,165605.12019747
1985-03-12,4.87703,5.06927,4.87703,5.06927,5.06927,1915545.0555726
1985-03-13,5.06927,5.08845,4.99227,5.00186,5.00186,482472.89262737
1985-03-14,4.98249,4.99227,4.96332,4.96332,4.96332,998001.45070007
1985-03-15,4.96332,5.00186,4.95392,4.99227,4.99227,668977.58680574
1985-03-18,4.98249,5.01156,4.96332,4.96332,4.96332,586327.29401998
1985-03-19,4.99227,5.00186,4.96332,4.98249,4.98249,413236.28778463
1985-03-20,4.96332,4.96332,4.88662,4.88662,4.88662,421655.0008163
1985-03-21,4.88662,4.93475,4.87703,4.92497,4.92497,528629.61744624
1985-03-22,4.92497,4.92497,4.87703,4.88662,4.88662,439435.37130286
1985-03-25,4.88662,4.92497,4.88662,4.91538,4.91538,139720.68873463
1985-03-26,4.91538,4.92497,4.90569,4.92497,4.92497,364583.59312449
1985-03-27,4.92497,4.98249,4.91538,4.96332,4.96332,111027.65886103
1985-03-28,4.96332,5.04061,4.92497,4.99227,4.99227,823976.60572799
1985-03-29,5.01156,5.10782,5.00186,5.08845,5.08845,608157.67150879
1985-04-01,5.07886,5.10782,5.06927,5.10782,5.10782,411365.57508236
1985-04-02,5.07886,5.1174,5.03082,5.06927,5.06927,379239.70140196
1985-04-03,5.06927,5.07886,4.90569,4.99227,4.99227,250437.74251203
1985-04-04,4.99227,4.99227,4.90569,4.95392,4.95392,284742.91049244
1985-04-08,4.95392,5.00186,4.92497,4.93475,4.93475,325909.71911467
1985-04-09,4.91538,4.98249,4.91538,4.91538,4.91538,275386.31175227
1985-04-10,4.93475,5.01156,4.93475,5.00186,5.00186,473117.30563015
1985-04-11,4.98249,5.08845,4.98249,5.00186,5.00186,324976.89212091
1985-04-12,5.01156,5.01156,4.98249,4.99227,4.99227,279128.74889975
1985-04-15,5.00186,5.03082,4.96332,5.03082,5.03082,449723.78529384
1985-04-16,5.05978,5.06927,4.93475,4.98249,4.98249,261666.06569741
1985-04-17,4.96332,4.98249,4.92497,4.95392,4.95392,221741.67740962
1985-04-18,5.01156,5.08845,5.01156,5.08845,5.08845,626558.24041963
1985-04-19,5.08845,5.1174,5.07886,5.10782,5.10782,714508.04274269
1985-04-22,5.10782,5.18492,5.10782,5.18492,5.18492,717314.61766755
1985-04-23,5.15595,5.3482,5.15595,5.30995,5.30995,814622.03047372
1985-04-24,5.3386,5.51158,5.3386,5.50228,5.50228,1228168.9233419
1985-04-25,5.53095,5.65608,5.53095,5.62722,5.62722,1243760.8938421
1985-04-26,5.57929,5.58886,5.45406,5.45406,5.45406,225486.13804298
1985-04-29,5.45406,5.45406,5.3482,5.3482,5.3482,274451.4612726
1985-04-30,5.3482,5.3482,5.23296,5.26172,5.26172,421032.77890613
1985-05-01,5.24243,5.26172,5.19411,5.19411,5.19411,251058.95267927
1985-05-02,5.18492,5.30007,5.18492,5.30007,5.30007,480911.77326577
1985-05-03,5.31934,5.60815,5.31934,5.54073,5.54073,870444.94737342
1985-05-06,5.57929,5.6464,5.54073,5.55022,5.55022,665230.09094355
1985-05-07,5.53095,5.55022,5.50228,5.51158,5.51158,240768.51520237
1985-05-08,5.51158,5.53095,5.46353,5.50228,5.50228,290979.29399529
1985-05-09,5.50228,5.58886,5.49241,5.58886,5.58886,823976.60572799
1985-05-10,5.62722,5.66567,5.54073,5.65608,5.65608,787486.07298995
1985-05-13,5.62722,5.66567,5.57929,5.57929,5.57929,742267.23387956
1985-05-14,5.57929,5.58886,5.51158,5.53095,5.53095,439435.37130286
1985-05-15,5.51158,5.53095,5.42529,5.46353,5.46353,1097492.2047781
1985-05-16,5.43498,5.5696,5.43498,5.55022,5.55022,852357.0070321
1985-05-17,5.51158,5.66567,5.51158,5.57929,5.57929,964321.53985867
1985-05-20,5.65608,5.70422,5.6464,5.68494,5.68494,1017652.5338889
1985-05-21,5.66567,5.84842,5.66567,5.84842,5.84842,979914.52210168
1985-05-22,5.81976,5.81976,5.65608,5.68494,5.68494,966817.50969993
1985-05-23,5.68494,5.80049,5.68494,5.77153,5.77153,949350.77952582
1985-05-24,5.77153,5.83893,5.76165,5.83893,5.83893,780624.43234811
1985-05-28,5.84842,5.85821,5.76165,5.78091,5.78091,294409.10257327
1985-05-29,5.80049,5.80049,5.6464,5.68494,5.68494,1729977.2353598
1985-05-30,5.68494,5.69463,5.6464,5.6464,5.6464,455650.57545603
1985-05-31,5.66567,5.72339,5.62722,5.65608,5.65608,414171.13826429
1985-06-03,5.70422,5.70422,5.6464,5.66567,5.66567,683633.69508321
1985-06-04,5.68494,5.72339,5.68494,5.70422,5.70422,262288.28760758
1985-06-05,5.73308,5.80997,5.66567,5.74247,5.74247,724488.88687889
1985-06-06,5.72339,5.72339,5.58886,5.72339,5.72339,383920.02425793
1985-06-07,5.74247,5.80049,5.74247,5.77153,5.77153,573537.85147302
1985-06-10,5.76165,5.76165,5.68494,5.69463,5.69463,257298.37141093
1985-06-11,5.70422,5.74247,5.70422,5.72339,5.72339,326533.96451073
1985-06-12,5.74247,5.74247,5.65608,5.69463,5.69463,230478.07772549
1985-06-13,5.68494,5.70422,5.60815,5.62722,5.62722,217377.01835197
1985-06-14,5.65608,5.76165,5.65608,5.72339,5.72339,438497.48559436
1985-06-17,5.72339,5.77153,5.69463,5.74247,5.74247,480602.17992509
1985-06-18,5.77153,5.83893,5.77153,5.83893,5.83893,499002.74883593
1985-06-19,5.83893,5.85821,5.78091,5.80997,5.80997,576970.69527982
1985-06-20,5.83893,5.85821,5.78091,5.81976,5.81976,592565.70100873
1985-06-21,5.83893,5.99293,5.77153,5.96397,5.96397,582272.22830301
1985-06-24,5.92542,5.93501,5.81976,5.81976,5.81976,469685.47356628
1985-06-25,5.91573,5.92542,5.87758,5.91573,5.91573,294723.75462865
1985-06-26,5.89676,5.99293,5.88707,5.96397,5.96397,744134.911353
1985-06-27,6.00261,6.04066,5.96397,6.04066,6.04066,437560.61162881
1985-06-28,6.04066,6.11786,6.0122,6.07911,6.07911,316242.5152909
1985-07-01,6.07911,6.089,5.99293,6.089,6.089,439120.71924747
1985-07-02,6.089,6.089,6.00261,6.03127,6.03127,718873.71354327
1985-07-03,6.0122,6.0122,5.96397,5.96397,5.96397,669908.39031363
1985-07-05,5.97365,5.97365,5.96397,5.97365,5.97365,417289.33001571
1985-07-08,5.96397,5.96397,5.88707,5.93501,5.93501,598487.43245619
1985-07-09,5.93501,6.00261,5.93501,5.99293,5.99293,286615.64668058
1985-07-10,5.99293,6.06962,5.99293,6.05035,6.05035,860153.4981536
1985-07-11,6.05035,6.06962,6.00261,6.0122,6.0122,1705961.4931134
1985-07-12,6.04066,6.11786,6.04066,6.089,6.089,566368.64097639
1985-07-15,6.04066,6.089,6.03127,6.05035,6.05035,318737.47338922
1985-07-16,6.06962,6.12744,6.05035,6.12744,6.12744,530813.97046094
1985-07-17,6.12744,6.18517,6.11786,6.18517,6.18517,746943.50976375
1985-07-18,6.18517,6.18517,6.089,6.11786,6.11786,821170.03080313
1985-07-19,6.089,6.16589,6.089,6.16589,6.16589,324665.27529436
1985-07-22,6.14663,6.14663,6.089,6.10828,6.10828,509606.82662525
1985-07-23,6.089,6.089,5.96397,5.99293,5.99293,1132108.989585
1985-07-24,5.99293,5.99293,5.80997,5.87758,5.87758,462514.23958376
1985-07-25,5.85821,5.85821,5.73308,5.80049,5.80049,566368.64097639
1985-07-26,5.78091,5.84842,5.77153,5.77153,5.77153,411365.57508236
1985-07-29,5.77153,5.77153,5.47323,5.55022,5.55022,1013597.4681719
1985-07-30,5.53095,5.55022,5.47323,5.47323,5.47323,978041.78591353
1985-07-31,5.47323,5.65608,5.42529,5.60815,5.60815,1000501.4675131
1985-08-01,5.61754,5.72339,5.60815,5.70422,5.70422,1230977.5217528
1985-08-02,5.70422,5.74247,5.68494,5.68494,5.68494,363648.74264483
1985-08-05,5.69463,5.69463,5.60815,5.6464,5.6464,515531.59330154
1985-08-06,5.61754,5.62722,5.55022,5.55022,5.55022,897578.88137131
1985-08-07,5.60815,5.60815,5.55022,5.60815,5.60815,599738.95847712
1985-08-08,5.60815,5.80997,5.60815,5.80997,5.80997,1083147.7133271
1985-08-09,5.77153,5.78091,5.74247,5.76165,5.76165,165294.51511385
1985-08-12,5.76165,5.76165,5.72339,5.73308,5.73308,173092.01797831
1985-08-13,5.72339,5.77153,5.72339,5.72339,5.72339,221741.67740962
1985-08-14,5.73308,5.76165,5.73308,5.73308,5.73308,133170.66491934
1985-08-15,5.73308,5.76165,5.72339,5.74247,5.74247,268525.68285337
1985-08-16,5.72339,5.74247,5.69463,5.69463,5.69463,488711.2996161
1985-08-19,5.72339,5.74247,5.69463,5.72339,5.72339,95119.012819684
1985-08-20,5.72339,5.72339,5.62722,5.68494,5.68494,253869.5745759
1985-08-21,5.65608,5.68494,5.60815,5.65608,5.65608,504926.50376928
1985-08-22,5.62722,5.62722,5.53095,5.53095,5.53095,265093.8507895
1985-08-23,5.53095,5.53095,5.47323,5.50228,5.50228,220810.87390172
1985-08-26,5.50228,5.55022,5.46353,5.55022,5.55022,281312.09017151
1985-08-27,5.54073,5.60815,5.54073,5.5696,5.5696,203652.72532533
1985-08-28,5.57929,5.6464,5.5696,5.6464,5.6464,511166.9342439
1985-08-29,5.68494,5.70422,5.66567,5.70422,5.70422,226734.62883507
1985-08-30,5.73308,5.73308,5.69463,5.69463,5.69463,194924.418953
1985-09-03,5.69463,5.70422,5.62722,5.62722,5.62722,134421.17919732
1985-09-04,5.65608,5.66567,5.58886,5.60815,5.60815,106350.37123389
1985-09-05,5.60815,5.62722,5.60815,5.60815,5.60815,2396144.200269
1985-09-06,5.60815,5.61754,5.55022,5.60815,5.60815,221121.47898533
1985-09-09,5.58886,5.62722,5.57929,5.60815,5.60815,290356.06034217
1985-09-10,5.61754,5.6464,5.58886,5.60815,5.60815,525823.04252137
1985-09-11,5.60815,5.61754,5.47323,5.47323,5.47323,183383.46719812
1985-09-12,5.50228,5.57929,5.50228,5.50228,5.50228,570108.04289504
1985-09-13,5.47323,5.50228,5.39643,5.45406,5.45406,386413.9706133
1985-09-16,5.42529,5.49241,5.42529,5.45406,5.45406,512100.77298062
1985-09-17,5.45406,5.45406,5.4156,5.43498,5.43498,277882.28159354
1985-09-18,5.42529,5.50228,5.42529,5.46353,5.46353,200223.9284903
1985-09-19,5.46353,5.53095,5.4156,5.51158,5.51158,266966.58697766
1985-09-20,5.50228,5.5696,5.50228,5.53095,5.53095,661177.04871246
1985-09-23,5.55022,5.60815,5.55022,5.60815,5.60815,254801.38982674
1985-09-24,5.57929,5.62722,5.5696,5.5696,5.5696,571979.76734024
1985-09-25,5.42529,5.42529,5.35789,5.38685,5.38685,937500.23443028
1985-09-26,5.37725,5.43498,5.37725,5.42529,5.42529,410740.31794337
1985-09-30,5.53095,5.54073,5.50228,5.53095,5.53095,763160.73740281
1985-10-01,5.53095,5.58886,5.53095,5.58886,5.58886,633108.26423491
1985-10-02,5.58886,5.60815,5.53095,5.54073,5.54073,290979.29399529
1985-10-03,5.5696,5.5696,5.53095,5.53095,5.53095,504926.50376928
1985-10-04,5.50228,5.53095,5.47323,5.51158,5.51158,286615.64668058
1985-10-07,5.53095,5.53095,5.43498,5.43498,5.43498,532686.7066491
1985-10-08,5.43498,5.47323,5.4156,5.47323,5.47323,411365.57508236
1985-10-09,5.45406,5.57929,5.45406,5.5696,5.5696,347118.88643627
1985-10-10,5.57929,5.57929,5.55022,5.57929,5.57929,102295.30551691
1985-10-11,5.5696,5.70422,5.5696,5.70422,5.70422,620943.06708399
1985-10-14,5.68494,5.80997,5.65608,5.80997,5.80997,565121.16192723
1985-10-15,5.80997,5.84842,5.77153,5.81976,5.81976,575411.59940411
1985-10-16,5.81976,5.96397,5.80997,5.93501,5.93501,406062.01857329
1985-10-17,5.92542,5.93501,5.83893,5.91573,5.91573,358657.81470525
1985-10-18,5.88707,5.88707,5.80049,5.81976,5.81976,195859.26943265
1985-10-21,5.80997,5.81976,5.68494,5.68494,5.68494,232347.77868482
1985-10-22,5.66567,5.83893,5.66567,5.83893,5.83893,254489.77300018
1985-10-23,5.85821,5.89676,5.84842,5.87758,5.87758,476233.47389568
1985-10-24,5.88707,5.95428,5.87758,5.89676,5.89676,760665.77930451
1985-10-25,5.89676,5.89676,5.81976,5.83893,5.83893,193363.2995914
1985-10-28,5.83893,5.85821,5.76165,5.85821,5.85821,268525.68285337
1985-10-29,5.85821,5.92542,5.85821,5.91573,5.91573,94187.197568853
1985-10-30,5.91573,5.96397,5.91573,5.95428,5.95428,309380.87464906
1985-10-31,5.95428,6.04066,5.93501,5.96397,5.96397,1080028.5098327
1985-11-01,6.04066,6.06962,5.96397,6.06962,6.06962,1091567.4381017
1985-11-04,6.089,6.27166,6.089,6.24289,6.24289,1256861.9532155
1985-11-05,6.24289,6.3103,6.22361,6.24289,6.24289,1130553.940681
1985-11-06,6.28135,6.30071,6.24289,6.26206,6.26206,654314.39632767
1985-11-07,6.27166,6.27166,6.22361,6.27166,6.27166,267901.43745733
1985-11-08,6.27166,6.31999,6.22361,6.31999,6.31999,1035429.8691466
1985-11-11,6.31999,6.42564,6.31999,6.41596,6.41596,847053.45052301
1985-11-12,6.43533,6.46399,6.34854,6.34854,6.34854,590070.74291041
1985-11-13,6.34854,6.35834,6.24289,6.3103,6.3103,379239.70140196
1985-11-14,6.28135,6.34854,6.28135,6.33916,6.33916,455027.34180292
1985-11-15,6.33916,6.33916,6.24289,6.27166,6.27166,1134606.9829121
1985-11-18,6.26206,6.30071,6.24289,6.30071,6.30071,326846.59308022
1985-11-19,6.30071,6.3103,6.20434,6.22361,6.22361,325598.10228812
1985-11-20,6.20434,6.27166,6.20434,6.24289,6.24289,389844.79093423
1985-11-21,6.26206,6.30071,6.26206,6.30071,6.30071,441616.68908873
1985-11-22,6.27166,6.36803,6.27166,6.34854,6.34854,633108.26423491
1985-11-25,6.39668,6.39668,6.23331,6.24289,6.24289,291917.17970378
1985-11-26,6.26206,6.3103,6.24289,6.27166,6.27166,319050.10195872
1985-11-27,6.30071,6.39668,6.26206,6.39668,6.39668,480911.77326577
1985-11-29,6.42564,6.44482,6.36803,6.41596,6.41596,254489.77300018
1985-12-02,6.41596,6.43533,6.3103,6.3103,6.3103,263224.14983019
1985-12-03,6.33916,6.36803,6.31999,6.36803,6.36803,228915.94662096
1985-12-04,6.39668,6.42564,6.34854,6.39668,6.39668,437247.98305931
1985-12-05,6.39668,6.44482,6.35834,6.35834,6.35834,451597.53322494
1985-12-06,6.34854,6.38719,6.28135,6.30071,6.30071,627495.11438517
1985-12-09,6.30071,6.33916,6.24289,6.30071,6.30071,780624.43234811
1985-12-10,6.30071,6.33916,6.28135,6.31999,6.31999,380490.21567994
1985-12-11,6.31999,6.36803,6.30071,6.34854,6.34854,669595.76174413
1985-12-12,6.34854,6.46399,6.31999,6.36803,6.36803,818674.06096186
1985-12-13,6.39668,6.46399,6.35834,6.39668,6.39668,777196.64725601
1985-12-16,6.42564,6.49286,6.36803,6.44482,6.44482,1069110.791731
1985-12-17,6.42564,6.43533,6.34854,6.36803,6.36803,647144.1740881
1985-12-18,6.35834,6.41596,6.31999,6.31999,6.31999,279752.9942958
1985-12-19,6.31999,6.38719,6.31999,6.34854,6.34854,426023.70684571
1985-12-20,6.34854,6.42564,6.30071,6.39668,6.39668,658683.10235708
1985-12-23,6.39668,6.39668,6.28135,6.39668,6.39668,658683.10235708
1985-12-24,6.41596,6.42564,6.31999,6.34854,6.34854,124750.94014471
1985-12-26,6.34854,6.35834,6.30071,6.35834,6.35834,79527.042319614
1985-12-27,6.36803,6.41596,6.34854,6.41596,6.41596,273830.25110539
1985-12-30,6.44482,6.50265,6.43533,6.47357,6.47357,392652.37760203
1985-12-31,6.50265,6.57964,6.50265,6.57964,6.57964,353666.88676567
1986-01-02,6.57964,6.58913,6.44482,6.44482,6.44482,402006.95285631
1986-01-03,6.49286,6.51222,6.44482,6.47357,6.47357,271020.64095168
1986-01-06,6.50265,6.59871,6.46399,6.55067,6.55067,283494.41970033
1986-01-07,6.56036,6.78137,6.56036,6.78137,6.78137,602232.9048325
1986-01-08,6.81052,6.88722,6.70467,6.70467,6.70467,641839.60583609
1986-01-09,6.67561,6.70467,6.57964,6.59871,6.59871,625623.38993996
1986-01-10,6.59871,6.59871,6.47357,6.50265,6.50265,310937.94703889
1986-01-13,6.55067,6.55067,6.52191,6.52191,6.52191,378306.87440818
1986-01-14,6.56036,6.65644,6.54119,6.55067,6.55067,717314.61766755
1986-01-15,6.57964,6.74312,6.56036,6.71426,6.71426,882611.15626729
1986-01-16,6.81052,6.81052,6.63725,6.66602,6.66602,712016.11987319
1986-01-17,6.70467,6.78137,6.66602,6.78137,6.78137,562312.56351647
1986-01-20,6.75281,6.79115,6.70467,6.75281,6.75281,308133.3955999
1986-01-21,6.79115,6.8201,6.75281,6.77207,6.77207,346497.67626904
1986-01-22,6.77207,6.79115,6.69498,6.69498,6.69498,196793.10816938
1986-01-23,6.69498,6.69498,6.57964,6.62748,6.62748,199289.07801064
1986-01-24,6.59871,6.66602,6.59871,6.66602,6.66602,871695.46165142
1986-01-27,6.66602,6.85845,6.66602,6.85845,6.85845,1278068.0853084
1986-01-28,6.9066,7.08945,6.9066,6.96412,6.96412,1845371.5767644
1986-01-29,7.1183,7.32014,7.1183,7.15666,7.15666,1393776.0670254
1986-01-30,7.13758,7.13758,6.52191,6.69498,6.69498,4090568.7885992
1986-01-31,6.39668,6.9066,6.39668,6.73372,6.73372,6158621.9519675
1986-02-03,6.75281,6.9066,6.75281,6.86815,6.86815,1380676.0193947
1986-02-04,6.86815,7.06039,6.86815,7.04122,7.04122,1998813.5232968
1986-02-05,7.08945,7.09904,7.01225,7.06039,7.06039,1447731.3064516
1986-02-06,7.08945,7.16645,7.08945,7.13758,7.13758,1528816.4329039
1986-02-07,7.16645,7.16645,7.01225,7.0509,7.0509,816179.10286355
1986-02-10,7.07976,7.15666,7.06039,7.1281,7.1281,547340.79144068
1986-02-11,7.1281,7.1281,7.06039,7.07976,7.07976,1157371.1991377
1986-02-12,7.07976,7.09904,6.94495,6.96412,6.96412,962761.43224002
1986-02-13,7.01225,7.02204,6.97381,7.01225,7.01225,656499.76108532
1986-02-14,7.01225,7.13758,6.97381,7.13758,7.13758,1241267.9592297
1986-02-18,7.21438,7.24334,7.16645,7.24334,7.24334,1045722.3301093
1986-02-19,7.28169,7.36818,7.23375,7.23375,7.23375,913797.12075332
1986-02-20,7.19521,7.21438,7.1183,7.19521,7.19521,633418.86931853
1986-02-21,7.16645,7.2721,7.16645,7.25313,7.25313,604729.88641671
1986-02-24,7.21438,7.24334,7.1281,7.15666,7.15666,763160.73740281
1986-02-25,7.1183,7.1183,6.93526,6.98349,6.98349,687999.36588379
1986-02-26,7.01225,7.02204,6.9066,6.98349,6.98349,471867.8030951
1986-02-27,7.00277,7.04122,6.88722,7.04122,7.04122,1063809.2587077
1986-02-28,7.08945,7.09904,6.97381,6.98349,6.98349,814308.39016128
1986-03-03,6.97381,6.98349,6.88722,6.94495,6.94495,1158930.2950133
1986-03-04,6.94495,7.02204,6.9066,6.93526,6.93526,836764.02478908
1986-03-05,6.9066,6.98349,6.9066,6.98349,6.98349,749439.47960501
1986-03-06,7.04122,7.08945,7.04122,7.06039,7.06039,665546.76648481
1986-03-07,7.00277,7.08945,7.00277,7.02204,7.02204,297839.92289419
1986-03-10,7.0509,7.08945,7.02204,7.07976,7.07976,428829.27002765
1986-03-11,7.13758,7.44537,7.13758,7.36818,7.36818,941865.90523087
1986-03-12,7.35859,7.46455,7.32953,7.32953,7.32953,731037.89895125
1986-03-13,7.3489,7.62793,7.29129,7.59907,7.59907,590690.94133469
1986-03-14,7.59907,7.85892,7.44537,7.85892,7.85892,1719686.7978829
1986-03-17,7.65698,7.74336,7.62793,7.65698,7.65698,614395.06675459
1986-03-18,7.68575,7.73388,7.67636,7.71471,7.71471,655563.89886272
1986-03-19,7.71471,7.87819,7.71471,7.8011,7.8011,640282.53344626
1986-03-20,7.83964,7.90704,7.78201,7.82027,7.82027,515531.59330154
1986-03-21,7.82995,7.82995,7.75306,7.75306,7.75306,930326.97696188
1986-03-24,7.75306,7.78201,7.54145,7.57989,7.57989,1673529.0613211
1986-03-25,7.57989,7.60865,7.42599,7.48382,7.48382,604729.88641671
1986-03-26,7.503,7.62793,7.503,7.59907,7.59907,1480477.3785562
1986-03-27,7.63772,7.70502,7.44537,7.47423,7.47423,1164233.8515225
1986-03-31,7.46455,7.47423,7.3489,7.43568,7.43568,396706.43157607
1986-04-01,7.503,7.52216,7.2721,7.29129,7.29129,592565.70100873
1986-04-02,7.2721,7.38735,7.24334,7.38735,7.38735,805576.03681717
1986-04-03,7.42599,7.42599,7.3489,7.3489,7.3489,691118.56937816
1986-04-04,7.36818,7.39703,7.32014,7.32953,7.32953,377058.38361608
1986-04-07,7.32953,7.32953,7.21438,7.21438,7.21438,774389.0605882
1986-04-08,7.24334,7.36818,7.21438,7.36818,7.36818,536114.49174119
1986-04-09,7.44537,7.44537,7.21438,7.21438,7.21438,657747.24013448
1986-04-10,7.2721,7.31055,7.08945,7.1281,7.1281,1309880.3186762
1986-04-11,7.15666,7.24334,7.1281,7.21438,7.21438,975238.24621749
1986-04-14,7.24334,7.29129,7.24334,7.25313,7.25313,440057.59321301
1986-04-15,7.25313,7.25313,7.2048,7.21438,7.21438,691118.56937816
1986-04-16,7.29129,7.29129,7.23375,7.28169,7.28169,478418.83865333
1986-04-17,7.2721,7.2721,7.19521,7.25313,7.25313,537362.9825333
1986-04-18,7.24334,7.25313,7.1281,7.15666,7.15666,555450.92287462
1986-04-21,7.15666,7.16645,7.09904,7.1281,7.1281,551708.48572715
1986-04-22,7.09904,7.1183,6.97381,6.98349,6.98349,609094.54547434
1986-04-23,7.01225,7.01225,6.8201,6.8298,6.8298,939060.34204894
1986-04-24,6.85845,6.89691,6.79115,6.79115,6.79115,539856.92888866
1986-04-25,6.8201,6.84898,6.75281,6.81052,6.81052,475610.24024257
1986-04-28,6.84898,6.84898,6.66602,6.73372,6.73372,654314.39632767
1986-04-29,6.74312,6.74312,6.57964,6.63725,6.63725,773765.82693508
1986-04-30,6.65644,6.65644,6.39668,6.39668,6.39668,749127.86277846
1986-05-01,6.39668,6.55067,6.39668,6.49286,6.49286,1224114.8693679
1986-05-02,6.51222,6.59871,6.49286,6.54119,6.54119,671158.90459162
1986-05-05,6.56036,6.70467,6.56036,6.59871,6.59871,667104.85061759
1986-05-06,6.65644,6.67561,6.57964,6.62748,6.62748,866080.28831579
1986-05-07,6.62748,6.62748,6.47357,6.52191,6.52191,562000.94668992
1986-05-08,6.52191,6.55067,6.46399,6.46399,6.46399,504304.2818591
1986-05-09,6.47357,6.56036,6.42564,6.52191,6.52191,668037.67761136
1986-05-12,6.55067,6.55067,6.44482,6.46399,6.46399,563247.41399614
1986-05-13,6.49286,6.49286,6.43533,6.43533,6.43533,1023265.6837386
1986-05-14,6.44482,6.44482,6.39668,6.44482,6.44482,486215.32977484
1986-05-15,6.42564,6.43533,6.34854,6.35834,6.35834,814622.03047372
1986-05-16,6.34854,6.34854,6.22361,6.23331,6.23331,580401.51560075
1986-05-19,6.24289,6.3103,6.24289,6.28135,6.28135,326846.59308022
1986-05-20,6.27166,6.44482,6.27166,6.3775,6.3775,569174.20415832
1986-05-21,6.38719,6.39668,6.34854,6.38719,6.38719,4062186.3638092
1986-05-22,6.39668,6.47357,6.39668,6.47357,6.47357,2060877.8824141
1986-05-23,6.50265,6.58913,6.50265,6.54119,6.54119,1444299.4743877
1986-05-27,6.55067,6.70467,6.55067,6.70467,6.70467,759106.68342879
1986-05-28,6.75281,6.88722,6.75281,6.8201,6.8201,1526321.4748057
1986-05-29,6.8201,6.84898,6.74312,6.8201,6.8201,1060380.4618727
1986-05-30,6.79115,6.84898,6.77207,6.78137,6.78137,825534.68986076
1986-06-02,6.81052,6.81052,6.47357,6.55067,6.55067,542975.12064009
1986-06-03,6.55067,6.55067,6.41596,6.46399,6.46399,2199665.7441549
1986-06-04,6.51222,6.54119,6.47357,6.51222,6.51222,1719372.1458275
1986-06-05,6.50265,6.52191,6.42564,6.46399,6.46399,906313.25820131
1986-06-06,6.31999,6.35834,6.26206,6.31999,6.31999,1104665.4622464
1986-06-09,6.22361,6.26206,6.15622,6.22361,6.22361,1489207.7084144
1986-06-10,6.24289,6.26206,6.04066,6.07911,6.07911,2274826.103931
1986-06-11,6.089,6.18517,6.04066,6.10828,6.10828,2256735.1283608
1986-06-12,6.10828,6.11786,6.06962,6.10828,6.10828,1217252.2169832
1986-06-13,6.24289,6.3103,6.20434,6.28135,6.28135,932818.89983137
1986-06-16,6.30071,6.31999,6.26206,6.26206,6.26206,522390.19871455
1986-06-17,6.26206,6.26206,6.14663,6.18517,6.18517,476233.47389568
1986-06-18,6.18517,6.30071,6.15622,6.24289,6.24289,724178.28179529
1986-06-19,6.24289,6.35834,6.22361,6.27166,6.27166,618761.74929811
1986-06-20,6.30071,6.42564,6.22361,6.42564,6.42564,559815.58193227
1986-06-23,6.3775,6.3775,6.24289,6.24289,6.24289,349300.20422213
1986-06-24,6.24289,6.34854,6.20434,6.27166,6.27166,481537.03040476
1986-06-25,6.28135,6.47357,6.28135,6.41596,6.41596,1451783.3369397
1986-06-26,6.43533,6.50265,6.42564,6.42564,6.42564,868263.62958755
1986-06-27,6.44482,6.47357,6.43533,6.46399,6.46399,464071.31197358
1986-06-30,6.47357,6.54119,6.44482,6.49286,6.49286,471243.55769904
1986-07-01,6.50265,6.55067,6.49286,6.52191,6.52191,500872.44979525
1986-07-02,6.54119,6.54119,6.51222,6.54119,6.54119,584767.18640133
1986-07-03,6.55067,6.57964,6.52191,6.55067,6.55067,917536.52267197
1986-07-07,6.56036,6.56036,6.44482,6.46399,6.46399,683633.69508321
1986-07-08,6.35834,6.39668,6.31999,6.34854,6.34854,1051957.7018693
1986-07-09,6.3775,6.39668,6.33916,6.34854,6.34854,744134.911353
1986-07-10,6.35834,6.42564,6.3103,6.34854,6.34854,898204.1385103
1986-07-11,6.3775,6.44482,6.35834,6.38719,6.38719,442551.53956839
1986-07-14,6.42564,6.43533,6.3775,6.39668,6.39668,455027.34180292
1986-07-15,6.3775,6.43533,6.34854,6.35834,6.35834,783432.01901592
1986-07-16,6.34854,6.43533,6.34854,6.42564,6.42564,717314.61766755
1986-07-17,6.42564,6.43533,6.38719,6.41596,6.41596,310937.94703889
1986-07-18,6.38719,6.43533,6.34854,6.39668,6.39668,743512.68944283
1986-07-21,6.3775,6.38719,6.28135,6.30071,6.30071,462822.82118148
1986-07-22,6.30071,6.34854,6.22361,6.31999,6.31999,568549.95876226
1986-07-23,6.31999,6.43533,6.3103,6.41596,6.41596,628117.33629533
1986-07-24,6.39668,6.44482,6.34854,6.38719,6.38719,1294908.5466005
1986-07-25,6.39668,6.39668,6.34854,6.39668,6.39668,951845.73762414
1986-07-28,6.42564,6.47357,6.27166,6.30071,6.30071,732908.61165351
1986-07-29,6.28135,6.31999,6.27166,6.31999,6.31999,620943.06708399
1986-07-30,6.30071,6.30071,6.20434,6.27166,6.27166,833645.83303766
1986-07-31,6.23331,6.28135,6.22361,6.27166,6.27166,1112150.3365414
1986-08-01,6.27166,6.3103,6.20434,6.22361,6.22361,818051.8390517
1986-08-04,6.20434,6.23331,6.15622,6.22361,6.22361,916603.69567819
1986-08-05,6.22361,6.22361,6.14663,6.19476,6.19476,1161739.9051671
1986-08-06,6.19476,6.23331,6.18517,6.22361,6.22361,483407.74310702
1986-08-07,6.19476,6.22361,6.04066,6.089,6.089,1959830.0559463
1986-08-08,6.12744,6.12744,5.96397,5.96397,5.96397,1427458.0013526
1986-08-11,5.99293,6.089,5.99293,6.089,6.089,538923.09015195
1986-08-12,6.089,6.089,6.0122,6.04066,6.04066,2465380.8051116
1986-08-13,6.04066,6.14663,6.0122,6.10828,6.10828,1689434.6721336
1986-08-14,6.11786,6.23331,6.10828,6.22361,6.22361,980851.39606723
1986-08-15,6.24289,6.28135,6.16589,6.19476,6.19476,918163.80329685
1986-08-18,6.19476,6.19476,6.05035,6.12744,6.12744,1042912.7199557
1986-08-19,6.10828,6.11786,6.0122,6.04066,6.04066,1631424.3669904
1986-08-20,6.04066,6.07911,5.99293,6.06962,6.06962,1636726.9117566
1986-08-21,6.089,6.14663,6.05035,6.07911,6.07911,1072542.6237949
1986-08-22,6.06962,6.089,6.0122,6.05035,6.05035,1444923.7197837
1986-08-25,6.05035,6.06962,5.99293,5.99293,5.99293,1373190.1333569
1986-08-26,5.99293,6.07911,5.97365,6.07911,6.07911,1821667.4513445
1986-08-27,6.06962,6.23331,6.04066,6.23331,6.23331,1537549.797991
1986-08-28,6.26206,6.33916,6.22361,6.3103,6.3103,746007.64754115
1986-08-29,6.33916,6.46399,6.31999,6.42564,6.42564,1633920.3368316
1986-09-02,6.39668,6.42564,6.31999,6.31999,6.31999,828032.68318791
1986-09-03,6.31999,6.33916,6.20434,6.30071,6.30071,848302.95305806
1986-09-04,6.28135,6.31999,6.22361,6.31999,6.31999,757858.19263669
1986-09-05,6.30071,6.31999,6.22361,6.26206,6.26206,1167976.2886699
1986-09-08,6.10828,6.18517,6.089,6.10828,6.10828,1380985.6127353
1986-09-09,6.14663,6.18517,6.04066,6.05035,6.05035,790293.65965777
1986-09-10,6.06962,6.07911,5.99293,6.0122,6.0122,799649.24665499
1986-09-11,6.0122,6.0122,5.76165,5.92542,5.92542,1257175.593528
1986-09-12,5.93501,5.93501,5.76165,5.78091,5.78091,1356661.2888911
1986-09-15,5.80997,5.83893,5.68494,5.73308,5.73308,1062874.4082282
1986-09-16,5.66567,5.66567,5.58886,5.65608,5.65608,1567179.7018301
1986-09-17,5.70422,5.72339,5.60815,5.60815,5.60815,787486.07298995
1986-09-18,5.60815,5.70422,5.60815,5.70422,5.70422,822418.52159523
1986-09-19,5.70422,5.70422,5.57929,5.61754,5.61754,801520.97110019
1986-09-22,5.62722,5.68494,5.62722,5.65608,5.65608,584143.95274823
1986-09-23,5.66567,5.72339,5.62722,5.65608,5.65608,1335142.528229
1986-09-24,5.65608,5.69463,5.6464,5.66567,5.66567,871381.82133898
1986-09-25,5.66567,5.69463,5.57929,5.58886,5.58886,1447414.6309103
1986-09-26,5.57929,5.58886,5.54073,5.57929,5.57929,437247.98305931
1986-09-29,5.57929,5.57929,5.49241,5.53095,5.53095,629991.08422643
1986-09-30,5.54073,5.60815,5.53095,5.54073,5.54073,764719.83327854
1986-10-01,5.54073,5.68494,5.54073,5.68494,5.68494,901945.56391485
1986-10-02,5.68494,5.78091,5.66567,5.72339,5.72339,401073.11411959
1986-10-03,5.74247,5.76165,5.69463,5.70422,5.70422,439435.37130286
1986-10-06,5.69463,5.80997,5.69463,5.77153,5.77153,418227.21572421
1986-10-07,5.76165,5.78091,5.74247,5.77153,5.77153,604104.6292777
1986-10-08,5.76165,5.85821,5.74247,5.83893,5.83893,882921.7613509
1986-10-09,5.83893,5.83893,5.70422,5.73308,5.73308,513036.63520323
1986-10-10,5.73308,5.76165,5.6464,5.6464,5.6464,196793.10816938
1986-10-13,5.66567,5.68494,5.62722,5.66567,5.66567,251996.83838776
1986-10-14,5.65608,5.72339,5.6464,5.65608,5.65608,194297.13832811
1986-10-15,5.69463,5.76165,5.65608,5.72339,5.72339,2071480.9484605
1986-10-16,5.69463,5.69463,5.65608,5.68494,5.68494,848928.21019705
1986-10-17,5.65608,5.65608,5.58886,5.61754,5.61754,950598.25857497
1986-10-20,5.61754,5.61754,5.55022,5.61754,5.61754,294409.10257327
1986-10-21,5.60815,5.61754,5.55022,5.5696,5.5696,464383.94054308
1986-10-22,5.5696,5.57929,5.54073,5.5696,5.5696,524264.95838859
1986-10-23,5.57929,5.61754,5.5696,5.58886,5.58886,567302.47971311
1986-10-24,5.58886,5.58886,5.54073,5.55022,5.55022,411676.18016596
1986-10-27,5.54073,5.55022,5.53095,5.54073,5.54073,452844.00053116
1986-10-28,5.5696,5.57929,5.53095,5.54073,5.54073,459082.4075199
1986-10-29,5.53095,5.5696,5.50228,5.55022,5.55022,642777.49154458
1986-10-30,5.62722,5.65608,5.58886,5.65608,5.65608,1064434.5158468
1986-10-31,5.65608,5.69463,5.55022,5.58886,5.58886,1978543.2534267
1986-11-03,5.57929,5.58886,5.50228,5.50228,5.50228,1262474.0913224
1986-11-04,5.55022,5.55022,5.51158,5.54073,5.54073,1026696.5040595
1986-11-05,5.53095,5.58886,5.47323,5.55022,5.55022,1098739.6838272
1986-11-06,5.57929,5.57929,5.47323,5.50228,5.50228,822418.52159523
1986-11-07,5.50228,5.55022,5.49241,5.51158,5.51158,569797.43781142
1986-11-10,5.51158,5.53095,5.49241,5.49241,5.49241,503368.41963651
1986-11-11,5.49241,5.61754,5.49241,5.58886,5.58886,895707.15692611
1986-11-12,5.58886,5.58886,5.51158,5.54073,5.54073,541417.03650733
1986-11-13,5.53095,5.54073,5.45406,5.47323,5.47323,1083768.9234944
1986-11-14,5.47323,5.49241,5.39643,5.42529,5.42529,1308322.2345435
1986-11-17,5.37725,5.43498,5.3386,5.35789,5.35789,1106536.1749487
1986-11-18,5.3386,5.38685,5.2715,5.30007,5.30007,1623316.2590424
1986-11-19,5.28088,5.30007,5.23296,5.26172,5.26172,1222554.7617493
1986-11-20,5.30007,5.47323,5.30007,5.47323,5.47323,1385040.6784523
1986-11-21,5.42529,5.51158,5.4156,5.50228,5.50228,782499.19202214
1986-11-24,5.50228,5.68494,5.49241,5.61754,5.61754,1568112.528824
1986-11-25,5.5696,5.58886,5.53095,5.5696,5.5696,1062874.4082282
1986-11-26,5.58886,5.61754,5.5696,5.58886,5.58886,363959.34772844
1986-11-28,5.58886,5.60815,5.55022,5.60815,5.60815,194297.13832811
1986-12-01,5.57929,5.62722,5.51158,5.60815,5.60815,710142.3719421
1986-12-02,5.62722,5.83893,5.62722,5.83893,5.83893,1238771.9893883
1986-12-03,5.84842,5.92542,5.81976,5.87758,5.87758,600985.42578334
1986-12-04,5.87758,5.89676,5.84842,5.85821,5.85821,754741.01262821
1986-12-05,5.85821,5.89676,5.83893,5.85821,5.85821,636851.71312533
1986-12-08,5.80997,5.87758,5.78091,5.80997,5.80997,1756797.5290452
1986-12-09,5.83893,5.88707,5.80997,5.85821,5.85821,533932.16221238
1986-12-10,5.83893,5.89676,5.81976,5.88707,5.88707,536426.10856774
1986-12-11,5.88707,5.88707,5.76165,5.78091,5.78091,673027.593808
1986-12-12,5.80049,5.84842,5.78091,5.80049,5.80049,351483.5454939
1986-12-15,5.78091,5.80997,5.76165,5.78091,5.78091,812750.3060285
1986-12-16,5.78091,5.78091,5.69463,5.77153,5.77153,384853.86299464
1986-12-17,5.77153,5.77153,5.57929,5.60815,5.60815,998628.73132495
1986-12-18,5.58886,5.68494,5.55022,5.60815,5.60815,876061.132452
1986-12-19,5.62722,5.72339,5.57929,5.72339,5.72339,1066616.8453755
1986-12-22,5.68494,5.72339,5.53095,5.72339,5.72339,347430.50326282
1986-12-23,5.69463,5.69463,5.60815,5.62722,5.62722,697354.95288101
1986-12-24,5.62722,5.66567,5.62722,5.6464,5.6464,344933.52167862
1986-12-26,5.65608,5.65608,5.57929,5.6464,5.6464,201784.03610895
1986-12-29,5.65608,5.66567,5.60815,5.6464,5.6464,197416.34182248
1986-12-30,5.62722,5.66567,5.58886,5.62722,5.62722,281624.71874101
1986-12-31,5.6464,5.66567,5.60815,5.62722,5.62722,352733.04802895
1987-01-02,5.62722,5.74247,5.62722,5.74247,5.74247,220810.87390172
1987-01-05,5.77153,5.97365,5.76165,5.96397,5.96397,537987.22792935
1987-01-06,5.96397,5.99293,5.92542,5.92542,5.92542,733843.46213318
1987-01-07,5.93501,5.93501,5.83893,5.85821,5.85821,510228.03679246
1987-01-08,5.87758,6.06962,5.85821,6.06962,6.06962,952780.58810379
1987-01-09,6.06962,6.14663,5.76165,6.12744,6.12744,1069733.0136411
1987-01-12,6.12744,6.23331,6.11786,6.23331,6.23331,1694424.5883302
1987-01-13,6.22361,6.22361,6.16589,6.22361,6.22361,776884.01868651
1987-01-14,6.23331,6.27166,6.19476,6.20434,6.20434,1237213.9052556
1987-01-15,6.22361,6.22361,6.16589,6.19476,6.19476,1172031.3543869
1987-01-16,6.19476,6.19476,6.11786,6.15622,6.15622,1166105.5759676
1987-01-19,6.12744,6.15622,6.089,6.14663,6.14663,669908.39031363
1987-01-20,6.14663,6.18517,6.10828,6.12744,6.12744,1059443.5879072
1987-01-21,6.10828,6.16589,6.089,6.12744,6.12744,689557.45001657
1987-01-22,6.12744,6.22361,6.12744,6.19476,6.19476,544849.88031414
1987-01-23,6.22361,6.27166,6.04066,6.04066,6.04066,1316742.971061
1987-01-26,6.04066,6.10828,5.99293,6.089,6.089,568239.35367866
1987-01-27,6.16589,6.22361,6.11786,6.16589,6.16589,638721.41408466
1987-01-28,6.19476,6.20434,6.16589,6.19476,6.19476,1106536.1749487
1987-01-29,6.22361,6.22361,6.10828,6.11786,6.11786,1072542.6237949
1987-01-30,6.089,6.089,6.0122,6.06962,6.06962,507425.50883936
1987-02-02,6.07911,6.07911,5.73308,5.96397,5.96397,4865269.4660139
1987-02-03,5.99293,6.03127,5.89676,5.99293,5.99293,1516032.0490717
1987-02-04,6.00261,6.14663,6.00261,6.14663,6.14663,921905.22870138
1987-02-05,6.14663,6.26206,6.12744,6.24289,6.24289,1342941.0428364
1987-02-06,6.23331,6.38719,6.23331,6.30071,6.30071,948414.91730322
1987-02-09,6.31999,6.38719,6.24289,6.24289,6.24289,413859.52143773
1987-02-10,6.30071,6.30071,6.10828,6.11786,6.11786,601299.06609578
1987-02-11,6.12744,6.14663,6.05035,6.10828,6.10828,942490.15062692
1987-02-12,6.12744,6.22361,6.10828,6.20434,6.20434,702659.52113303
1987-02-13,6.24289,6.34854,6.18517,6.3103,6.3103,792789.62949903
1987-02-17,6.30071,6.56036,6.30071,6.54119,6.54119,1136789.3124409
1987-02-18,6.55067,6.62748,6.54119,6.58913,6.58913,1091567.4381017
1987-02-19,6.70467,6.73372,6.65644,6.70467,6.70467,1087823.9892112
1987-02-20,6.70467,6.71426,6.55067,6.71426,6.71426,784992.12663457
1987-02-23,6.71426,6.73372,6.59871,6.65644,6.65644,1103728.5882809
1987-02-24,6.67561,6.77207,6.67561,6.74312,6.74312,975547.83955816
1987-02-25,6.78137,6.86815,6.78137,6.8201,6.8201,1073165.8574479
1987-02-26,6.84898,6.84898,6.70467,6.73372,6.73372,504926.50376928
1987-02-27,6.73372,6.78137,6.70467,6.74312,6.74312,316867.77242989
1987-03-02,6.75281,6.78137,6.69498,6.73372,6.73372,570108.04289504
1987-03-03,6.73372,6.78137,6.71426,6.77207,6.77207,944983.08523935
1987-03-04,6.77207,6.81052,6.75281,6.79115,6.79115,1003928.2408622
1987-03-05,6.79115,6.8201,6.78137,6.81052,6.81052,745697.04245754
1987-03-06,6.79115,6.79115,6.65644,6.69498,6.69498,788423.95869844
1987-03-09,6.65644,6.66602,6.56036,6.65644,6.65644,2351857.1764094
1987-03-10,6.65644,6.77207,6.63725,6.71426,6.71426,991144.86877294
1987-03-11,6.73372,6.75281,6.66602,6.66602,6.66602,669908.39031363
1987-03-12,6.70467,6.70467,6.61799,6.62748,6.62748,570108.04289504
1987-03-13,6.65644,6.65644,6.55067,6.61799,6.61799,455027.34180292
1987-03-16,6.63725,6.63725,6.51222,6.56036,6.56036,542353.91047288
1987-03-17,6.58913,6.62748,6.57964,6.62748,6.62748,794660.34220129
1987-03-18,6.65644,6.65644,6.55067,6.58913,6.58913,532060.43776716
1987-03-19,6.57964,6.57964,6.52191,6.55067,6.55067,343998.67119896
1987-03-20,6.65644,6.71426,6.62748,6.71426,6.71426,1775823.355095
1987-03-23,6.69498,6.79115,6.62748,6.78137,6.78137,1345122.3606222
1987-03-24,6.78137,6.79115,6.75281,6.78137,6.78137,899140.00073291
1987-03-25,6.78137,6.78137,6.75281,6.78137,6.78137,1673839.6664047
1987-03-26,6.77207,6.78137,6.57964,6.65644,6.65644,666479.5934786
1987-03-27,6.66602,6.67561,6.50265,6.51222,6.51222,960890.71953774
1987-03-30,6.45441,6.46399,6.39668,6.43533,6.43533,1010789.8815041
1987-03-31,6.47357,6.47357,6.33916,6.34854,6.34854,1254679.6236867
1987-04-01,6.22361,6.34854,6.19476,6.30071,6.30071,900071.81598374
1987-04-02,6.34854,6.39668,6.23331,6.3103,6.3103,441616.68908873
1987-04-03,6.33916,6.45441,6.30071,6.45441,6.45441,382983.15029238
1987-04-06,6.47357,6.55067,6.45441,6.55067,6.55067,735403.56975183
1987-04-07,6.50265,6.59871,6.45441,6.45441,6.45441,436626.7728921
1987-04-08,6.45441,6.46399,6.38719,6.41596,6.41596,356787.10200298
1987-04-09,6.43533,6.43533,6.30071,6.3775,6.3775,450349.04243284
1987-04-10,6.34854,6.42564,6.34854,6.38719,6.38719,506174.99456138
1987-04-13,6.34854,6.34854,6.23331,6.24289,6.24289,962761.43224002
1987-04-14,6.22361,6.22361,6.04066,6.11786,6.11786,1262162.4744959
1987-04-15,6.16589,6.19476,6.07911,6.11786,6.11786,881983.87564241
1987-04-16,6.12744,6.16589,6.11786,6.11786,6.11786,936249.72015229
1987-04-20,6.16589,6.20434,6.0122,6.07911,6.07911,728855.56942243
1987-04-21,6.04066,6.16589,6.0122,6.14663,6.14663,1080028.5098327
1987-04-22,6.14663,6.14663,6.00261,6.00261,6.00261,518961.40187952
1987-04-23,6.05035,6.06962,5.97365,6.04066,6.04066,856722.67783268
1987-04-24,6.04066,6.05035,6.00261,6.00261,6.00261,630616.34136544
1987-04-27,5.99293,6.11786,5.96397,6.05035,6.05035,494012.83263928
1987-04-28,6.07911,6.14663,6.05035,6.11786,6.11786,536426.10856774
1987-04-29,6.12744,6.14663,6.07911,6.089,6.089,827095.80922237
1987-04-30,6.10828,6.15622,6.04066,6.12744,6.12744,778131.49773567
1987-05-01,6.11786,6.15622,6.10828,6.12744,6.12744,285676.74922915
1987-05-04,6.10828,6.18517,6.10828,6.18517,6.18517,708582.26432345
1987-05-05,6.16589,6.27166,6.16589,6.23331,6.23331,1198229.4261621
1987-05-06,6.23331,6.26206,6.19476,6.22361,6.22361,720123.21607831
1987-05-07,6.24289,6.27166,6.16589,6.20434,6.20434,825848.3301732
1987-05-08,6.18517,6.19476,6.14663,6.14663,6.14663,1343876.9050589
1987-05-11,6.14663,6.23331,6.14663,6.15622,6.15622,662113.92267801
1987-05-12,6.14663,6.27166,6.11786,6.26206,6.26206,488399.68278953
1987-05-13,6.24289,6.27166,6.12744,6.18517,6.18517,618761.74929811
1987-05-14,6.16589,6.19476,6.15622,6.18517,6.18517,224239.67073675
1987-05-15,6.16589,6.16589,6.04066,6.04066,6.04066,456275.83259502
1987-05-18,6.04066,6.05035,5.99293,6.04066,6.04066,715755.52179184
1987-05-19,6.0122,6.03127,5.96397,5.96397,5.96397,429764.1205073
1987-05-20,5.93501,6.0122,5.85821,5.85821,5.85821,1353231.4803132
1987-05-21,5.93501,5.96397,5.85821,5.87758,5.87758,1198852.6598153
1987-05-22,5.88707,5.95428,5.88707,5.93501,5.93501,267589.82063076
1987-05-26,6.10828,6.11786,6.00261,6.10828,6.10828,465943.0364188
1987-05-27,6.10828,6.16589,6.089,6.12744,6.12744,945295.71380885
1987-05-28,6.12744,6.14663,6.089,6.089,6.089,408870.61698404
1987-05-29,6.12744,6.12744,6.06962,6.06962,6.06962,329342.56292149
1987-06-01,6.11786,6.16589,6.06962,6.089,6.089,331523.88070736
1987-06-02,6.10828,6.12744,6.06962,6.06962,6.06962,1108095.2708244
1987-06-03,6.06962,6.15622,6.06962,6.12744,6.12744,760040.52216551
1987-06-04,6.10828,6.14663,6.089,6.14663,6.14663,595372.27593359
1987-06-05,6.12744,6.18517,6.12744,6.16589,6.16589,841441.31241621
1987-06-08,6.15622,6.18517,6.089,6.15622,6.15622,1671966.9302166
1987-06-09,6.15622,6.22361,6.14663,6.18517,6.18517,825534.68986076
1987-06-10,6.20434,6.34854,6.20434,6.27166,6.27166,1978543.2534267
1987-06-11,6.31999,6.34854,6.3103,6.34854,6.34854,602854.11499972
1987-06-12,6.42564,6.45441,6.39668,6.41596,6.41596,1980414.9778718
1987-06-15,6.43533,6.49286,6.43533,6.46399,6.46399,1260603.37862
1987-06-16,6.46399,6.47357,6.42564,6.43533,6.43533,1125564.0244844
1987-06-17,6.46399,6.47357,6.41596,6.45441,6.45441,721058.06655797
1987-06-18,6.45441,6.49286,6.43533,6.49286,6.49286,296908.10764336
1987-06-19,6.49286,6.51222,6.3775,6.43533,6.43533,1724988.3309061
1987-06-22,6.46399,6.54119,6.45441,6.53141,6.53141,687687.74905724
1987-06-23,6.51222,6.53141,6.43533,6.46399,6.46399,699224.65384033
1987-06-24,6.45441,6.47357,6.45441,6.46399,6.46399,445046.49766671
1987-06-25,6.47357,6.57964,6.47357,6.55067,6.55067,793412.86315213
1987-06-26,6.53141,6.57964,6.51222,6.56036,6.56036,527694.76696658
1987-06-29,6.50265,6.54119,6.50265,6.53141,6.53141,762535.48026382
1987-06-30,6.51222,6.51222,6.46399,6.49286,6.49286,540792.79111128
1987-07-01,6.47357,6.51222,6.46399,6.50265,6.50265,450349.04243284
1987-07-02,6.50265,6.51222,6.46399,6.46399,6.46399,407311.52110833
1987-07-06,6.46399,6.50265,6.45441,6.45441,6.45441,611901.12039921
1987-07-07,6.46399,6.51222,6.45441,6.49286,6.49286,518025.53965692
1987-07-08,6.50265,6.59871,6.49286,6.58913,6.58913,1011103.5218165
1987-07-09,6.59871,6.73372,6.56036,6.62748,6.62748,1501059.265253
1987-07-10,6.62748,6.69498,6.57964,6.67561,6.67561,544849.88031414
1987-07-13,6.65644,6.65644,6.57964,6.61799,6.61799,725110.09704612
1987-07-14,6.61799,6.66602,6.59871,6.63725,6.63725,657434.61156498
1987-07-15,6.62748,6.66602,6.59871,6.61799,6.61799,1200721.3490317
1987-07-16,6.59871,6.62748,6.57964,6.59871,6.59871,1098428.0670006
1987-07-17,6.61799,6.66602,6.61799,6.66602,6.66602,1249064.4503511
1987-07-20,6.65644,6.66602,6.61799,6.61799,6.61799,654940.66520961
1987-07-21,6.59871,6.66602,6.58913,6.58913,6.58913,571669.16225664
1987-07-22,6.56036,6.58913,6.53141,6.55067,6.55067,417289.33001571
1987-07-23,6.54119,6.54119,6.50265,6.53141,6.53141,828032.68318791
1987-07-24,6.53141,6.56036,6.50265,6.56036,6.56036,470621.33578888
1987-07-27,6.54119,6.57964,6.49286,6.50265,6.50265,363959.34772844
1987-07-28,6.49286,6.50265,6.45441,6.45441,6.45441,623128.43184165
1987-07-29,6.42564,6.45441,6.34854,6.45441,6.45441,608781.91690485
1987-07-30,6.45441,6.45441,6.34854,6.39668,6.39668,666166.9649091
1987-07-31,6.38719,6.41596,6.34854,6.39668,6.39668,396706.43157607
1987-08-03,6.31999,6.50265,6.18517,6.41596,6.41596,583210.1140115
1987-08-04,6.39668,6.49286,6.35834,6.45441,6.45441,769401.16787745
1987-08-05,6.42564,6.61799,6.42564,6.54119,6.54119,1532246.241482
1987-08-06,6.53141,6.75281,6.53141,6.73372,6.73372,915980.46202509
1987-08-07,6.71426,6.77207,6.65644,6.67561,6.67561,1128053.923868
1987-08-10,6.67561,6.8298,6.57964,6.78137,6.78137,886351.56992889
1987-08-11,6.81052,6.9066,6.77207,6.9066,6.9066,1162674.7556467
1987-08-12,6.86815,7.02204,6.86815,6.98349,6.98349,899452.62930241
1987-08-13,6.98349,7.1183,6.98349,7.04122,7.04122,691118.56937816
1987-08-14,7.01225,7.02204,6.88722,6.92557,6.92557,856722.67783268
1987-08-17,6.92557,6.94495,6.84898,6.86815,6.86815,566678.23431706
1987-08-18,6.84898,6.85845,6.77207,6.8298,6.8298,1006737.851016
1987-08-19,6.8298,6.92557,6.79115,6.92557,6.92557,356787.10200298
1987-08-20,6.93526,7.1183,6.93526,7.07976,7.07976,590690.94133469
1987-08-21,7.01225,7.07976,7.00277,7.07976,7.07976,516154.82695465
1987-08-24,7.09904,7.1183,7.00277,7.04122,7.04122,394835.7188738
1987-08-25,7.0509,7.0509,6.98349,7.01225,7.01225,410740.31794337
1987-08-26,6.98349,7.01225,6.97381,6.97381,6.97381,346497.67626904
1987-08-27,6.97381,7.00277,6.88722,6.89691,6.89691,499937.59931559
1987-08-28,6.89691,6.89691,6.66602,6.66602,6.66602,906935.48011147
1987-08-31,6.65644,6.73372,6.65644,6.73372,6.73372,677704.88143514
1987-09-01,6.75281,6.78137,6.53141,6.55067,6.55067,1061938.5460055
1987-09-02,6.51222,6.57964,6.47357,6.49286,6.49286,1261538.2290998
1987-09-03,6.50265,6.54119,6.42564,6.53141,6.53141,1136477.6956144
1987-09-04,6.50265,6.59871,6.50265,6.50265,6.50265,617513.25850601
1987-09-08,6.50265,6.55067,6.46399,6.49286,6.49286,511166.9342439
1987-09-09,6.49286,6.50265,6.41596,6.42564,6.42564,598487.43245619
1987-09-10,6.47357,6.49286,6.41596,6.45441,6.45441,438497.48559436
1987-09-11,6.42564,6.59871,6.41596,6.57964,6.57964,662113.92267801
1987-09-14,6.59871,6.66602,6.59871,6.65644,6.65644,534556.40760842
1987-09-15,6.61799,6.61799,6.46399,6.49286,6.49286,285990.38954159
1987-09-16,6.51222,6.51222,6.3775,6.3775,6.3775,474050.13262392
1987-09-17,6.41596,6.43533,6.3775,6.43533,6.43533,604104.6292777
1987-09-18,6.47357,6.50265,6.45441,6.45441,6.45441,1089073.4917464
1987-09-21,6.50265,6.53141,6.45441,6.47357,6.47357,965881.64747733
1987-09-22,6.47357,6.59871,6.46399,6.57964,6.57964,403568.07221791
1987-09-23,6.55067,6.55067,6.50265,6.54119,6.54119,647144.1740881
1987-09-24,6.51222,6.59871,6.51222,6.55067,6.55067,287549.48541731
1987-09-25,6.59871,6.59871,6.47357,6.51222,6.51222,630926.94644904
1987-09-28,6.59871,6.62748,6.56036,6.57964,6.57964,437247.98305931
1987-09-29,6.65644,6.66602,6.61799,6.65644,6.65644,355224.97089844
1987-09-30,6.62748,6.70467,6.58913,6.66602,6.66602,1513223.4506609
1987-10-01,6.70467,6.8298,6.70467,6.8201,6.8201,1688497.7981681
1987-10-02,6.79115,6.84898,6.77207,6.81052,6.81052,449723.78529384
1987-10-05,6.81052,6.93526,6.81052,6.89691,6.89691,752871.31166888
1987-10-06,6.92557,6.92557,6.78137,6.81052,6.81052,1283994.8754705
1987-10-07,6.75281,6.8298,6.73372,6.77207,6.77207,464071.31197358
1987-10-08,6.77207,6.8201,6.77207,6.78137,6.78137,538923.09015195
1987-10-09,6.78137,6.8298,6.77207,6.77207,6.77207,326846.59308022
1987-10-12,6.78137,6.78137,6.73372,6.75281,6.75281,310937.94703889
1987-10-13,6.81052,6.88722,6.78137,6.88722,6.88722,532686.7066491
1987-10-14,6.8298,6.86815,6.81052,6.8298,6.8298,577594.94067588
1987-10-15,6.8201,6.8298,6.69498,6.70467,6.70467,764719.83327854
1987-10-16,6.69498,6.70467,6.51222,6.55067,6.55067,1977607.391204
1987-10-19,6.47357,6.50265,5.31934,5.31934,5.31934,3275324.5362153
1987-10-20,5.1174,5.42529,4.88662,5.2715,5.2715,2589196.8947766
1987-10-21,5.24243,5.78091,5.24243,5.73308,5.73308,542353.91047288
1987-10-22,5.42529,5.76165,5.42529,5.66567,5.66567,848302.95305806
1987-10-23,5.6464,5.93501,5.6464,5.93501,5.93501,598487.43245619
1987-10-26,5.62722,5.65608,5.57929,5.62722,5.62722,581336.3660804
1987-10-27,5.73308,5.83893,5.70422,5.72339,5.72339,603166.74356922
1987-10-28,5.47323,5.6464,5.45406,5.60815,5.60815,858595.41402083
1987-10-29,5.57929,5.60815,5.45406,5.45406,5.45406,499937.59931559
1987-10-30,5.57929,5.60815,5.3482,5.42529,5.42529,1164546.4800919
1987-11-02,5.42529,5.58886,5.39643,5.55022,5.55022,664297.26394978
1987-11-03,5.50228,5.60815,5.35789,5.49241,5.49241,1303019.6897774
1987-11-04,5.38685,5.55022,5.37725,5.51158,5.51158,563247.41399614
1987-11-05,5.49241,5.60815,5.43498,5.58886,5.58886,513972.49742583
1987-11-06,5.5696,5.62722,5.55022,5.5696,5.5696,394211.47347774
1987-11-09,5.55022,5.5696,5.47323,5.51158,5.51158,1020461.1322996
1987-11-10,5.49241,5.49241,5.43498,5.43498,5.43498,772517.33614298
1987-11-11,5.53095,5.55022,5.39643,5.39643,5.39643,460019.28148544
1987-11-12,5.4156,5.50228,5.31934,5.3386,5.3386,490268.37200592
1987-11-13,5.31934,5.31934,5.22327,5.2715,5.2715,353356.28168205
1987-11-16,5.30007,5.3386,5.16574,5.16574,5.16574,829280.16223706
1987-11-17,5.1174,5.23296,5.1174,5.23296,5.23296,890719.26421535
1987-11-18,5.2715,5.29067,5.19411,5.2715,5.2715,828343.28827152
1987-11-19,5.2715,5.30995,5.14636,5.14636,5.14636,681139.74872783
1987-11-20,5.02113,5.16574,4.88662,5.16574,5.16574,820235.18032347
1987-11-23,5.14636,5.14636,5.09804,5.14636,5.14636,393898.84490825
1987-11-24,5.14636,5.19411,5.05978,5.07886,5.07886,568239.35367866
1987-11-25,5.06927,5.10782,4.94434,4.95392,4.95392,296282.85050436
1987-11-27,4.94434,4.99227,4.91538,4.95392,4.95392,177767.28211955
1987-11-30,4.88662,4.96332,4.79993,4.90569,4.90569,876061.132452
1987-12-01,4.87703,4.96332,4.80962,4.80962,4.80962,471243.55769904
1987-12-02,4.80962,4.80962,4.61708,4.6749,4.6749,853293.88099765
1987-12-03,4.68439,4.69408,4.55946,4.56895,4.56895,718873.71354327
1987-12-04,4.54047,4.57853,4.45389,4.5307,4.5307,30100420.965411
1987-12-07,4.45389,4.45389,4.3094,4.36691,4.36691,644337.59916324
1987-12-08,4.42504,4.46339,4.40576,4.46339,4.46339,476233.47389568
1987-12-09,4.46339,4.54047,4.42504,4.49205,4.49205,1256861.9532155
1987-12-10,4.45389,4.46339,4.37671,4.37671,4.37671,1164233.8515225
1987-12-11,4.37671,4.42504,4.22282,4.23249,4.23249,1378182.0730393
1987-12-14,4.27094,4.41525,4.27094,4.40576,4.40576,828032.68318791
1987-12-15,4.48256,4.55946,4.45389,4.5307,4.5307,1066306.2402919
1987-12-16,4.55946,4.73262,4.5307,4.71335,4.71335,1362898.6841369
1987-12-17,4.68439,4.76159,4.63645,4.65563,4.65563,820547.80889296
1987-12-18,4.65563,4.69408,4.60739,4.6749,4.6749,1506361.8100191
1987-12-21,4.65563,4.68439,4.59781,4.68439,4.68439,570108.04289504
1987-12-22,4.6749,4.68439,4.57853,4.60739,4.60739,629053.19851795
1987-12-23,4.60739,4.68439,4.60739,4.68439,4.68439,421655.0008163
1987-12-24,4.68439,4.69408,4.63645,4.65563,4.65563,390780.65315683
1987-12-28,4.63645,4.65563,4.60739,4.64614,4.64614,383920.02425793
1987-12-29,4.63645,4.63645,4.55946,4.56895,4.56895,554516.07239496
1987-12-30,4.54047,4.64614,4.54047,4.60739,4.60739,391404.89855288
1987-12-31,4.57853,4.59781,4.45389,4.49205,4.49205,602232.9048325
1988-01-04,4.55946,4.79993,4.55946,4.69408,4.69408,459393.01260351
1988-01-05,4.73262,4.86744,4.73262,4.83867,4.83867,718873.71354327
1988-01-06,4.84827,4.84827,4.73262,4.79035,4.79035,1083147.7133271
1988-01-07,4.80962,5.02113,4.80962,4.98249,4.98249,598802.08451157
1988-01-08,4.92497,4.95392,4.65563,4.65563,4.65563,555139.30604807
1988-01-11,4.71335,4.75209,4.49205,4.75209,4.75209,738212.16816259
1988-01-12,4.77127,4.83867,4.68439,4.82899,4.82899,445046.49766671
1988-01-13,4.86744,5.02113,4.80962,4.94434,4.94434,433819.18622427
1988-01-14,4.96332,4.99227,4.88662,4.96332,4.96332,656812.38965482
1988-01-15,5.02113,5.10782,5.02113,5.05978,5.05978,939995.1925286
1988-01-18,5.00186,5.09804,5.00186,5.07886,5.07886,317802.62290956
1988-01-19,5.05978,5.15595,5.04061,5.09804,5.09804,573537.85147302
1988-01-20,5.05978,5.09804,4.95392,4.95392,4.95392,606286.95880654
1988-01-21,4.98249,5.00186,4.84827,4.86744,4.86744,344933.52167862
1988-01-22,4.87703,5.00186,4.87703,5.00186,5.00186,296282.85050436
1988-01-25,5.03082,5.10782,5.00186,5.09804,5.09804,413236.28778463
1988-01-26,5.09804,5.14636,5.07886,5.10782,5.10782,181823.35957946
1988-01-27,5.09804,5.21347,5.09804,5.14636,5.14636,419163.0779468
1988-01-28,5.15595,5.24243,5.15595,5.24243,5.24243,530813.97046094
1988-01-29,5.29067,5.29067,5.19411,5.2715,5.2715,882921.7613509
1988-02-01,5.30007,5.30995,5.24243,5.24243,5.24243,754741.01262821
1988-02-02,5.23296,5.2715,5.22327,5.2715,5.2715,541417.03650733
1988-02-03,5.2715,5.30995,5.19411,5.22327,5.22327,716381.79067378
1988-02-04,5.24243,5.24243,5.10782,5.1174,5.1174,723242.41957268
1988-02-05,5.1174,5.13679,5.10782,5.10782,5.10782,286926.2517642
1988-02-08,5.06927,5.06927,5.00186,5.00186,5.00186,381423.04267372
1988-02-09,4.99227,5.00186,4.86744,4.91538,4.91538,560443.87430009
1988-02-10,4.91538,4.92497,4.86744,4.88662,4.88662,523013.43236767
1988-02-11,4.90569,4.90569,4.83867,4.83867,4.83867,501809.3237608
1988-02-12,4.84827,4.88662,4.79993,4.83867,4.83867,799028.03648776
1988-02-16,4.84827,4.87703,4.82899,4.87703,4.87703,477170.34786122
1988-02-17,4.84827,4.90569,4.83867,4.87703,4.87703,1074099.6961847
1988-02-18,4.87703,4.90569,4.84827,4.87703,4.87703,758171.83294913
1988-02-19,4.84827,4.91538,4.83867,4.91538,4.91538,847371.13780722
1988-02-22,4.91538,4.91538,4.88662,4.90569,4.90569,773452.18662265
1988-02-23,4.88662,4.88662,4.76159,4.76159,4.76159,1533495.744017
1988-02-24,4.79035,4.83867,4.77127,4.79035,4.79035,1132108.989585
1988-02-25,4.80962,4.86744,4.73262,4.77127,4.77127,904440.52201315
1988-02-26,4.77127,4.79993,4.76159,4.79035,4.79035,283494.41970033
1988-02-29,4.79993,4.90569,4.79993,4.90569,4.90569,1071606.7615722
1988-03-01,4.91538,4.94434,4.87703,4.91538,4.91538,741644.00022644
1988-03-02,4.92497,4.99227,4.92497,4.94434,4.94434,478418.83865333
1988-03-03,4.96332,5.04061,4.96332,5.00186,5.00186,556388.80858311
1988-03-04,4.98249,5.03082,4.96332,5.02113,5.02113,24512535.348707
1988-03-07,4.94434,4.96332,4.92497,4.95392,4.95392,500560.83296869
1988-03-08,4.95392,5.09804,4.95392,5.07886,5.07886,660866.44362885
1988-03-09,5.07886,5.09804,5.05978,5.09804,5.09804,381113.44933305
1988-03-10,5.07886,5.09804,5.03082,5.03082,5.03082,293786.8806631
1988-03-11,5.04061,5.06927,5.03082,5.05978,5.05978,633108.26423491
1988-03-14,5.05978,5.07886,5.02113,5.07886,5.07886,188061.7665682
1988-03-15,5.07886,5.10782,5.06927,5.09804,5.09804,536114.49174119
1988-03-16,5.06927,5.06927,5.02113,5.04061,5.04061,712324.70147092
1988-03-17,5.04061,5.04061,4.96332,4.96332,4.96332,465319.80276569
1988-03-18,5.03082,5.04061,5.02113,5.04061,5.04061,576034.83305722
1988-03-21,5.02113,5.02113,4.94434,4.96332,4.96332,260102.92284992
1988-03-22,4.96332,4.99227,4.96332,4.98249,4.98249,325909.71911467
1988-03-23,4.95392,4.96332,4.86744,4.87703,4.87703,1312376.2885176
1988-03-24,4.86744,4.87703,4.82899,4.83867,4.83867,446916.19862603
1988-03-25,4.82899,4.83867,4.75209,4.75209,4.75209,856722.67783268
1988-03-28,4.77127,4.82899,4.76159,4.80962,4.80962,289110.6047789
1988-03-29,4.86744,4.86744,4.82899,4.86744,4.86744,513972.49742583
1988-03-30,4.86744,4.86744,4.79993,4.80962,4.80962,343688.06611534
1988-03-31,4.79993,4.83867,4.79035,4.79035,4.79035,1049777.3958263
1988-04-04,4.79993,4.80962,4.77127,4.80962,4.80962,728542.94085293
1988-04-05,4.79993,4.82899,4.77127,4.79993,4.79993,321546.07179998
1988-04-06,4.77127,4.79035,4.75209,4.77127,4.77127,494012.83263928
1988-04-07,4.75209,4.77127,4.71335,4.72324,4.72324,723242.41957268
1988-04-08,4.73262,4.79993,4.71335,4.77127,4.77127,358657.81470525
1988-04-11,4.79993,4.79993,4.73262,4.79035,4.79035,259169.08411321
1988-04-12,4.79035,4.79993,4.73262,4.73262,4.73262,1251869.0017901
1988-04-13,4.76159,4.76159,4.68439,4.71335,4.71335,645272.44964289
1988-04-14,4.6749,4.68439,4.50184,4.50184,4.50184,1488275.8931637
1988-04-15,4.5307,4.56895,4.48256,4.49205,4.49205,752871.31166888
1988-04-18,4.48256,4.49205,4.45389,4.46339,4.46339,531125.5872875
1988-04-19,4.49205,4.5307,4.48256,4.49205,4.49205,792480.03615836
1988-04-20,4.49205,4.5307,4.49205,4.52121,4.52121,297218.71272697
1988-04-21,4.50184,4.57853,4.50184,4.54047,4.54047,876061.132452
1988-04-22,4.57853,4.64614,4.56895,4.60739,4.60739,669908.39031363
1988-04-25,4.60739,4.65563,4.60739,4.61708,4.61708,697668.59319345
1988-04-26,4.60739,4.68439,4.60739,4.6749,4.6749,635293.62899257
1988-04-27,4.68439,4.69408,4.63645,4.65563,4.65563,305950.05432813
1988-04-28,4.64614,4.64614,4.59781,4.59781,4.59781,352420.41945946
1988-04-29,4.59781,4.60739,4.54047,4.55946,4.55946,561376.70129386
1988-05-02,4.55946,4.55946,4.50184,4.55946,4.55946,179329.4132241
1988-05-03,4.5307,4.57853,4.5307,4.5307,4.5307,855787.82735302
1988-05-04,4.55946,4.55946,4.49205,4.50184,4.50184,952780.58810379
1988-05-05,4.50184,4.52121,4.44421,4.45389,4.45389,971181.15701463
1988-05-06,4.45389,4.48256,4.38629,4.40576,4.40576,1350423.8936454
1988-05-09,4.38629,4.44421,4.37671,4.42504,4.42504,167166.23955907
1988-05-10,4.44421,4.46339,4.42504,4.46339,4.46339,500560.83296869
1988-05-11,4.46339,4.46339,4.40576,4.45389,4.45389,391404.89855288
1988-05-12,4.45389,4.48256,4.42504,4.44421,4.44421,621257.71913938
1988-05-13,4.44421,4.46339,4.41525,4.44421,4.44421,634982.01216601
1988-05-16,4.42504,4.52121,4.42504,4.52121,4.52121,187748.12625577
1988-05-17,4.50184,4.57853,4.48256,4.48256,4.48256,325598.10228812
1988-05-18,4.48256,4.5307,4.41525,4.42504,4.42504,190557.73640947
1988-05-19,4.44421,4.44421,4.37671,4.41525,4.41525,459082.4075199
1988-05-20,4.41525,4.42504,4.37671,4.42504,4.42504,214883.07199659
1988-05-23,4.45389,4.48256,4.40576,4.42504,4.42504,348054.74865887
1988-05-24,4.48256,4.5307,4.46339,4.49205,4.49205,756927.3891288
1988-05-25,4.52121,4.60739,4.52121,4.52121,4.52121,889782.3902498
1988-05-26,4.54047,4.56895,4.5307,4.55946,4.55946,524264.95838859
1988-05-27,4.54047,4.57853,4.54047,4.56895,4.56895,233906.87456053
1988-05-31,4.59781,4.76159,4.57853,4.76159,4.76159,267589.82063076
1988-06-01,4.76159,4.86744,4.73262,4.84827,4.84827,884482.8807125
1988-06-02,4.83867,4.88662,4.82899,4.88662,4.88662,801520.97110019
1988-06-03,4.88662,4.88662,4.82899,4.86744,4.86744,13205462.139594
1988-06-06,4.79035,4.79993,4.71335,4.71335,4.71335,878244.47372376
1988-06-07,4.69408,4.69408,4.56895,4.56895,4.56895,1788298.1455866
1988-06-08,4.57853,4.71335,4.57853,4.71335,4.71335,1477044.5347494
1988-06-09,4.71335,4.75209,4.63645,4.71335,4.71335,473741.55102619
1988-06-10,4.73262,4.75209,4.72324,4.73262,4.73262,326533.96451073
1988-06-13,4.75209,4.77127,4.72324,4.75209,4.75209,322168.29371014
1988-06-14,4.76159,4.82899,4.72324,4.72324,4.72324,409494.86238009
1988-06-15,4.73262,4.76159,4.72324,4.76159,4.76159,628741.5816914
1988-06-16,4.77127,4.79035,4.73262,4.76159,4.76159,607534.43785569
1988-06-17,4.79035,4.84827,4.76159,4.84827,4.84827,998001.45070007
1988-06-20,4.82899,4.84827,4.75209,4.77127,4.77127,411365.57508236
1988-06-21,4.77127,4.79993,4.75209,4.76159,4.76159,419475.70651631
1988-06-22,4.80962,4.86744,4.79993,4.83867,4.83867,429453.5154237
1988-06-23,4.80962,4.83867,4.79035,4.79035,4.79035,859218.64767394
1988-06-24,4.80962,4.80962,4.76159,4.76159,4.76159,117576.67093337
1988-06-27,4.79035,4.79035,4.77127,4.77127,4.77127,270398.41904152
1988-06-28,4.77127,4.82899,4.77127,4.82899,4.82899,723554.03639923
1988-06-29,4.82899,4.82899,4.77127,4.77127,4.77127,296282.85050436
1988-06-30,4.79993,4.80962,4.77127,4.79993,4.79993,437247.98305931
1988-07-01,4.79035,4.80962,4.76159,4.77127,4.77127,567302.47971311
1988-07-05,4.75209,4.83867,4.73262,4.83867,4.83867,433819.18622427
1988-07-06,4.83867,4.84827,4.75209,4.79035,4.79035,546719.58127345
1988-07-07,4.77127,4.79035,4.73262,4.77127,4.77127,306575.31146712
1988-07-08,4.77127,4.77127,4.71335,4.72324,4.72324,307510.16194679
1988-07-11,4.75209,4.75209,4.72324,4.73262,4.73262,357721.95248264
1988-07-12,4.72324,4.73262,4.6749,4.6749,4.6749,274451.4612726
1988-07-13,4.6749,4.73262,4.6749,4.73262,4.73262,249500.86854649
1988-07-14,4.73262,4.75209,4.69408,4.72324,4.72324,184630.94624729
1988-07-15,4.73262,4.75209,4.68439,4.71335,4.71335,265093.8507895
1988-07-18,4.69408,4.69408,4.65563,4.6749,4.6749,290356.06034217
1988-07-19,4.68439,4.71335,4.68439,4.69408,4.69408,217377.01835197
1988-07-20,4.71335,4.73262,4.69408,4.71335,4.71335,258234.23363355
1988-07-21,4.71335,4.71335,4.68439,4.68439,4.68439,353666.88676567
1988-07-22,4.65563,4.68439,4.57853,4.57853,4.57853,156561.1500268
1988-07-25,4.57853,4.61708,4.57853,4.59781,4.59781,115394.34140455
1988-07-26,4.57853,4.65563,4.57853,4.63645,4.63645,283494.41970033
1988-07-27,4.60739,4.63645,4.57853,4.57853,4.57853,289421.20986252
1988-07-28,4.57853,4.63645,4.57853,4.63645,4.63645,147519.20334202
1988-07-29,4.61708,4.76159,4.61708,4.71335,4.71335,379239.70140196
1988-08-01,4.71335,4.80962,4.71335,4.79993,4.79993,387352.86806474
1988-08-02,4.79993,4.86744,4.79993,4.83867,4.83867,876994.97118872
1988-08-03,4.84827,4.94434,4.83867,4.92497,4.92497,538923.09015195
1988-08-04,4.95392,4.99227,4.92497,4.96332,4.96332,1217876.4623791
1988-08-05,4.94434,4.98249,4.92497,4.96332,4.96332,918475.42012341
1988-08-08,4.95392,5.00186,4.95392,4.98249,4.98249,235779.61074869
1988-08-09,4.96332,4.96332,4.83867,4.90569,4.90569,318737.47338922
1988-08-10,4.87703,4.88662,4.86744,4.87703,4.87703,455027.34180292
1988-08-11,4.88662,4.91538,4.87703,4.88662,4.88662,241703.36568204
1988-08-12,4.90569,4.96332,4.87703,4.96332,4.96332,358032.55756625
1988-08-15,4.94434,4.96332,4.92497,4.94434,4.94434,348054.74865887
1988-08-16,4.91538,5.1174,4.91538,5.09804,5.09804,1108095.2708244
1988-08-17,5.1174,5.14636,5.06927,5.07886,5.07886,537987.22792935
1988-08-18,5.05978,5.07886,5.02113,5.02113,5.02113,419163.0779468
1988-08-19,4.99227,5.03082,4.98249,4.98249,4.98249,301584.38352755
1988-08-22,5.00186,5.00186,4.94434,4.98249,4.98249,461575.34213233
1988-08-23,4.98249,5.03082,4.96332,5.00186,5.00186,474050.13262392
1988-08-24,5.02113,5.03082,4.98249,5.02113,5.02113,241082.15551481
1988-08-25,5.02113,5.02113,4.96332,4.99227,4.99227,255425.63522279
1988-08-26,5.00186,5.02113,4.99227,5.02113,5.02113,225172.49773054
1988-08-29,5.02113,5.05978,5.02113,5.04061,5.04061,97929.634716329
1988-08-30,5.05978,5.07886,5.03082,5.06927,5.06927,124750.94014471
1988-08-31,5.05978,5.07886,5.03082,5.05978,5.05978,169662.20940031
1988-09-01,5.03082,5.04061,4.99227,5.03082,5.03082,460639.47990971
1988-09-02,5.06927,5.17513,5.06927,5.17513,5.17513,387036.19252346
1988-09-06,5.09804,5.25212,5.09804,5.22327,5.22327,656499.76108532
1988-09-07,5.25212,5.3482,5.25212,5.3386,5.3386,876994.97118872
1988-09-08,5.3386,5.45406,5.3386,5.45406,5.45406,770958.24026728
1988-09-09,5.45406,5.46353,5.38685,5.44437,5.44437,1069110.791731
1988-09-12,5.46353,5.46353,5.39643,5.39643,5.39643,626558.24041963
1988-09-13,5.39643,5.39643,5.3482,5.38685,5.38685,453780.87449671
1988-09-14,5.37725,5.37725,5.2715,5.3482,5.3482,909431.44995274
1988-09-15,5.3386,5.45406,5.3386,5.39643,5.39643,440057.59321301
1988-09-16,5.4156,5.57929,5.39643,5.5696,5.5696,898516.76707981
1988-09-19,5.54073,5.60815,5.51158,5.60815,5.60815,538608.43809656
1988-09-20,5.60815,5.61754,5.5696,5.57929,5.57929,897268.2762877
1988-09-21,5.57929,5.57929,5.55022,5.57929,5.57929,161241.47288276
1988-09-22,5.58886,5.58886,5.50228,5.58886,5.58886,773452.18662265
1988-09-23,5.62722,5.66567,5.61754,5.65608,5.65608,809007.86888103
1988-09-26,5.65608,5.65608,5.5696,5.57929,5.57929,142838.88048605
1988-09-27,5.55022,5.57929,5.50228,5.54073,5.54073,297218.71272697
1988-09-28,5.55022,5.55022,5.50228,5.54073,5.54073,316867.77242989
1988-09-29,5.53095,5.57929,5.50228,5.5696,5.5696,504926.50376928
1988-09-30,5.54073,5.60815,5.46353,5.47323,5.47323,599738.95847712
1988-10-03,5.47323,5.47323,5.37725,5.42529,5.42529,450660.65925939
1988-10-04,5.42529,5.45406,5.4156,5.45406,5.45406,517404.32948969
1988-10-05,5.46353,5.55022,5.4156,5.46353,5.46353,825534.68986076
1988-10-06,5.46353,5.47323,5.42529,5.46353,5.46353,225486.13804298
1988-10-07,5.47323,5.54073,5.42529,5.53095,5.53095,642153.24614852
1988-10-10,5.53095,5.53095,5.46353,5.46353,5.46353,215816.91073331
1988-10-11,5.46353,5.46353,5.39643,5.4156,5.4156,448791.97004302
1988-10-12,5.37725,5.39643,5.3482,5.39643,5.39643,291292.93430773
1988-10-13,5.38685,5.42529,5.38685,5.42529,5.42529,129117.62268824
1988-10-14,5.42529,5.42529,5.3482,5.37725,5.37725,288486.35938286
1988-10-17,5.37725,5.37725,5.31934,5.3482,5.3482,134107.53888488
1988-10-18,5.3386,5.36756,5.30007,5.36756,5.36756,386413.9706133
1988-10-19,5.36756,5.36756,5.17513,5.25212,5.25212,388909.94045456
1988-10-20,5.23296,5.36756,5.23296,5.36756,5.36756,526758.90474397
1988-10-21,5.36756,5.37725,5.30995,5.36756,5.36756,347430.50326282
1988-10-24,5.3386,5.37725,5.31934,5.31934,5.31934,271332.25777825
1988-10-25,5.30995,5.30995,5.2715,5.30007,5.30007,197416.34182248
1988-10-26,5.30995,5.30995,5.21347,5.23296,5.23296,159369.74843755
1988-10-27,5.23296,5.23296,5.1174,5.13679,5.13679,354293.15564761
1988-10-28,5.17513,5.18492,5.15595,5.15595,5.15595,209578.50374457
1988-10-31,5.15595,5.21347,5.13679,5.19411,5.19411,280687.84477547
1988-11-01,5.18492,5.19411,5.15595,5.18492,5.18492,319670.300383
1988-11-02,5.15595,5.15595,5.06927,5.1174,5.1174,339631.98865543
1988-11-03,5.1174,5.19411,5.06927,5.15595,5.15595,378306.87440818
1988-11-04,5.09804,5.14636,5.07886,5.10782,5.10782,449723.78529384
1988-11-07,5.07886,5.07886,5.03082,5.05978,5.05978,218313.89231751
1988-11-08,5.06927,5.07886,5.04061,5.04061,5.04061,514595.73107894
1988-11-09,5.02113,5.04061,5.00186,5.02113,5.02113,319050.10195872
1988-11-10,5.04061,5.06927,4.96332,5.03082,5.03082,211140.63484912
1988-11-11,5.00186,5.00186,4.90569,4.90569,4.90569,285676.74922915
1988-11-14,4.92497,4.92497,4.84827,4.87703,4.87703,268525.68285337
1988-11-15,4.87703,4.91538,4.84827,4.91538,4.91538,204280.00595022
1988-11-16,4.91538,4.91538,4.79035,4.79993,4.79993,365517.4318612
1988-11-17,4.83867,4.83867,4.71335,4.77127,4.77127,290356.06034217
1988-11-18,4.79035,4.83867,4.76159,4.83867,4.83867,294723.75462865
1988-11-21,4.79993,4.83867,4.77127,4.82899,4.82899,285990.38954159
1988-11-22,4.80962,4.83867,4.80962,4.83867,4.83867,147205.56302958
1988-11-23,4.80962,4.83867,4.80962,4.83867,4.83867,245760.4548849
1988-11-25,4.79993,4.79993,4.77127,4.79993,4.79993,190557.73640947
1988-11-28,4.77127,4.83867,4.77127,4.82899,4.82899,160304.59891722
1988-11-29,4.80962,4.88662,4.80962,4.88662,4.88662,214883.07199659
1988-11-30,4.86744,4.99227,4.84827,4.92497,4.92497,408870.61698404
1988-12-01,4.88662,4.92497,4.88662,4.90569,4.90569,201160.80245585
1988-12-02,4.90569,4.92497,4.88662,4.91538,4.91538,505240.14408172
1988-12-05,4.92497,4.99227,4.91538,4.99227,4.99227,550151.41333732
1988-12-06,4.95392,5.04061,4.95392,5.03082,5.03082,562934.78542664
1988-12-07,4.94434,5.02113,4.94434,5.00186,5.00186,614083.44992803
1988-12-08,4.98249,4.99227,4.91538,4.91538,4.91538,421967.6293858
1988-12-09,4.91538,4.91538,4.86744,4.86744,4.86744,209891.13231407
1988-12-12,4.87703,4.88662,4.84827,4.84827,4.84827,513972.49742583
1988-12-13,4.84827,4.84827,4.77127,4.79035,4.79035,506799.23995742
1988-12-14,4.77127,4.77127,4.71335,4.72324,4.72324,607220.79754325
1988-12-15,4.72324,4.76159,4.72324,4.76159,4.76159,445046.49766671
1988-12-16,4.79035,4.79035,4.71335,4.72324,4.72324,937188.61760373
1988-12-19,4.71335,4.73262,4.68439,4.73262,4.73262,617513.25850601
1988-12-20,4.73262,4.77127,4.71335,4.72324,4.72324,436626.7728921
1988-12-21,4.73262,4.73262,4.69408,4.71335,4.71335,469373.85673973
1988-12-22,4.71335,4.79035,4.71335,4.79035,4.79035,738212.16816259
1988-12-23,4.79993,4.83867,4.79035,4.79035,4.79035,173092.01797831
1988-12-27,4.79035,4.82899,4.79035,4.79993,4.79993,264469.60539346
1988-12-28,4.79993,4.80962,4.76159,4.77127,4.77127,269145.88127764
1988-12-29,4.79035,4.86744,4.79035,4.86744,4.86744,334641.06071584
1988-12-30,4.83867,4.90569,4.80962,4.82899,4.82899,205527.48499937
1989-01-03,4.82899,4.82899,4.69408,4.73262,4.73262,502431.54567096
1989-01-04,4.79035,4.88662,4.76159,4.87703,4.87703,220185.61676273
1989-01-05,4.86744,4.91538,4.84827,4.86744,4.86744,495261.32343139
1989-01-06,5.02113,5.2715,5.00186,5.1174,5.1174,1768337.4690572
1989-01-09,5.07886,5.10782,5.03082,5.06927,5.06927,621257.71913938
1989-01-10,5.09804,5.14636,5.06927,5.13679,5.13679,582895.46195613
1989-01-11,5.13679,5.14636,5.1174,5.13679,5.13679,210518.41293895
1989-01-12,5.15595,5.15595,5.09804,5.14636,5.14636,518961.40187952
1989-01-13,5.13679,5.15595,5.1174,5.1174,5.1174,213008.31232255
1989-01-16,5.1174,5.15595,5.09804,5.10782,5.10782,211140.63484912
1989-01-17,5.09804,5.1174,5.06927,5.10782,5.10782,231102.32312155
1989-01-18,5.13679,5.17513,5.07886,5.14636,5.14636,296282.85050436
1989-01-19,5.1174,5.14636,5.09804,5.09804,5.09804,211140.63484912
1989-01-20,5.10782,5.13679,5.09804,5.10782,5.10782,262288.28760758
1989-01-23,5.09804,5.14636,5.05978,5.05978,5.05978,571047.95208942
1989-01-24,5.06927,5.10782,5.06927,5.09804,5.09804,508668.94091675
1989-01-25,5.09804,5.14636,5.09804,5.14636,5.14636,686127.64143859
1989-01-26,5.13679,5.19411,5.13679,5.17513,5.17513,265093.8507895
1989-01-27,5.19411,5.30007,5.19411,5.23296,5.23296,790918.91679676
1989-01-30,5.25212,5.30007,5.25212,5.30007,5.30007,349927.48484702
1989-01-31,5.30007,5.3482,5.29067,5.3386,5.3386,324976.89212091
1989-02-01,5.30995,5.3482,5.2715,5.29067,5.29067,202096.66467845
1989-02-02,5.30007,5.3386,5.22327,5.3386,5.3386,228606.35328028
1989-02-03,5.36756,5.49241,5.36756,5.49241,5.49241,380490.21567994
1989-02-06,5.49241,5.50228,5.44437,5.50228,5.50228,431637.8684384
1989-02-07,5.47323,5.62722,5.47323,5.60815,5.60815,405438.78492017
1989-02-08,5.60815,5.6464,5.54073,5.61754,5.61754,983969.58781866
1989-02-09,5.58886,5.60815,5.50228,5.52147,5.52147,233283.64090742
1989-02-10,5.52147,5.52147,5.46353,5.46353,5.46353,546408.97618985
1989-02-13,5.46353,5.52147,5.46353,5.49241,5.49241,194924.418953
1989-02-14,5.52147,5.52147,5.47323,5.47323,5.47323,139408.06016513
1989-02-15,5.52147,5.52147,5.46353,5.52147,5.52147,270398.41904152
1989-02-16,5.52147,5.55022,5.50228,5.55022,5.55022,209891.13231407
1989-02-17,5.57929,5.57929,5.55022,5.5696,5.5696,433195.95257117
1989-02-21,5.57929,5.57929,5.52147,5.53095,5.53095,207086.58087509
1989-02-22,5.50228,5.52147,5.3386,5.44437,5.44437,664297.26394978
1989-02-23,5.39643,5.47323,5.39643,5.46353,5.46353,439435.37130286
1989-02-24,5.44437,5.44437,5.37725,5.38685,5.38685,472802.65357476
1989-02-27,5.39643,5.45406,5.39643,5.44437,5.44437,342440.58706618
1989-02-28,5.46353,5.46353,5.39643,5.44437,5.44437,264159.00030983
1989-03-01,5.46353,5.52147,5.37725,5.37725,5.37725,556074.15652773
1989-03-02,5.37725,5.47323,5.3482,5.47323,5.47323,337763.29943905
1989-03-03,5.47323,5.47323,5.45406,5.47323,5.47323,924400.18679969
1989-03-06,5.47323,5.5696,5.47323,5.53095,5.53095,484343.60532962
1989-03-07,5.47323,5.49241,5.46353,5.47323,5.47323,545784.73079379
1989-03-08,5.47323,5.52147,5.46353,5.52147,5.52147,755363.23453837
1989-03-09,5.49241,5.50228,5.45406,5.45406,5.45406,917226.9293313
1989-03-10,5.45406,5.45406,5.4156,5.44437,5.44437,250124.1021996
1989-03-13,5.42529,5.44437,5.42529,5.42529,5.42529,665546.76648481
1989-03-14,5.42529,5.42529,5.4156,5.4156,5.4156,383920.02425793
1989-03-15,5.4156,5.42529,5.38685,5.39643,5.39643,859218.64767394
1989-03-16,5.37725,5.45406,5.37725,5.45406,5.45406,744134.911353
1989-03-17,5.37725,5.4156,5.3482,5.37725,5.37725,1100924.0368418
1989-03-20,5.37725,5.37725,5.32902,5.3482,5.3482,383606.38394549
1989-03-21,5.37725,5.37725,5.32902,5.3482,5.3482,591629.83878612
1989-03-22,5.3482,5.42529,5.3482,5.38685,5.38685,409494.86238009
1989-03-23,5.39643,5.39643,5.37725,5.38685,5.38685,391404.89855288
1989-03-27,5.37725,5.39643,5.37725,5.39643,5.39643,224239.67073675
1989-03-28,5.42529,5.46353,5.39643,5.44437,5.44437,575100.99432051
1989-03-29,5.44437,5.49241,5.42529,5.47323,5.47323,389220.54553817
1989-03-30,5.47323,5.47323,5.44437,5.46353,5.46353,705150.43225958
1989-03-31,5.45406,5.47323,5.42529,5.45406,5.45406,556074.15652773
1989-04-03,5.50228,5.5696,5.47323,5.55022,5.55022,1200721.3490317
1989-04-04,5.53095,5.55022,5.52147,5.53095,5.53095,161861.67130705
1989-04-05,5.54073,5.57929,5.52147,5.54073,5.54073,158431.86272905
1989-04-06,5.53095,5.58886,5.53095,5.58886,5.58886,162799.55701554
1989-04-07,5.5696,5.6464,5.55022,5.5696,5.5696,1172342.9712134
1989-04-10,5.5696,5.58886,5.55022,5.57929,5.57929,166540.98242007
1989-04-11,5.57929,5.62722,5.5696,5.61754,5.61754,172156.1557557
1989-04-12,5.61754,5.6464,5.57929,5.58886,5.58886,492763.33010424
1989-04-13,5.57929,5.60815,5.55022,5.55022,5.55022,171531.91035964
1989-04-14,5.57929,5.68494,5.5696,5.62722,5.62722,515220.98821793
1989-04-17,5.62722,5.66567,5.60815,5.65608,5.65608,169972.81448394
1989-04-18,5.68494,5.74247,5.68494,5.72339,5.72339,409494.86238009
1989-04-19,5.68494,5.72339,5.68494,5.69463,5.69463,380175.56362456
1989-04-20,5.69463,5.70422,5.61754,5.61754,5.61754,218937.12597063
1989-04-21,5.61754,5.65608,5.58886,5.62722,5.62722,383920.02425793
1989-04-24,5.6464,5.65608,5.61754,5.61754,5.61754,149701.53287084
1989-04-25,5.62722,5.6464,5.57929,5.57929,5.57929,197416.34182248
1989-04-26,5.57929,5.57929,5.50228,5.50228,5.50228,166540.98242007
1989-04-27,5.50228,5.54073,5.45406,5.53095,5.53095,320609.19783444
1989-04-28,5.55022,5.55022,5.49241,5.52147,5.52147,196481.49134283
1989-05-01,5.52147,5.60815,5.49241,5.60815,5.60815,336826.4254735
1989-05-02,5.58886,5.58886,5.54073,5.54073,5.54073,265093.8507895
1989-05-03,5.52147,5.53095,5.39643,5.4156,5.4156,263533.74317084
1989-05-04,5.44437,5.44437,5.3482,5.37725,5.37725,542353.91047288
1989-05-05,5.37725,5.37725,5.30007,5.32902,5.32902,513972.49742583
1989-05-08,5.3482,5.3482,5.30995,5.3386,5.3386,601920.276263
1989-05-09,5.32902,5.39643,5.32902,5.36756,5.36756,191492.58688913
1989-05-10,5.39643,5.4156,5.36756,5.39643,5.39643,166540.98242007
1989-05-11,5.42529,5.42529,5.3482,5.37725,5.37725,287862.11398681
1989-05-12,5.42529,5.47323,5.39643,5.47323,5.47323,265093.8507895
1989-05-15,5.49241,5.52147,5.49241,5.50228,5.50228,159995.00557654
1989-05-16,5.52147,5.5696,5.46353,5.47323,5.47323,484031.98850307
1989-05-17,5.46353,5.49241,5.42529,5.47323,5.47323,293476.27557949
1989-05-18,5.50228,5.52147,5.46353,5.47323,5.47323,1035429.8691466
1989-05-19,5.49241,5.60815,5.47323,5.57929,5.57929,1112462.9651108
1989-05-22,5.60815,5.60815,5.5696,5.57929,5.57929,311252.59909428
1989-05-23,5.58886,5.60815,5.5696,5.57929,5.57929,326846.59308022
1989-05-24,5.58886,5.60815,5.57929,5.58886,5.58886,236402.8444018
1989-05-25,5.57929,5.62722,5.57929,5.60815,5.60815,198353.21578803
1989-05-26,5.57929,5.68494,5.57929,5.62722,5.62722,290979.29399529
1989-05-30,5.62722,5.6464,5.57929,5.58886,5.58886,230167.47264189
1989-05-31,5.61754,5.68494,5.61754,5.62722,5.62722,264159.00030983
1989-06-01,5.61754,5.65608,5.61754,5.62722,5.62722,219871.97645029
1989-06-02,5.70422,5.83893,5.70422,5.83893,5.83893,294723.75462865
1989-06-05,5.83893,5.87758,5.77153,5.77153,5.77153,330901.6587972
1989-06-06,5.76165,5.77153,5.70422,5.76165,5.76165,828032.68318791
1989-06-07,5.76165,5.87758,5.76165,5.87758,5.87758,525199.80886826
1989-06-08,5.89676,5.93501,5.88707,5.92542,5.92542,420407.52176714
1989-06-09,5.92542,5.92542,5.81976,5.85821,5.85821,294409.10257327
1989-06-12,5.85821,5.85821,5.80049,5.84842,5.84842,142215.64683293
1989-06-13,5.80049,5.81976,5.77153,5.78091,5.78091,694549.38969909
1989-06-14,5.80997,5.80997,5.74247,5.78091,5.78091,205213.84468694
1989-06-15,5.80997,5.81976,5.66567,5.69463,5.69463,492141.10819408
1989-06-16,5.62722,5.74247,5.62722,5.73308,5.73308,916603.69567819
1989-06-19,5.70422,5.73308,5.70422,5.73308,5.73308,447229.83893847
1989-06-20,5.72339,5.83893,5.72339,5.83893,5.83893,499937.59931559
1989-06-21,5.80997,5.81976,5.73308,5.76165,5.76165,550772.62350454
1989-06-22,5.76165,5.77153,5.69463,5.70422,5.70422,415731.24588295
1989-06-23,5.72339,5.80997,5.72339,5.80997,5.80997,311875.83274737
1989-06-26,5.80997,5.85821,5.78091,5.81976,5.81976,256362.50918834
1989-06-27,5.83893,5.87758,5.81976,5.83893,5.83893,357098.71882954
1989-06-28,5.83893,5.84842,5.80997,5.81976,5.81976,226109.37169608
1989-06-29,5.80997,5.83893,5.78091,5.80049,5.80049,854850.95338747
1989-06-30,5.80049,5.80049,5.70422,5.72339,5.72339,233906.87456053
1989-07-03,5.73308,5.73308,5.69463,5.70422,5.70422,103229.14425363
1989-07-05,5.69463,5.77153,5.65608,5.74247,5.74247,170904.62973476
1989-07-06,5.74247,5.78091,5.74247,5.77153,5.77153,272889.33016806
1989-07-07,5.74247,5.95428,5.73308,5.95428,5.95428,392340.76077548
1989-07-10,5.95428,6.06962,5.95428,6.05035,6.05035,650887.62297852
1989-07-11,6.10828,6.12744,5.99293,6.0122,6.0122,441616.68908873
1989-07-12,6.0122,6.05035,5.99293,6.04066,6.04066,352420.41945946
1989-07-13,6.03127,6.05035,5.96397,5.99293,5.99293,290045.45525856
1989-07-14,6.00261,6.12744,5.99293,6.12744,6.12744,528629.61744624
1989-07-17,6.10828,6.12744,6.089,6.089,6.089,468437.99451712
1989-07-18,6.089,6.089,6.00261,6.0122,6.0122,139408.06016513
1989-07-19,6.0122,6.06962,6.0122,6.03127,6.03127,227049.28089046
1989-07-20,6.03127,6.03127,6.00261,6.03127,6.03127,215816.91073331
1989-07-21,6.0122,6.04066,6.0122,6.04066,6.04066,658369.46204465
1989-07-24,6.0122,6.03127,5.99293,6.00261,6.00261,259792.31776631
1989-07-25,6.0122,6.04066,5.96397,6.00261,6.00261,391404.89855288
1989-07-26,6.00261,6.0122,6.00261,6.00261,6.00261,387036.19252346
1989-07-27,6.0122,6.06962,6.00261,6.06962,6.06962,819298.30635791
1989-07-28,6.06962,6.06962,6.03127,6.03127,6.03127,645584.06646944
1989-07-31,6.04066,6.05035,6.0122,6.05035,6.05035,488711.2996161
1989-08-01,6.05035,6.07911,6.0122,6.03127,6.03127,499625.98248903
1989-08-02,6.0122,6.0122,5.97365,5.99293,5.99293,199913.32340669
1989-08-03,5.97365,6.11786,5.97365,6.11786,6.11786,790293.65965777
1989-08-04,6.10828,6.31999,6.07911,6.3103,6.3103,1175460.1512219
1989-08-07,6.34854,6.50265,6.3103,6.50265,6.50265,1433073.1746882
1989-08-08,6.50265,6.54119,6.45441,6.47357,6.47357,820235.18032347
1989-08-09,6.45441,6.49286,6.34854,6.35834,6.35834,394211.47347774
1989-08-10,6.34854,6.47357,6.31999,6.47357,6.47357,759106.68342879
1989-08-11,6.50265,6.51222,6.28135,6.34854,6.34854,439120.71924747
1989-08-14,6.31999,6.33916,6.19476,6.19476,6.19476,348054.74865887
1989-08-15,6.23331,6.27166,6.22361,6.24289,6.24289,225172.49773054
1989-08-16,6.24289,6.28135,6.23331,6.27166,6.27166,351483.5454939
1989-08-17,6.24289,6.3103,6.22361,6.23331,6.23331,213008.31232255
1989-08-18,6.23331,6.24289,6.20434,6.23331,6.23331,428205.02463159
1989-08-21,6.20434,6.23331,6.11786,6.11786,6.11786,326533.96451073
1989-08-22,6.11786,6.19476,6.10828,6.19476,6.19476,594123.78514149
1989-08-23,6.20434,6.22361,6.15622,6.20434,6.20434,413236.28778463
1989-08-24,6.23331,6.23331,6.15622,6.19476,6.19476,568549.95876226
1989-08-25,6.19476,6.22361,6.12744,6.16589,6.16589,255738.26379228
1989-08-28,6.15622,6.19476,6.14663,6.19476,6.19476,138473.20968546
1989-08-29,6.16589,6.19476,6.15622,6.16589,6.16589,1068799.1749043
1989-08-30,6.18517,6.28135,6.18517,6.27166,6.27166,770023.38978761
1989-08-31,6.33916,6.45441,6.31999,6.3775,6.3775,770023.38978761
1989-09-01,6.34854,6.38719,6.34854,6.38719,6.38719,378616.46774884
1989-09-05,6.35834,6.43533,6.35834,6.43533,6.43533,615956.18611619
1989-09-06,6.39668,6.41596,6.35834,6.3775,6.3775,558570.126369
1989-09-07,6.3775,6.45441,6.3775,6.42564,6.42564,607220.79754325
1989-09-08,6.42564,6.42564,6.39668,6.42564,6.42564,234843.74852607
1989-09-11,6.42564,6.43533,6.38719,6.41596,6.41596,354913.35407188
1989-09-12,6.41596,6.43533,6.39668,6.43533,6.43533,134107.53888488
1989-09-13,6.43533,6.45441,6.41596,6.41596,6.41596,811812.42032001
1989-09-14,6.39668,6.41596,6.39668,6.41596,6.41596,235469.00566507
1989-09-15,6.45441,6.45441,6.39668,6.45441,6.45441,695794.84526236
1989-09-18,6.43533,6.46399,6.38719,6.39668,6.39668,356787.10200298
1989-09-19,6.39668,6.39668,6.3103,6.3103,6.3103,281624.71874101
1989-09-20,6.3103,6.33916,6.30071,6.31999,6.31999,197729.98213493
1989-09-21,6.3103,6.33916,6.20434,6.22361,6.22361,289110.6047789
1989-09-22,6.24289,6.3103,6.19476,6.27166,6.27166,227981.09614129
1989-09-25,6.22361,6.24289,6.20434,6.20434,6.20434,254801.38982674
1989-09-26,6.22361,6.27166,6.22361,6.23331,6.23331,290356.06034217
1989-09-27,6.20434,6.22361,6.16589,6.16589,6.16589,445358.11449326
1989-09-28,6.18517,6.30071,6.16589,6.30071,6.30071,315929.88672141
1989-09-29,6.27166,6.42564,6.27166,6.39668,6.39668,692052.40811488
1989-10-02,6.38719,6.51222,6.38719,6.51222,6.51222,858283.79719427
1989-10-03,6.55067,6.56995,6.50265,6.55067,6.55067,980538.76749773
1989-10-04,6.57964,6.58913,6.54119,6.54119,6.54119,444425.28749949
1989-10-05,6.54119,6.55067,6.53141,6.54119,6.54119,178391.52751561
1989-10-06,6.54119,6.55067,6.50265,6.51222,6.51222,248566.01806683
1989-10-09,6.51222,6.51222,6.47357,6.50265,6.50265,68300.742620127
1989-10-10,6.49286,6.54119,6.49286,6.53141,6.53141,199913.32340669
1989-10-11,6.54119,6.54119,6.51222,6.53141,6.53141,250124.1021996
1989-10-12,6.53141,6.54119,6.46399,6.53141,6.53141,329030.94609493
1989-10-13,6.55067,6.6083,6.22361,6.22361,6.22361,654314.39632767
1989-10-16,6.23331,6.31999,6.19476,6.31999,6.31999,673027.593808
1989-10-17,6.28135,6.3775,6.27166,6.3103,6.3103,312813.71845587
1989-10-18,6.28135,6.47357,6.24289,6.39668,6.39668,562000.94668992
1989-10-19,6.38719,6.50265,6.38719,6.47357,6.47357,344621.90485206
1989-10-20,6.47357,6.57964,6.47357,6.51222,6.51222,600985.42578334
1989-10-23,6.56995,6.56995,6.51222,6.54119,6.54119,316242.5152909
1989-10-24,6.53141,6.54119,6.45441,6.54119,6.54119,916603.69567819
1989-10-25,6.51222,6.65644,6.51222,6.62748,6.62748,882921.7613509
1989-10-26,6.68539,6.73372,6.62748,6.69498,6.69498,627183.49755862
1989-10-27,6.69498,6.69498,6.51222,6.54119,6.54119,502746.19772635
1989-10-30,6.51222,6.54119,6.45441,6.50265,6.50265,160304.59891722
1989-10-31,6.53141,6.57964,6.50265,6.54119,6.54119,734468.71927217
1989-11-01,6.53141,6.58913,6.50265,6.58913,6.58913,445358.11449326
1989-11-02,6.6083,6.62748,6.57964,6.57964,6.57964,536426.10856774
1989-11-03,6.57964,6.65644,6.51222,6.57964,6.57964,452844.00053116
1989-11-06,6.57964,6.57964,6.47357,6.50265,6.50265,342440.58706618
1989-11-07,6.53141,6.55067,6.47357,6.55067,6.55067,208645.6767508
1989-11-08,6.55067,6.61799,6.55067,6.57964,6.57964,258234.23363355
1989-11-09,6.57964,6.57964,6.51222,6.51222,6.51222,211450.22818979
1989-11-10,6.50265,6.62748,6.50265,6.61799,6.61799,213323.97612088
1989-11-13,6.61799,6.62748,6.55067,6.57964,6.57964,203652.72532533
1989-11-14,6.57964,6.65644,6.57964,6.61799,6.61799,585704.06036688
1989-11-15,6.6083,6.69498,6.57964,6.69498,6.69498,351795.16232045
1989-11-16,6.69498,6.76239,6.66602,6.73372,6.73372,198353.21578803
1989-11-17,6.70467,6.83939,6.69498,6.83939,6.83939,724488.88687889
1989-11-20,6.83939,6.83939,6.76239,6.76239,6.76239,258855.44380076
1989-11-21,6.76239,6.76239,6.69498,6.74312,6.74312,387975.0899749
1989-11-22,6.73372,6.73372,6.6083,6.61799,6.61799,574164.12035495
1989-11-24,6.61799,6.68539,6.61799,6.66602,6.66602,285055.53906193
1989-11-27,6.65644,6.69498,6.6083,6.64674,6.64674,343688.06611534
1989-11-28,6.62748,6.64674,6.6083,6.61799,6.61799,287549.48541731
1989-11-29,6.61799,6.61799,6.54119,6.55067,6.55067,242327.61107809
1989-11-30,6.56995,6.58913,6.54119,6.58913,6.58913,429453.5154237
1989-12-01,6.6083,6.65644,6.6083,6.64674,6.64674,556074.15652773
1989-12-04,6.64674,6.64674,6.53141,6.58913,6.58913,129117.62268824
1989-12-05,6.6083,6.61799,6.47357,6.49286,6.49286,346497.67626904
1989-12-06,6.49286,6.50265,6.42564,6.47357,6.47357,524264.95838859
1989-12-07,6.41596,6.47357,6.3775,6.42564,6.42564,685191.77921598
1989-12-08,6.45441,6.46399,6.41596,6.41596,6.41596,232347.77868482
1989-12-11,6.39668,6.43533,6.34854,6.42564,6.42564,165294.51511385
1989-12-12,6.45441,6.46399,6.39668,6.46399,6.46399,266966.58697766
1989-12-13,6.46399,6.49286,6.41596,6.42564,6.42564,421967.6293858
1989-12-14,6.42564,6.47357,6.3775,6.45441,6.45441,196793.10816938
1989-12-15,6.46399,6.46399,6.22361,6.31999,6.31999,747566.74341687
1989-12-18,6.31999,6.31999,6.04066,6.12744,6.12744,650887.62297852
1989-12-19,6.11786,6.11786,5.93501,6.0122,6.0122,562312.56351647
1989-12-20,6.00261,6.07911,5.96397,6.04066,6.04066,885414.69596334
1989-12-21,6.04066,6.10828,6.04066,6.07911,6.07911,404817.57475296
1989-12-22,6.07911,6.07911,6.03127,6.03127,6.03127,350237.0781877
1989-12-26,6.04066,6.05035,6.03127,6.04066,6.04066,93562.952172802
1989-12-27,5.99293,6.089,5.99293,6.06962,6.06962,624686.51597441
1989-12-28,6.06962,6.089,6.06962,6.089,6.089,387352.86806474
1989-12-29,6.07911,6.11786,6.07911,6.089,6.089,156873.7785963
1990-01-02,6.06962,6.16589,6.03127,6.16589,6.16589,757237.99421241
1990-01-03,6.18517,6.20434,6.10828,6.12744,6.12744,760665.77930451
1990-01-04,6.12744,6.14663,6.089,6.12744,6.12744,349300.20422213
1990-01-05,6.12744,6.18517,6.06962,6.089,6.089,449723.78529384
1990-01-08,6.06962,6.06962,6.0122,6.04066,6.04066,415731.24588295
1990-01-09,6.06962,6.06962,5.96397,5.97365,5.97365,914108.73757987
1990-01-10,5.96397,6.0122,5.84842,5.88707,5.88707,521458.38346373
1990-01-11,5.88707,5.89676,5.76165,5.78091,5.78091,478106.21008384
1990-01-12,5.68494,5.73308,5.65608,5.69463,5.69463,542975.12064009
1990-01-15,5.68494,5.69463,5.57929,5.57929,5.57929,398265.52745178
1990-01-16,5.53095,5.53095,5.47323,5.53095,5.53095,263533.74317084
1990-01-17,5.53095,5.53095,5.3482,5.38685,5.38685,572916.64130579
1990-01-18,5.3386,5.46353,5.32902,5.46353,5.46353,1374127.0073223
1990-01-19,5.53095,5.5696,5.50228,5.52147,5.52147,1494199.648097
1990-01-22,5.49241,5.50228,5.30007,5.30007,5.30007,1449291.4140702
1990-01-23,5.3482,5.37725,5.14636,5.22327,5.22327,810876.55809741
1990-01-24,5.1174,5.22327,5.04061,5.14636,5.14636,845496.37813319
1990-01-25,5.25212,5.25212,5.06927,5.06927,5.06927,432261.10209151
1990-01-26,5.07886,5.1174,5.05978,5.07886,5.07886,475610.24024257
1990-01-29,5.10782,5.10782,5.04061,5.05978,5.05978,319670.300383
1990-01-30,5.06927,5.07886,4.98249,5.04061,5.04061,601299.06609578
1990-01-31,5.03082,5.09804,5.03082,5.05978,5.05978,487462.80882399
1990-02-01,5.06927,5.07886,5.04061,5.05978,5.05978,401696.3477727
1990-02-02,5.03082,5.04061,4.96332,5.02113,5.02113,512100.77298062
1990-02-05,5.00186,5.02113,4.98249,4.98249,4.98249,238897.80250012
1990-02-06,4.98249,5.00186,4.96332,5.00186,5.00186,831462.49176589
1990-02-07,4.96332,4.99227,4.95392,4.98249,4.98249,637475.95852139
1990-02-08,4.96332,4.98249,4.79035,4.86744,4.86744,688934.21636346
1990-02-09,4.86744,4.87703,4.76159,4.79993,4.79993,591007.61687596
1990-02-12,4.73262,4.73262,4.63645,4.69408,4.69408,881052.06039158
1990-02-13,4.72324,4.80962,4.68439,4.80962,4.80962,798090.15077927
1990-02-14,4.80962,4.83867,4.76159,4.80962,4.80962,293476.27557949
1990-02-15,4.80962,4.86744,4.79993,4.86744,4.86744,1958582.5768972
1990-02-16,4.96332,5.05978,4.94434,4.95392,4.95392,2312250.4754057
1990-02-20,4.88662,4.96332,4.88662,4.94434,4.94434,860464.10323721
1990-02-21,4.94434,5.1174,4.94434,5.1174,5.1174,917226.9293313
1990-02-22,5.07886,5.19411,5.07886,5.09804,5.09804,841441.31241621
1990-02-23,5.09804,5.1174,5.05978,5.06927,5.06927,569174.20415832
1990-02-26,5.06927,5.17513,5.06927,5.17513,5.17513,410428.70111681
1990-02-27,5.18492,5.18492,5.13679,5.14636,5.14636,886975.81532493
1990-02-28,5.14636,5.23296,5.13679,5.21347,5.21347,330901.6587972
1990-03-01,5.17513,5.30007,5.17513,5.26172,5.26172,490583.0240613
1990-03-02,5.32902,5.3482,5.30007,5.3482,5.3482,457519.26467241
1990-03-05,5.3482,5.36756,5.25212,5.2715,5.2715,544849.88031414
1990-03-06,5.29067,5.3386,5.26172,5.3386,5.3386,807443.7142906
1990-03-07,5.22327,5.2715,5.21347,5.22327,5.22327,517090.68917725
1990-03-08,5.23296,5.30007,5.22327,5.29067,5.29067,250437.74251203
1990-03-09,5.29067,5.30007,5.26172,5.26172,5.26172,327469.82673334
1990-03-12,5.25212,5.32902,5.23296,5.32902,5.32902,222679.5631181
1990-03-13,5.30007,5.3482,5.22327,5.26172,5.26172,421655.0008163
1990-03-14,5.22327,5.26172,5.1174,5.15595,5.15595,451597.53322494
1990-03-15,5.18492,5.21347,5.17513,5.19411,5.19411,193363.2995914
1990-03-16,5.25212,5.2715,5.22327,5.2715,5.2715,610653.64135006
1990-03-19,5.2715,5.2715,5.21347,5.22327,5.22327,539856.92888866
1990-03-20,5.23296,5.25212,5.22327,5.25212,5.25212,363959.34772844
1990-03-21,5.25212,5.25212,5.21347,5.21347,5.21347,282248.96413707
1990-03-22,5.18492,5.19411,5.09804,5.09804,5.09804,138784.82651201
1990-03-23,5.09804,5.10782,5.05978,5.09804,5.09804,390780.65315683
1990-03-26,5.07886,5.09804,5.06927,5.07886,5.07886,359594.6886708
1990-03-27,5.04061,5.10782,5.04061,5.10782,5.10782,352420.41945946
1990-03-28,5.06927,5.21347,5.06927,5.21347,5.21347,515531.59330154
1990-03-29,5.18492,5.21347,5.15595,5.21347,5.21347,386413.9706133
1990-03-30,5.19411,5.21347,5.17513,5.18492,5.18492,204280.00595022
1990-04-02,5.15595,5.17513,5.14636,5.15595,5.15595,316867.77242989
1990-04-03,5.17513,5.21347,5.15595,5.21347,5.21347,368016.43693131
1990-04-04,5.21347,5.23296,5.18492,5.23296,5.23296,689557.45001657
1990-04-05,5.2715,5.29067,5.21347,5.22327,5.22327,822106.90476867
1990-04-06,5.30007,5.30007,5.13679,5.13679,5.13679,551085.25207404
1990-04-09,5.13679,5.21347,5.13679,5.19411,5.19411,276321.16223193
1990-04-10,5.15595,5.17513,5.13679,5.17513,5.17513,373626.55155221
1990-04-11,5.17513,5.17513,5.06927,5.07886,5.07886,637784.54011911
1990-04-12,5.06927,5.17513,5.06927,5.17513,5.17513,445981.34814637
1990-04-16,5.22327,5.25212,5.15595,5.17513,5.17513,546719.58127345
1990-04-17,5.14636,5.15595,5.09804,5.13679,5.13679,357098.71882954
1990-04-18,5.1174,5.14636,5.09804,5.09804,5.09804,652133.07854181
1990-04-19,5.06927,5.06927,5.02113,5.02113,5.02113,420407.52176714
1990-04-20,5.03082,5.03082,4.86744,4.95392,4.95392,972118.03098018
1990-04-23,4.87703,4.87703,4.76159,4.82899,4.82899,672092.74332834
1990-04-24,4.83867,4.88662,4.79035,4.79035,4.79035,294723.75462865
1990-04-25,4.79993,4.83867,4.77127,4.79035,4.79035,334332.47911813
1990-04-26,4.79035,4.82899,4.73262,4.73262,4.73262,510228.03679246
1990-04-27,4.73262,4.75209,4.64614,4.71335,4.71335,445046.49766671
1990-04-30,4.71335,4.71335,4.6749,4.71335,4.71335,426334.31192933
1990-05-01,4.69408,4.72324,4.6749,4.68439,4.68439,323103.1441898
1990-05-02,4.68439,4.69408,4.65563,4.6749,4.6749,729477.79133259
1990-05-03,4.73262,4.75209,4.71335,4.72324,4.72324,782499.19202214
1990-05-04,4.72324,4.75209,4.65563,4.72324,4.72324,470621.33578888
1990-05-07,4.72324,4.75209,4.71335,4.73262,4.73262,763160.73740281
1990-05-08,4.76159,4.80962,4.76159,4.80962,4.80962,324037.99466947
1990-05-09,4.79993,4.90569,4.79993,4.90569,4.90569,284117.65335345
1990-05-10,4.90569,4.92497,4.90569,4.92497,4.92497,293786.8806631
1990-05-11,4.95392,5.02113,4.95392,5.02113,5.02113,404817.57475296
1990-05-14,5.05978,5.22327,5.04061,5.22327,5.22327,656812.38965482
1990-05-15,5.19411,5.23296,5.15595,5.18492,5.18492,427894.41954798
1990-05-16,5.17513,5.22327,5.15595,5.22327,5.22327,404817.57475296
1990-05-17,5.22327,5.2715,5.22327,5.25212,5.25212,641839.60583609
1990-05-18,5.19411,5.22327,5.17513,5.18492,5.18492,283183.81461672
1990-05-21,5.15595,5.25212,5.13679,5.25212,5.25212,433819.18622427
1990-05-22,5.32902,5.32902,5.22327,5.29067,5.29067,635913.82741685
1990-05-23,5.29067,5.32902,5.2715,5.30995,5.30995,597554.60546242
1990-05-24,5.30995,5.3482,5.29067,5.3482,5.3482,435691.92241244
1990-05-25,5.32902,5.3386,5.29067,5.30007,5.30007,194297.13832811
1990-05-29,5.30007,5.32902,5.30007,5.32902,5.32902,188061.7665682
1990-05-30,5.3386,5.3482,5.30995,5.30995,5.30995,387352.86806474
1990-05-31,5.30995,5.3482,5.30995,5.32902,5.32902,193363.2995914
1990-06-01,5.37725,5.4156,5.3386,5.40602,5.40602,414171.13826429
1990-06-04,5.4156,5.53095,5.4156,5.50228,5.50228,804016.94094145
1990-06-05,5.53095,5.67535,5.53095,5.65608,5.65608,1209146.1325209
1990-06-06,5.62722,5.68494,5.57929,5.62722,5.62722,526134.65934792
1990-06-07,5.62722,5.62722,5.5696,5.59846,5.59846,527381.12665413
1990-06-08,5.55022,5.5696,5.40602,5.40602,5.40602,469373.85673973
1990-06-11,5.4156,5.55022,5.4156,5.54073,5.54073,426959.56906832
1990-06-12,5.54073,5.55022,5.42529,5.49241,5.49241,491828.47962458
1990-06-13,5.48302,5.52147,5.46353,5.48302,5.48302,200848.17388634
1990-06-14,5.46353,5.46353,5.40602,5.40602,5.40602,224550.27582037
1990-06-15,5.3482,5.40602,5.3482,5.36756,5.36756,636851.71312533
1990-06-18,5.3482,5.38685,5.30007,5.30007,5.30007,594123.78514149
1990-06-19,5.30007,5.30995,5.23296,5.23296,5.23296,542353.91047288
1990-06-20,5.23296,5.25212,5.21347,5.22327,5.22327,345558.77881761
1990-06-21,5.22327,5.29067,5.22327,5.2715,5.2715,184317.30593485
1990-06-22,5.29067,5.29067,5.19411,5.19411,5.19411,227049.28089046
1990-06-25,5.18492,5.19411,5.1174,5.13679,5.13679,259792.31776631
1990-06-26,5.14636,5.23296,5.13679,5.13679,5.13679,541417.03650733
1990-06-27,5.1174,5.17513,5.1174,5.15595,5.15595,225172.49773054
1990-06-28,5.14636,5.14636,5.1174,5.13679,5.13679,145645.45541091
1990-06-29,5.14636,5.15595,5.1174,5.13679,5.13679,289421.20986252
1990-07-02,5.1174,5.17513,5.1174,5.14636,5.14636,176523.85004216
1990-07-03,5.15595,5.17513,5.13679,5.13679,5.13679,381113.44933305
1990-07-05,5.13679,5.13679,5.06927,5.06927,5.06927,300648.52130496
1990-07-06,5.06927,5.07886,5.04061,5.07886,5.07886,481848.64723131
1990-07-09,5.06927,5.13679,5.06927,5.13679,5.13679,213323.97612088
1990-07-10,5.1174,5.13679,5.06927,5.06927,5.06927,358657.81470525
1990-07-11,5.06927,5.09804,5.06927,5.09804,5.09804,201160.80245585
1990-07-12,5.06927,5.10782,5.06927,5.09804,5.09804,360217.92232391
1990-07-13,5.1174,5.15595,5.09804,5.10782,5.10782,359280.03661542
1990-07-16,5.1174,5.15595,5.07886,5.07886,5.07886,177767.28211955
1990-07-17,5.07886,5.10782,5.07886,5.10782,5.10782,814308.39016128
1990-07-18,5.09804,5.10782,5.07886,5.09804,5.09804,225486.13804298
1990-07-19,5.09804,5.09804,5.04061,5.09804,5.09804,385478.10839069
1990-07-20,5.07886,5.10782,4.96332,4.96332,4.96332,333395.60515257
1990-07-23,4.86744,4.90569,4.82899,4.87703,4.87703,719811.59925176
1990-07-24,4.90569,4.90569,4.77127,4.82899,4.82899,387975.0899749
1990-07-25,4.83867,4.87703,4.82899,4.86744,4.86744,61438.090235339
1990-07-26,4.86744,4.88662,4.83867,4.86744,4.86744,281624.71874101
1990-07-27,4.87703,4.87703,4.79993,4.82899,4.82899,639346.67122366
1990-07-30,4.80962,4.83867,4.79993,4.82899,4.82899,382048.29981271
1990-07-31,4.80962,4.83867,4.79993,4.80962,4.80962,421032.77890613
1990-08-01,4.82899,4.86744,4.76159,4.83867,4.83867,252931.68886741
1990-08-02,4.80962,4.86744,4.80962,4.83867,4.83867,608781.91690485
1990-08-03,4.82899,4.82899,4.71335,4.73262,4.73262,482472.89262737
1990-08-06,4.63645,4.63645,4.55946,4.61708,4.61708,411365.57508236
1990-08-07,4.64614,4.6749,4.60739,4.6749,4.6749,1803579.5110031
1990-08-08,4.64614,4.65563,4.63645,4.65563,4.65563,381423.04267372
1990-08-09,4.65563,4.65563,4.64614,4.64614,4.64614,144399.99984765
1990-08-10,4.63645,4.64614,4.63645,4.63645,4.63645,479977.93452905
1990-08-13,4.63645,4.64614,4.55946,4.60739,4.60739,668977.58680574
1990-08-14,4.61708,4.63645,4.60739,4.61708,4.61708,282559.56922067
1990-08-15,4.61708,4.72324,4.61708,4.65563,4.65563,323726.37784292
1990-08-16,4.63645,4.63645,4.50184,4.52121,4.52121,898516.76707981
1990-08-17,4.48256,4.49205,4.42504,4.46339,4.46339,1446793.4207431
1990-08-20,4.46339,4.54047,4.46339,4.48256,4.48256,230478.07772549
1990-08-21,4.42504,4.42504,4.38629,4.38629,4.38629,2052145.5290699
1990-08-22,4.40576,4.44421,4.40576,4.41525,4.41525,642153.24614852
1990-08-23,4.29971,4.34785,4.29971,4.33826,4.33826,532996.29998976
1990-08-24,4.36691,4.36691,4.29971,4.29971,4.29971,795908.83299339
1990-08-27,4.32876,4.37671,4.29971,4.3094,4.3094,656812.38965482
1990-08-28,4.3094,4.3094,4.29022,4.29971,4.29971,579465.65337814
1990-08-29,4.27094,4.33826,4.23249,4.29971,4.29971,893215.23405662
1990-08-30,4.32876,4.32876,4.26116,4.26116,4.26116,663359.37824128
1990-08-31,4.26116,4.32876,4.25158,4.32876,4.32876,284742.91049244
1990-09-04,4.3094,4.33826,4.29971,4.33826,4.33826,187125.90434561
1990-09-05,4.34785,4.36691,4.3094,4.34785,4.34785,1015469.1926171
1990-09-06,4.26116,4.29022,4.22282,4.29022,4.29022,306886.92829368
1990-09-07,4.26116,4.33826,4.26116,4.33826,4.33826,600363.20387318
1990-09-10,4.3094,4.40576,4.3094,4.33826,4.33826,288486.35938286
1990-09-11,4.33826,4.34785,4.29971,4.32876,4.32876,311252.59909428
1990-09-12,4.34785,4.34785,4.32876,4.33826,4.33826,407934.75476144
1990-09-13,4.36691,4.36691,4.29022,4.29022,4.29022,2818113.8531406
1990-09-14,4.25158,4.25158,4.0882,4.11705,4.11705,599425.31816469
1990-09-17,4.11705,4.26116,4.11705,4.25158,4.25158,896018.77375266
1990-09-18,4.22282,4.29971,4.19404,4.27094,4.27094,391404.89855288
1990-09-19,4.32876,4.32876,4.29022,4.29971,4.29971,236402.8444018
1990-09-20,4.27094,4.29022,4.22282,4.24198,4.24198,1003928.2408622
1990-09-21,4.25158,4.25158,4.14591,4.16509,4.16509,1169535.3845456
1990-09-24,4.13633,4.14591,4.01129,4.03037,4.03037,1167040.4264473
1990-09-25,4.03996,4.06872,3.95348,3.99193,3.99193,731350.52752075
1990-09-26,3.97274,3.98223,3.89595,3.90544,3.90544,783432.01901592
1990-09-27,3.9342,3.9342,3.74197,3.78032,3.78032,1784557.7319251
1990-09-28,3.75135,3.87667,3.75135,3.8669,3.8669,983969.58781866
1990-10-01,3.91523,4.03996,3.90544,4.03996,4.03996,656812.38965482
1990-10-02,4.05923,4.09787,4.03996,4.03996,4.03996,626558.24041963
1990-10-03,4.03996,4.0882,3.95348,3.97274,3.97274,474988.01833241
1990-10-04,3.97274,3.98223,3.91523,3.98223,3.98223,351483.5454939
1990-10-05,3.9342,4.03037,3.68424,3.70361,3.70361,1782684.9957369
1990-10-08,3.70361,3.76113,3.58797,3.60714,3.60714,1600236.3790185
1990-10-09,3.58797,3.58797,3.48211,3.492,3.492,1225051.7433334
1990-10-10,3.492,3.492,3.40521,3.44376,3.44376,1357285.5342873
1990-10-11,3.43407,3.53024,3.43407,3.51117,3.51117,731973.76117386
1990-10-12,3.51117,3.66506,3.51117,3.64559,3.64559,982410.49194294
1990-10-15,3.67455,3.72278,3.67455,3.68424,3.68424,666166.9649091
1990-10-16,3.70361,3.72278,3.67455,3.68424,3.68424,692052.40811488
1990-10-17,3.67455,3.79009,3.67455,3.713,3.713,499002.74883593
1990-10-18,3.72278,3.79009,3.72278,3.76113,3.76113,393275.61125515
1990-10-19,3.81875,3.8669,3.79958,3.8669,3.8669,643713.35376718
1990-10-22,3.8573,3.91523,3.81875,3.91523,3.91523,386413.9706133
1990-10-23,3.91523,3.9342,3.89595,3.90544,3.90544,360529.53915047
1990-10-24,3.87667,3.89595,3.82855,3.83813,3.83813,422905.5150943
1990-10-25,3.82855,3.83813,3.68424,3.78032,3.78032,391404.89855288
1990-10-26,3.70361,3.75135,3.6359,3.64559,3.64559,479044.09579233
1990-10-29,3.62621,3.6359,3.48211,3.51117,3.51117,332773.38324241
1990-10-30,3.52066,3.54922,3.47282,3.51117,3.51117,803080.06697591
1990-10-31,3.48211,3.52066,3.44376,3.47282,3.47282,1669473.9956041
1990-11-01,3.44376,3.58797,3.44376,3.53024,3.53024,689557.45001657
1990-11-02,3.52066,3.79958,3.48211,3.79009,3.79009,1193551.1267921
1990-11-05,3.79958,3.90544,3.79009,3.8573,3.8573,851732.76163604
1990-11-06,3.82855,3.82855,3.78032,3.78032,3.78032,558570.126369
1990-11-07,3.75135,3.76113,3.66506,3.66506,3.66506,440678.80338024
1990-11-08,3.64559,3.76113,3.6359,3.68424,3.68424,443800.03036049
1990-11-09,3.68424,3.79958,3.68424,3.79009,3.79009,817740.22222515
1990-11-12,3.79958,3.95348,3.79958,3.95348,3.95348,489333.52152627
1990-11-13,3.94368,3.94368,3.89595,3.89595,3.89595,514595.73107894
1990-11-14,3.91523,3.94368,3.89595,3.89595,3.89595,467812.73737813
1990-11-15,3.8669,3.91523,3.8669,3.90544,3.90544,596931.37180931
1990-11-16,3.90544,3.98223,3.8573,3.89595,3.89595,1084394.1806333
1990-11-19,3.89595,3.91523,3.87667,3.89595,3.89595,948728.55761565
1990-11-20,3.89595,3.89595,3.8669,3.8669,3.8669,581961.62321941
1990-11-21,3.87667,3.89595,3.79958,3.82855,3.82855,974612.9890785
1990-11-23,3.79958,3.8573,3.79958,3.79958,3.79958,172469.79606814
1990-11-26,3.78032,3.89595,3.76113,3.89595,3.89595,264469.60539346
1990-11-27,3.8669,4.0882,3.8669,4.02088,4.02088,965881.64747733
1990-11-28,4.03037,4.10746,4.03037,4.05923,4.05923,759106.68342879
1990-11-29,4.01129,4.02088,3.97274,3.99193,3.99193,586639.92258947
1990-11-30,3.95348,4.0882,3.95348,4.06872,4.06872,511166.9342439
1990-12-03,4.0882,4.09787,4.03037,4.06872,4.06872,553579.19842942
1990-12-04,4.03996,4.05923,4.01129,4.02088,4.02088,439120.71924747
1990-12-05,4.01129,4.06872,3.99193,4.05923,4.05923,886351.56992889
1990-12-06,4.19404,4.25158,4.16509,4.17478,4.17478,2224614.3133951
1990-12-07,4.06872,4.09787,4.03037,4.06872,4.06872,391404.89855288
1990-12-10,4.03996,4.06872,4.03037,4.06872,4.06872,179952.64687721
1990-12-11,4.06872,4.06872,4.01129,4.02088,4.02088,297839.92289419
1990-12-12,4.01129,4.11705,4.01129,4.11705,4.11705,210518.41293895
1990-12-13,4.09787,4.10746,4.0882,4.0882,4.0882,281312.09017151
1990-12-14,4.06872,4.10746,4.05923,4.0882,4.0882,340568.86262098
1990-12-17,4.05923,4.0882,4.02088,4.03037,4.03037,372693.72455844
1990-12-18,4.02088,4.25158,4.02088,4.25158,4.25158,318737.47338922
1990-12-19,4.19404,4.25158,4.19404,4.22282,4.22282,438497.48559436
1990-12-20,4.11705,4.27094,4.11705,4.19404,4.19404,350237.0781877
1990-12-21,4.27094,4.27094,4.21333,4.24198,4.24198,542353.91047288
1990-12-24,4.21333,4.24198,4.18446,4.21333,4.21333,62373.952457943
1990-12-26,4.21333,4.29022,4.21333,4.26116,4.26116,231102.32312155
1990-12-27,4.24198,4.27094,4.14591,4.16509,4.16509,307510.16194679
1990-12-28,4.17478,4.19404,4.14591,4.16509,4.16509,312500.07814343
1990-12-31,4.13633,4.19404,4.13633,4.18446,4.18446,220810.87390172
1991-01-02,4.18446,4.24198,4.09787,4.09787,4.09787,252931.68886741
1991-01-03,4.09787,4.09787,4.02088,4.02088,4.02088,183383.46719812
1991-01-04,4.02088,4.03037,3.8669,3.91523,3.91523,307510.16194679
1991-01-07,3.8669,3.89595,3.81875,3.81875,3.81875,451597.53322494
1991-01-08,3.79009,3.82855,3.76113,3.79958,3.79958,727919.70719981
1991-01-09,3.82855,3.90544,3.74197,3.76113,3.76113,523013.43236767
1991-01-10,3.76113,3.79009,3.68424,3.79009,3.79009,388909.94045456
1991-01-11,3.76113,3.79958,3.76113,3.79958,3.79958,188061.7665682
1991-01-14,3.78032,3.81875,3.74197,3.79009,3.79009,263533.74317084
1991-01-15,3.81875,3.8573,3.79009,3.8573,3.8573,287549.48541731
1991-01-16,3.82855,3.9342,3.79009,3.9342,3.9342,261666.06569741
1991-01-17,4.09787,4.09787,3.99193,4.01129,4.01129,564810.55684362
1991-01-18,4.01129,4.03996,3.95348,4.03037,4.03037,1368511.8339868
1991-01-21,4.03037,4.06872,3.99193,4.06872,4.06872,345869.38390121
1991-01-22,4.03996,4.19404,4.03996,4.19404,4.19404,422905.5150943
1991-01-23,4.21333,4.37671,4.19404,4.29971,4.29971,218937.12597063
1991-01-24,4.3094,4.42504,4.3094,4.33826,4.33826,421655.0008163
1991-01-25,4.36691,4.46339,4.36691,4.44421,4.44421,233283.64090742
1991-01-28,4.45389,4.50184,4.44421,4.48256,4.48256,381113.44933305
1991-01-29,4.48256,4.50184,4.45389,4.45389,4.45389,564185.29970463
1991-01-30,4.48256,4.60739,4.46339,4.48256,4.48256,311875.83274737
1991-01-31,4.45389,4.60739,4.45389,4.5307,4.5307,627495.11438517
1991-02-01,4.5307,4.57853,4.5307,4.55946,4.55946,333708.23372207
1991-02-04,4.56895,4.71335,4.56895,4.6749,4.6749,728542.94085293
1991-02-05,4.69408,4.76159,4.6749,4.75209,4.75209,552646.37143564
1991-02-06,4.72324,4.88662,4.71335,4.88662,4.88662,378306.87440818
1991-02-07,4.88662,4.92497,4.80962,4.82899,4.82899,470621.33578888
1991-02-08,4.80962,4.82899,4.76159,4.82899,4.82899,353356.28168205
1991-02-11,4.80962,5.00186,4.80962,4.94434,4.94434,498066.88661332
1991-02-12,4.91538,5.04061,4.91538,5.00186,5.00186,568239.35367866
1991-02-13,5.00186,5.14636,4.99227,5.14636,5.14636,543288.76095254
1991-02-14,5.14636,5.15595,5.04061,5.07886,5.07886,687064.51540413
1991-02-15,5.05978,5.1174,5.04061,5.07886,5.07886,1217876.4623791
1991-02-19,5.05978,5.05978,4.94434,5.00186,5.00186,574477.7606674
1991-02-20,4.98249,4.99227,4.83867,4.86744,4.86744,325909.71911467
1991-02-21,4.86744,4.90569,4.84827,4.86744,4.86744,386103.36552968
1991-02-22,4.88662,4.96332,4.83867,4.86744,4.86744,324037.99466947
1991-02-25,4.88662,4.94434,4.79993,4.80962,4.80962,507734.09043709
1991-02-26,4.73262,4.80962,4.73262,4.76159,4.76159,468750.62308662
1991-02-27,4.79035,4.88662,4.77127,4.83867,4.83867,568239.35367866
1991-02-28,4.88662,5.00186,4.84827,4.99227,4.99227,515220.98821793
1991-03-01,4.96332,5.00186,4.92497,4.98249,4.98249,680201.86301935
1991-03-04,4.94434,5.05978,4.94434,5.02113,5.02113,348054.74865887
1991-03-05,5.00186,5.22327,5.00186,5.18492,5.18492,420097.92842647
1991-03-06,5.29067,5.29067,5.15595,5.22327,5.22327,523013.43236767
1991-03-07,5.15595,5.17513,5.00186,5.03082,5.03082,257298.37141093
1991-03-08,5.04061,5.04061,4.94434,4.98249,4.98249,499625.98248903
1991-03-11,4.95392,4.96332,4.92497,4.92497,4.92497,286926.2517642
1991-03-12,4.92497,4.94434,4.87703,4.88662,4.88662,653380.55759096
1991-03-13,4.90569,4.91538,4.87703,4.90569,4.90569,3632422.2433019
1991-03-14,4.91538,4.94434,4.79035,4.79993,4.79993,1005178.7551402
1991-03-15,4.79993,4.80962,4.68439,4.71335,4.71335,654940.66520961
1991-03-18,4.71335,4.77127,4.71335,4.71335,4.71335,513660.88059927
1991-03-19,4.68439,4.72324,4.65563,4.68439,4.68439,602854.11499972
1991-03-20,4.68439,4.79035,4.65563,4.77127,4.77127,781246.65425826
1991-03-21,4.77127,4.80962,4.76159,4.76159,4.76159,321546.07179998
1991-03-22,4.73262,4.79993,4.73262,4.79993,4.79993,445046.49766671
1991-03-25,4.82899,4.91538,4.80962,4.91538,4.91538,338073.90452265
1991-03-26,4.96332,5.10782,4.95392,5.10782,5.10782,345869.38390121
1991-03-27,5.22327,5.30007,5.18492,5.26172,5.26172,675837.2039617
1991-03-28,5.37725,5.45406,5.26172,5.45406,5.45406,1096868.9711248
1991-04-01,5.37725,5.37725,5.29067,5.30995,5.30995,619385.99469418
1991-04-02,5.30007,5.38685,5.30007,5.38685,5.38685,473117.30563015
1991-04-03,5.37725,5.53095,5.37725,5.45406,5.45406,939995.1925286
1991-04-04,5.46353,5.50228,5.45406,5.45406,5.45406,692052.40811488
1991-04-05,5.46353,5.49241,5.29067,5.29067,5.29067,429764.1205073
1991-04-08,5.32902,5.40602,5.30007,5.37725,5.37725,318737.47338922
1991-04-09,5.40602,5.45406,5.36756,5.37725,5.37725,586639.92258947
1991-04-10,5.38685,5.4156,5.3386,5.37725,5.37725,377058.38361608
1991-04-11,5.40602,5.52147,5.40602,5.48302,5.48302,910678.92900189
1991-04-12,5.52147,5.53095,5.48302,5.49241,5.49241,415108.01222983
1991-04-15,5.53095,5.59846,5.50228,5.54073,5.54073,537051.36570673
1991-04-16,5.56001,5.70422,5.54073,5.70422,5.70422,875750.52736839
1991-04-17,5.73308,5.78091,5.68494,5.75225,5.75225,579465.65337814
1991-04-18,5.69463,5.80997,5.69463,5.80049,5.80049,602854.11499972
1991-04-19,5.76165,5.78091,5.69463,5.73308,5.73308,597554.60546242
1991-04-22,5.72339,5.72339,5.63671,5.65608,5.65608,531746.79745472
1991-04-23,5.67535,5.69463,5.48302,5.50228,5.50228,348365.35374248
1991-04-24,5.52147,5.52147,5.42529,5.45406,5.45406,234530.10821363
1991-04-25,5.37725,5.38685,5.30995,5.36756,5.36756,323726.37784292
1991-04-26,5.32902,5.32902,5.22327,5.25212,5.25212,352420.41945946
1991-04-29,5.23296,5.23296,5.04061,5.04061,5.04061,819608.91144153
1991-04-30,5.05978,5.14636,5.02113,5.04061,5.04061,855787.82735302
1991-05-01,5.06927,5.19411,5.06927,5.1174,5.1174,377058.38361608
1991-05-02,5.25212,5.30995,5.22327,5.25212,5.25212,570108.04289504
1991-05-03,5.22327,5.23296,5.06927,5.1174,5.1174,459393.01260351
1991-05-06,5.15595,5.17513,5.1174,5.15595,5.15595,363025.50899171
1991-05-07,5.15595,5.15595,5.07886,5.07886,5.07886,819298.30635791
1991-05-08,5.07886,5.07886,4.98249,5.04061,5.04061,595058.63562115
1991-05-09,5.04061,5.10782,4.96332,5.10782,5.10782,298777.80860268
1991-05-10,5.1174,5.15595,4.98249,4.99227,4.99227,346497.67626904
1991-05-13,5.04061,5.04061,4.96332,4.96332,4.96332,167166.23955907
1991-05-14,4.90569,4.95392,4.86744,4.86744,4.86744,579465.65337814
1991-05-15,4.88662,4.92497,4.76159,4.80962,4.80962,387036.19252346
1991-05-16,4.83867,4.83867,4.79035,4.80962,4.80962,296908.10764336
1991-05-17,4.83867,4.83867,4.77127,4.79993,4.79993,379554.35345734
1991-05-20,4.80962,4.83867,4.79035,4.79035,4.79035,218313.89231751
1991-05-21,4.79993,4.92497,4.79993,4.88662,4.88662,595058.63562115
1991-05-22,4.90569,4.95392,4.88662,4.95392,4.95392,641839.60583609
1991-05-23,4.95392,4.99227,4.86744,4.91538,4.91538,375810.90456692
1991-05-24,4.91538,5.09804,4.90569,5.02113,5.02113,446916.19862603
1991-05-28,5.04061,5.04061,4.99227,5.02113,5.02113,389220.54553817
1991-05-29,5.00186,5.02113,4.99227,5.00186,5.00186,229539.18027406
1991-05-30,4.99227,5.14636,4.99227,5.1174,5.1174,437247.98305931
1991-05-31,5.1174,5.32902,5.07886,5.32902,5.32902,629676.43217105
1991-06-03,5.30007,5.30007,5.14636,5.17513,5.17513,589759.12608385
1991-06-04,5.1174,5.17513,5.09804,5.17513,5.17513,464071.31197358
1991-06-05,5.17513,5.19411,5.13679,5.14636,5.14636,173402.62306191
1991-06-06,5.04061,5.05978,5.02113,5.02113,5.02113,292851.01844049
1991-06-07,4.99227,4.99227,4.96332,4.98249,4.98249,150950.02366294
1991-06-10,4.98249,5.02113,4.94434,5.00186,5.00186,302209.64066655
1991-06-11,5.02113,5.02113,4.83867,4.88662,4.88662,360529.53915047
1991-06-12,4.86744,4.87703,4.79035,4.83867,4.83867,1097492.2047781
1991-06-13,4.83867,4.90569,4.82899,4.88662,4.88662,418537.82080781
1991-06-14,4.86744,4.88662,4.82899,4.84827,4.84827,402006.95285631
1991-06-17,4.83867,4.83867,4.76159,4.77127,4.77127,286926.2517642
1991-06-18,4.77127,4.79035,4.68439,4.72324,4.72324,256674.12601489
1991-06-19,4.69408,4.71335,4.64614,4.69408,4.69408,383606.38394549
1991-06-20,4.71335,4.79035,4.69408,4.79035,4.79035,335265.30611189
1991-06-21,4.79993,4.79993,4.72324,4.79035,4.79035,474988.01833241
1991-06-24,4.79035,4.79035,4.76159,4.76159,4.76159,204280.00595022
1991-06-25,4.76159,4.77127,4.75209,4.76159,4.76159,195546.64086316
1991-06-26,4.79035,4.83867,4.75209,4.80962,4.80962,147205.56302958
1991-06-27,4.84827,4.86744,4.77127,4.80962,4.80962,176834.45512578
1991-06-28,4.77127,4.79993,4.75209,4.77127,4.77127,250437.74251203
1991-07-01,4.83867,4.84827,4.80962,4.80962,4.80962,318737.47338922
1991-07-02,4.80962,4.80962,4.79035,4.79993,4.79993,261352.42538498
1991-07-03,4.79993,4.79993,4.71335,4.72324,4.72324,190557.73640947
1991-07-05,4.65563,4.68439,4.65563,4.6749,4.6749,270084.77872909
1991-07-08,4.63645,4.63645,4.57853,4.63645,4.63645,450349.04243284
1991-07-09,4.61708,4.65563,4.61708,4.63645,4.63645,390780.65315683
1991-07-10,4.59781,4.6749,4.59781,4.60739,4.60739,573537.85147302
1991-07-11,4.59781,4.64614,4.56895,4.59781,4.59781,251996.83838776
1991-07-12,4.63645,4.65563,4.55946,4.59781,4.59781,344621.90485206
1991-07-15,4.52121,4.65563,4.52121,4.60739,4.60739,444425.28749949
1991-07-16,4.60739,4.61708,4.59781,4.61708,4.61708,538608.43809656
1991-07-17,4.60739,4.60739,4.50184,4.52121,4.52121,749439.47960501
1991-07-18,4.55946,4.55946,4.50184,4.55946,4.55946,1303019.6897774
1991-07-19,4.55946,4.60739,4.5307,4.59781,4.59781,442863.15639494
1991-07-22,4.5307,4.5307,4.38629,4.38629,4.38629,448791.97004302
1991-07-23,4.41525,4.52121,4.38629,4.48256,4.48256,540482.18602766
1991-07-24,4.45389,4.46339,4.29022,4.31908,4.31908,913797.12075332
1991-07-25,4.31908,4.34785,4.31908,4.34785,4.34785,430702.00621579
1991-07-26,4.36691,4.37671,4.33826,4.36691,4.36691,697668.59319345
1991-07-29,4.36691,4.40576,4.36691,4.38629,4.38629,406372.62365689
1991-07-30,4.37671,4.48256,4.37671,4.46339,4.46339,644647.19250389
1991-07-31,4.49205,4.60739,4.49205,4.60739,4.60739,817118.00031498
1991-08-01,4.60739,4.73262,4.60739,4.71335,4.71335,1224114.8693679
1991-08-02,4.79993,4.79993,4.6749,4.69408,4.69408,409804.45572076
1991-08-05,4.71335,4.72324,4.65563,4.6749,4.6749,319670.300383
1991-08-06,4.65563,4.68439,4.63645,4.65563,4.65563,571669.16225664
1991-08-07,4.65563,4.65563,4.60739,4.65563,4.65563,493700.20406978
1991-08-08,4.64614,4.6749,4.59781,4.61708,4.61708,364895.20995104
1991-08-09,4.61708,4.64614,4.5307,4.5307,4.5307,317179.38925644
1991-08-12,4.5307,4.5307,4.48256,4.50184,4.50184,566368.64097639
1991-08-13,4.48256,4.52121,4.46339,4.49205,4.49205,1288048.9294445
1991-08-14,4.50184,4.52121,4.49205,4.50184,4.50184,634353.71979818
1991-08-15,4.50184,4.54047,4.49205,4.52121,4.52121,418227.21572421
1991-08-16,4.5307,4.5307,4.38629,4.40576,4.40576,409494.86238009
1991-08-19,4.27094,4.37671,4.22282,4.31908,4.31908,387036.19252346
1991-08-20,4.38629,4.42504,4.36691,4.38629,4.38629,358032.55756625
1991-08-21,4.5307,4.55946,4.42504,4.45389,4.45389,526758.90474397
1991-08-22,4.40576,4.44421,4.37671,4.38629,4.38629,323103.1441898
1991-08-23,4.38629,4.42504,4.37671,4.41525,4.41525,323726.37784292
1991-08-26,4.44421,4.45389,4.38629,4.41525,4.41525,207086.58087509
1991-08-27,4.40576,4.41525,4.29022,4.29022,4.29022,656499.76108532
1991-08-28,4.29971,4.31908,4.25158,4.27094,4.27094,856098.43243663
1991-08-29,4.29971,4.34785,4.27094,4.33826,4.33826,249500.86854649
1991-08-30,4.32876,4.34785,4.32876,4.34785,4.34785,508358.33583315
1991-09-03,4.34785,4.37671,4.32876,4.32876,4.32876,444425.28749949
1991-09-04,4.34785,4.34785,4.32876,4.34785,4.34785,348987.57565264
1991-09-05,4.34785,4.36691,4.34785,4.36691,4.36691,429453.5154237
1991-09-06,4.29022,4.34785,4.27094,4.34785,4.34785,531746.79745472
1991-09-09,4.33826,4.36691,4.32876,4.34785,4.34785,457519.26467241
1991-09-10,4.34785,4.36691,4.32876,4.36691,4.36691,591629.83878612
1991-09-11,4.33826,4.38629,4.29971,4.34785,4.34785,1467376.3191827
1991-09-12,4.37671,4.50184,4.36691,4.48256,4.48256,572605.02447924
1991-09-13,4.54047,4.55946,4.49205,4.55946,4.55946,770958.24026728
1991-09-16,4.55946,4.57853,4.50184,4.56895,4.56895,711389.85099126
1991-09-17,4.55946,4.59781,4.55946,4.59781,4.59781,237961.9402775
1991-09-18,4.59781,4.59781,4.5307,4.54047,4.54047,161241.47288276
1991-09-19,4.5307,4.61708,4.5307,4.60739,4.60739,430702.00621579
1991-09-20,4.63645,4.69408,4.57853,4.6749,4.6749,720746.44973142
1991-09-23,4.65563,4.6749,4.60739,4.61708,4.61708,225172.49773054
1991-09-24,4.61708,4.63645,4.59781,4.59781,4.59781,202721.92181745
1991-09-25,4.59781,4.60739,4.48256,4.50184,4.50184,324665.27529436
1991-09-26,4.46339,4.55946,4.45389,4.5307,4.5307,469373.85673973
1991-09-27,4.55946,4.59781,4.54047,4.57853,4.57853,241703.36568204
1991-09-30,4.57853,4.63645,4.54047,4.63645,4.63645,251058.95267927
1991-10-01,4.63645,4.65563,4.5307,4.5307,4.5307,510542.68884784
1991-10-02,4.54047,4.59781,4.5307,4.57853,4.57853,130676.71856396
1991-10-03,4.55946,4.59781,4.54047,4.57853,4.57853,162174.29987655
1991-10-04,4.59781,4.60739,4.55946,4.55946,4.55946,167166.23955907
1991-10-07,4.56895,4.60739,4.54047,4.57853,4.57853,181823.35957946
1991-10-08,4.59781,4.65563,4.56895,4.65563,4.65563,352420.41945946
1991-10-09,4.65563,4.71335,4.52121,4.55946,4.55946,240144.26980632
1991-10-10,4.57853,4.80962,4.55946,4.80962,4.80962,564185.29970463
1991-10-11,4.80962,4.80962,4.73262,4.76159,4.76159,389844.79093423
1991-10-14,4.76159,4.77127,4.73262,4.73262,4.73262,191492.58688913
1991-10-15,4.73262,4.73262,4.6749,4.71335,4.71335,274451.4612726
1991-10-16,4.68439,4.73262,4.65563,4.71335,4.71335,518336.14474053
1991-10-17,4.71335,4.77127,4.65563,4.73262,4.73262,552956.97651925
1991-10-18,4.75209,4.95392,4.75209,4.95392,4.95392,685504.40778548
1991-10-21,4.94434,4.94434,4.80962,4.86744,4.86744,331523.88070736
1991-10-22,4.84827,4.94434,4.84827,4.90569,4.90569,619698.62326367
1991-10-23,4.90569,5.04061,4.90569,5.00186,5.00186,348365.35374248
1991-10-24,5.00186,5.00186,4.94434,4.99227,4.99227,232036.16185827
1991-10-25,4.99227,4.99227,4.87703,4.90569,4.90569,454715.72497636
1991-10-28,4.94434,4.95392,4.91538,4.91538,4.91538,444425.28749949
1991-10-29,4.92497,5.03082,4.91538,5.00186,5.00186,386413.9706133
1991-10-30,5.03082,5.30995,5.02113,5.25212,5.25212,724488.88687889
1991-10-31,5.32902,5.32902,5.22327,5.32902,5.32902,755675.86310787
1991-11-01,5.32902,5.56001,5.29067,5.49241,5.49241,843003.44352076
1991-11-04,5.46353,5.46353,5.29067,5.3386,5.3386,468750.62308662
1991-11-05,5.3386,5.36756,5.23296,5.25212,5.25212,586639.92258947
1991-11-06,5.29067,5.37725,5.29067,5.36756,5.36756,500560.83296869
1991-11-07,5.36756,5.56001,5.36756,5.56001,5.56001,680201.86301935
1991-11-08,5.60815,5.60815,5.46353,5.48302,5.48302,406998.89253883
1991-11-11,5.45406,5.63671,5.45406,5.59846,5.59846,870444.94737342
1991-11-12,5.63671,5.78091,5.60815,5.76165,5.76165,794660.34220129
1991-11-13,5.73308,5.78091,5.68494,5.77153,5.77153,662113.92267801
1991-11-14,5.83893,6.0122,5.82915,6.0122,6.0122,779066.34821533
1991-11-15,5.93501,5.93501,5.65608,5.7138,5.7138,1037923.815502
1991-11-18,5.7138,5.7138,5.42529,5.49241,5.49241,797156.31204255
1991-11-19,5.37725,5.40602,5.18492,5.30995,5.30995,932818.89983137
1991-11-20,5.3386,5.45406,5.30995,5.3386,5.3386,598487.43245619
1991-11-21,5.3482,5.37725,5.29067,5.30007,5.30007,609718.79087039
1991-11-22,5.30007,5.30007,5.22327,5.25212,5.25212,377682.62901213
1991-11-25,5.25212,5.30995,5.22327,5.2715,5.2715,545784.73079379
1991-11-26,5.2715,5.37725,5.26172,5.36756,5.36756,789982.04283121
1991-11-27,5.3482,5.36756,5.32902,5.3482,5.3482,305950.05432813
1991-11-29,5.3482,5.37725,5.32902,5.3386,5.3386,126312.05950631
1991-12-02,5.30995,5.5696,5.29067,5.5696,5.5696,721058.06655797
1991-12-03,5.53095,5.5696,5.50228,5.50228,5.50228,481537.03040476
1991-12-04,5.49241,5.50228,5.38685,5.42529,5.42529,236714.46122835
1991-12-05,5.40602,5.40602,5.32902,5.36756,5.36756,409494.86238009
1991-12-06,5.37725,5.52147,5.37725,5.44437,5.44437,383920.02425793
1991-12-09,5.37725,5.50228,5.37725,5.48302,5.48302,508668.94091675
1991-12-10,5.48302,5.5696,5.48302,5.52147,5.52147,328404.67721299
1991-12-11,5.49241,5.54073,5.40602,5.46353,5.46353,672092.74332834
1991-12-12,5.48302,5.54073,5.45406,5.48302,5.48302,232347.77868482
1991-12-13,5.48302,5.49241,5.3482,5.37725,5.37725,290979.29399529
1991-12-16,5.40602,5.42529,5.32902,5.3386,5.3386,811812.42032001
1991-12-17,5.37725,5.37725,5.3386,5.37725,5.37725,362710.85693634
1991-12-18,5.42529,5.42529,5.30995,5.37725,5.37725,324037.99466947
1991-12-19,5.3482,5.3482,5.30007,5.32902,5.32902,434758.08367571
1991-12-20,5.42529,5.6464,5.40602,5.59846,5.59846,1000812.0725967
1991-12-23,5.56001,5.73308,5.50228,5.7138,5.7138,546408.97618985
1991-12-24,5.96397,6.04066,5.93501,6.0122,6.0122,990205.97132151
1991-12-26,6.0122,6.14663,5.99293,6.04066,6.04066,1163296.9775568
1991-12-27,6.04066,6.089,6.04066,6.06962,6.06962,429764.1205073
1991-12-30,6.07911,6.24289,6.04066,6.23331,6.23331,1063184.0015687
1991-12-31,6.27166,6.31999,6.22361,6.26206,6.26206,502746.19772635
1992-01-02,6.16589,6.18517,6.06962,6.07911,6.07911,580401.51560075
1992-01-03,6.10828,6.15622,6.07911,6.14663,6.14663,566368.64097639
1992-01-06,6.06962,6.16589,6.06962,6.10828,6.10828,521767.97680439
1992-01-07,6.10828,6.14663,6.06962,6.14663,6.14663,722305.54560713
1992-01-08,6.14663,6.19476,6.07911,6.10828,6.10828,501809.3237608
1992-01-09,6.089,6.12744,6.0122,6.04066,6.04066,437560.61162881
1992-01-10,6.04066,6.12744,6.04066,6.11786,6.11786,758171.83294913
1992-01-13,6.10828,6.12744,6.06962,6.10828,6.10828,376745.75504659
1992-01-14,6.11786,6.22361,6.10828,6.22361,6.22361,603793.01245116
1992-01-15,6.23331,6.23331,6.10828,6.14663,6.14663,819608.91144153
1992-01-16,6.11786,6.12744,6.06962,6.12744,6.12744,335265.30611189
1992-01-17,6.15622,6.16589,6.06962,6.11786,6.11786,418537.82080781
1992-01-20,6.089,6.10828,5.96397,5.99293,5.99293,452844.00053116
1992-01-21,5.98324,5.99293,5.91573,5.93501,5.93501,396706.43157607
1992-01-22,5.95428,6.0122,5.92542,5.93501,5.93501,721058.06655797
1992-01-23,5.98324,5.98324,5.91573,5.92542,5.92542,334332.47911813
1992-01-24,5.93501,5.93501,5.83893,5.84842,5.84842,574164.12035495
1992-01-27,5.85821,5.85821,5.73308,5.75225,5.75225,448791.97004302
1992-01-28,5.7908,5.95428,5.75225,5.85821,5.85821,381113.44933305
1992-01-29,5.82915,5.85821,5.76165,5.77153,5.77153,480911.77326577
1992-01-30,5.77153,5.77153,5.5696,5.6464,5.6464,504304.2818591
1992-01-31,5.63671,5.63671,5.40602,5.53095,5.53095,847053.45052301
1992-02-03,5.56001,5.67535,5.56001,5.65608,5.65608,561376.70129386
1992-02-04,5.63671,5.72339,5.61754,5.6464,5.6464,734780.33609872
1992-02-05,5.6464,5.7138,5.63671,5.67535,5.67535,408870.61698404
1992-02-06,5.67535,5.67535,5.54073,5.56001,5.56001,298153.56320663
1992-02-07,5.5696,5.63671,5.53095,5.5696,5.5696,511166.9342439
1992-02-10,5.59846,5.59846,5.53095,5.56001,5.56001,589759.12608385
1992-02-11,5.56001,5.5696,5.36756,5.4156,5.4156,417289.33001571
1992-02-12,5.48302,5.68494,5.46353,5.65608,5.65608,550151.41333732
1992-02-13,5.65608,5.68494,5.50228,5.54073,5.54073,240144.26980632
1992-02-14,5.56001,5.63671,5.50228,5.57929,5.57929,599738.95847712
1992-02-18,5.65608,5.73308,5.63671,5.65608,5.65608,1005178.7551402
1992-02-19,5.69463,5.72339,5.6464,5.6464,5.6464,258855.44380076
1992-02-20,5.67535,5.7138,5.6464,5.67535,5.67535,707647.41384378
1992-02-21,5.67535,5.73308,5.6464,5.73308,5.73308,810876.55809741
1992-02-24,5.72339,5.73308,5.6464,5.65608,5.65608,527694.76696658
1992-02-25,5.6464,5.6464,5.48302,5.50228,5.50228,767526.40820341
1992-02-26,5.50228,5.61754,5.50228,5.60815,5.60815,520833.12632474
1992-02-27,5.61754,5.61754,5.56001,5.5696,5.5696,156561.1500268
1992-02-28,5.59846,5.68494,5.5696,5.61754,5.61754,602854.11499972
1992-03-02,5.61754,5.6464,5.61754,5.63671,5.63671,472802.65357476
1992-03-03,5.61754,5.76165,5.61754,5.69463,5.69463,689868.05510017
1992-03-04,5.72339,5.7908,5.69463,5.76165,5.76165,322478.89879375
1992-03-05,5.75225,5.77153,5.73308,5.76165,5.76165,323103.1441898
1992-03-06,5.7908,5.7908,5.75225,5.75225,5.75225,516466.4437812
1992-03-09,5.68494,5.69463,5.67535,5.68494,5.68494,259169.08411321
1992-03-10,5.68494,5.75225,5.68494,5.7138,5.7138,265720.11967144
1992-03-11,5.69463,5.69463,5.50228,5.59846,5.59846,503368.41963651
1992-03-12,5.60815,5.73308,5.60815,5.68494,5.68494,259169.08411321
1992-03-13,5.73308,5.75225,5.68494,5.73308,5.73308,270398.41904152
1992-03-16,5.75225,5.76165,5.72339,5.73308,5.73308,329342.56292149
1992-03-17,5.75225,5.77153,5.73308,5.76165,5.76165,251371.58124876
1992-03-18,5.77153,5.7908,5.72339,5.76165,5.76165,248877.63489338
1992-03-19,5.7908,5.80997,5.75225,5.80997,5.80997,663359.37824128
1992-03-20,5.82915,5.83893,5.69463,5.7138,5.7138,416666.09636261
1992-03-23,5.68494,5.69463,5.60815,5.61754,5.61754,253555.93426346
1992-03-24,5.6464,5.68494,5.53095,5.56001,5.56001,260102.92284992
1992-03-25,5.5696,5.5696,5.45406,5.45406,5.45406,323726.37784292
1992-03-26,5.50228,5.53095,5.45406,5.45406,5.45406,187748.12625577
1992-03-27,5.45406,5.46353,5.40602,5.4156,5.4156,172156.1557557
1992-03-30,5.38685,5.38685,5.17513,5.32902,5.32902,628117.33629533
1992-03-31,5.29067,5.3386,5.21347,5.21347,5.21347,522390.19871455
1992-04-01,5.21347,5.22327,5.14636,5.19411,5.19411,484343.60532962
1992-04-02,5.21347,5.2715,5.17513,5.19411,5.19411,331523.88070736
1992-04-03,5.18492,5.21347,5.09804,5.14636,5.14636,480602.17992509
1992-04-06,5.18492,5.19411,5.13679,5.15595,5.15595,287862.11398681
1992-04-07,5.14636,5.14636,4.99227,5.02113,5.02113,766592.56946668
1992-04-08,4.94434,4.98249,4.83867,4.86744,4.86744,531746.79745472
1992-04-09,4.88662,5.10782,4.86744,5.09804,5.09804,639346.67122366
1992-04-10,5.14636,5.30007,5.09804,5.25212,5.25212,532060.43776716
1992-04-13,5.22327,5.26172,5.22327,5.26172,5.26172,259169.08411321
1992-04-14,5.2715,5.3482,5.2715,5.3482,5.3482,343688.06611534
1992-04-15,5.38685,5.42529,5.36756,5.4156,5.4156,413859.52143773
1992-04-16,5.42529,5.46353,5.38685,5.46353,5.46353,363025.50899171
1992-04-20,5.4156,5.42529,5.37725,5.38685,5.38685,197416.34182248
1992-04-21,5.29067,5.30995,5.1174,5.22327,5.22327,847990.32448857
1992-04-22,5.25212,5.25212,5.15595,5.19411,5.19411,390470.04807322
1992-04-23,5.21347,5.26172,5.19411,5.23296,5.23296,242327.61107809
1992-04-24,5.29067,5.29067,5.19411,5.25212,5.25212,212078.5205576
1992-04-27,5.25212,5.2715,5.17513,5.17513,5.17513,164671.28146074
1992-04-28,5.18492,5.22327,5.18492,5.22327,5.22327,165294.51511385
1992-04-29,5.23296,5.38685,5.22327,5.3482,5.3482,314684.43115814
1992-04-30,5.37725,5.37725,5.26172,5.30007,5.30007,333708.23372207
1992-05-01,5.30007,5.30007,5.22327,5.22327,5.22327,240144.26980632
1992-05-04,5.23296,5.37725,5.23296,5.30007,5.30007,199289.07801064
1992-05-05,5.50228,5.53095,5.37725,5.37725,5.37725,955590.1982575
1992-05-06,5.38685,5.38685,5.3482,5.36756,5.36756,257298.37141093
1992-05-07,5.3386,5.38685,5.3386,5.37725,5.37725,167166.23955907
1992-05-08,5.38685,5.4156,5.37725,5.40602,5.40602,187125.90434561
1992-05-11,5.42529,5.45406,5.38685,5.44437,5.44437,192115.82054223
1992-05-12,5.44437,5.46353,5.4156,5.42529,5.42529,340257.24579442
1992-05-13,5.42529,5.44437,5.4156,5.44437,5.44437,316867.77242989
1992-05-14,5.45406,5.45406,5.30995,5.37725,5.37725,539545.31206212
1992-05-15,5.36756,5.38685,5.32902,5.37725,5.37725,327469.82673334
1992-05-18,5.40602,5.4156,5.29067,5.30007,5.30007,450349.04243284
1992-05-19,5.30007,5.30995,5.21347,5.30995,5.30995,440678.80338024
1992-05-20,5.29067,5.30007,5.1174,5.14636,5.14636,598802.08451157
1992-05-21,5.14636,5.19411,5.07886,5.14636,5.14636,388909.94045456
1992-05-22,5.15595,5.17513,5.1174,5.14636,5.14636,182760.23354503
1992-05-26,5.15595,5.17513,5.09804,5.17513,5.17513,222679.5631181
1992-05-27,5.17513,5.23296,5.17513,5.21347,5.21347,305016.21559142
1992-05-28,5.22327,5.3386,5.21347,5.32902,5.32902,563870.64764925
1992-05-29,5.32902,5.32902,5.2715,5.2715,5.2715,725735.35418511
1992-06-01,5.29067,5.29067,5.21347,5.25212,5.25212,268525.68285337
1992-06-02,5.23296,5.32902,5.22327,5.2715,5.2715,216443.17961525
1992-06-03,5.30007,5.36756,5.2715,5.36756,5.36756,188061.7665682
1992-06-04,5.40602,5.40602,5.3386,5.3386,5.3386,484343.60532962
1992-06-05,5.32902,5.50228,5.30995,5.48302,5.48302,567302.47971311
1992-06-08,5.40602,5.49241,5.38685,5.49241,5.49241,363025.50899171
1992-06-09,5.50228,5.61754,5.48302,5.57929,5.57929,478418.83865333
1992-06-10,5.54073,5.61754,5.54073,5.60815,5.60815,666166.9649091
1992-06-11,5.57929,5.6464,5.56001,5.6464,5.6464,296282.85050436
1992-06-12,5.68494,5.68494,5.56001,5.56001,5.56001,3044535.8534062
1992-06-15,5.56001,5.61754,5.56001,5.59846,5.59846,226734.62883507
1992-06-16,5.59846,5.61754,5.59846,5.60815,5.60815,241703.36568204
1992-06-17,5.59846,5.63671,5.57929,5.59846,5.59846,199289.07801064
1992-06-18,5.5696,5.60815,5.50228,5.60815,5.60815,376745.75504659
1992-06-19,5.60815,5.73308,5.60815,5.73308,5.73308,592565.70100873
1992-06-22,5.72339,5.72339,5.63671,5.65608,5.65608,244509.94060692
1992-06-23,5.68494,5.7908,5.67535,5.7908,5.7908,352733.04802895
1992-06-24,5.7908,5.91573,5.7908,5.8678,5.8678,419475.70651631
1992-06-25,5.88707,5.88707,5.7138,5.7138,5.7138,841128.68384672
1992-06-26,5.7138,5.72339,5.60815,5.65608,5.65608,626248.64707895
1992-06-29,5.63671,5.6464,5.60815,5.61754,5.61754,1094061.3844571
1992-06-30,5.6464,5.77153,5.63671,5.7138,5.7138,557946.89271589
1992-07-01,5.73308,5.76165,5.7138,5.75225,5.75225,345558.77881761
1992-07-02,5.69463,5.75225,5.68494,5.7138,5.7138,397642.29379867
1992-07-06,5.7138,5.72339,5.6464,5.7138,5.7138,264469.60539346
1992-07-07,5.7138,5.72339,5.6464,5.65608,5.65608,220185.61676273
1992-07-08,5.6464,5.7138,5.6464,5.68494,5.68494,316867.77242989
1992-07-09,5.67535,5.77153,5.67535,5.72339,5.72339,681760.95889506
1992-07-10,5.75225,5.8678,5.73308,5.82915,5.82915,648703.26996381
1992-07-13,5.80997,5.82915,5.73308,5.76165,5.76165,550772.62350454
1992-07-14,5.73308,5.83893,5.6464,5.6464,5.6464,577906.55750243
1992-07-15,5.45406,5.61754,5.42529,5.56001,5.56001,1080964.3720553
1992-07-16,5.54073,5.57929,5.53095,5.56001,5.56001,688934.21636346
1992-07-17,5.56001,5.5696,5.45406,5.45406,5.45406,777820.89265206
1992-07-20,5.37725,5.45406,5.36756,5.4156,5.4156,422905.5150943
1992-07-21,5.44437,5.52147,5.4156,5.52147,5.52147,481848.64723131
1992-07-22,5.50228,5.59846,5.48302,5.56001,5.56001,348987.57565264
1992-07-23,5.54073,5.59846,5.53095,5.59846,5.59846,849863.06067672
1992-07-24,5.5696,5.5696,5.52147,5.53095,5.53095,153440.93478948
1992-07-27,5.56001,5.56001,5.45406,5.45406,5.45406,326846.59308022
1992-07-28,5.48302,5.52147,5.48302,5.50228,5.50228,406062.01857329
1992-07-29,5.54073,5.57929,5.52147,5.53095,5.53095,891654.11469501
1992-07-30,5.56001,5.6464,5.54073,5.63671,5.63671,384544.26965398
1992-07-31,5.61754,5.61754,5.59846,5.60815,5.60815,171531.91035964
1992-08-03,5.59846,5.60815,5.56001,5.56001,5.56001,100737.22138415
1992-08-04,5.57929,5.6464,5.56001,5.57929,5.57929,226109.37169608
1992-08-05,5.5696,5.6464,5.56001,5.6464,5.6464,318737.47338922
1992-08-06,5.67535,5.7138,5.61754,5.63671,5.63671,247939.74918489
1992-08-07,5.6464,5.6464,5.56001,5.57929,5.57929,430389.3776463
1992-08-10,5.56001,5.59846,5.54073,5.59846,5.59846,190557.73640947
1992-08-11,5.59846,5.63671,5.5696,5.63671,5.63671,430702.00621579
1992-08-12,5.63671,5.63671,5.56001,5.56001,5.56001,254489.77300018
1992-08-13,5.57929,5.57929,5.56001,5.57929,5.57929,243263.4733007
1992-08-14,5.59846,5.61754,5.56001,5.57929,5.57929,125685.79062437
1992-08-17,5.57929,5.57929,5.52147,5.52147,5.52147,221741.67740962
1992-08-18,5.50228,5.53095,5.45406,5.49241,5.49241,285676.74922915
1992-08-19,5.46353,5.48302,5.32902,5.3482,5.3482,404502.92269757
1992-08-20,5.37725,5.37725,5.19411,5.19411,5.19411,379554.35345734
1992-08-21,5.29067,5.30995,5.22327,5.29067,5.29067,629991.08422643
1992-08-24,5.22327,5.25212,5.17513,5.22327,5.22327,586327.29401998
1992-08-25,5.19411,5.23296,5.17513,5.19411,5.19411,416666.09636261
1992-08-26,5.17513,5.23296,5.15595,5.23296,5.23296,243574.0783843
1992-08-27,5.26172,5.3482,5.25212,5.25212,5.25212,285055.53906193
1992-08-28,5.25212,5.26172,5.18492,5.21347,5.21347,279128.74889975
1992-08-31,5.23296,5.29067,5.21347,5.22327,5.22327,251058.95267927
1992-09-01,5.22327,5.23296,5.1174,5.15595,5.15595,274763.07809916
1992-09-02,5.18492,5.30007,5.17513,5.30007,5.30007,271020.64095168
1992-09-03,5.32902,5.37725,5.30995,5.3386,5.3386,478106.21008384
1992-09-04,5.29067,5.29067,5.23296,5.23296,5.23296,157497.01224941
1992-09-08,5.25212,5.26172,5.09804,5.1174,5.1174,291917.17970378
1992-09-09,5.1174,5.14636,5.06927,5.09804,5.09804,495261.32343139
1992-09-10,5.07886,5.09804,4.95392,4.99227,4.99227,456275.83259502
1992-09-11,5.04061,5.09804,4.98249,5.07886,5.07886,2475362.6609909
1992-09-14,5.14636,5.14636,4.94434,4.98249,4.98249,753492.5218361
1992-09-15,4.96332,4.96332,4.87703,4.88662,4.88662,687999.36588379
1992-09-16,4.87703,5.06927,4.86744,4.96332,4.96332,722616.15069074
1992-09-17,4.98249,4.99227,4.88662,4.88662,4.88662,267901.43745733
1992-09-18,4.95392,5.00186,4.91538,5.00186,5.00186,432261.10209151
1992-09-21,5.00186,5.04061,4.95392,4.96332,4.96332,629676.43217105
1992-09-22,4.96332,4.96332,4.82899,4.82899,4.82899,517090.68917725
1992-09-23,4.84827,4.88662,4.83867,4.86744,4.86744,506174.99456138
1992-09-24,4.91538,5.26172,4.91538,5.19411,5.19411,1341690.5285583
1992-09-25,5.19411,5.30995,5.15595,5.18492,5.18492,880428.82673848
1992-09-28,5.17513,5.29067,5.17513,5.29067,5.29067,381113.44933305
1992-09-29,5.29067,5.29067,5.22327,5.25212,5.25212,354913.35407188
1992-09-30,5.17513,5.18492,5.10782,5.1174,5.1174,762535.48026382
1992-10-01,5.10782,5.40602,5.10782,5.37725,5.37725,1279316.5761004
1992-10-02,5.37725,5.38685,5.30995,5.32902,5.32902,522390.19871455
1992-10-05,5.26172,5.32902,5.09804,5.29067,5.29067,1111528.1146312
1992-10-06,5.3482,5.36756,5.25212,5.25212,5.25212,500872.44979525
1992-10-07,5.25212,5.3482,5.23296,5.29067,5.29067,658369.46204465
1992-10-08,5.30007,5.36756,5.2715,5.3386,5.3386,1104353.8454199
1992-10-09,5.32902,5.3386,5.29067,5.30007,5.30007,452844.00053116
1992-10-12,5.29067,5.37725,5.29067,5.3482,5.3482,166229.36559352
1992-10-13,5.36756,5.40602,5.30007,5.30007,5.30007,526134.65934792
1992-10-14,5.29067,5.3386,5.22327,5.30007,5.30007,169972.81448394
1992-10-15,5.2715,5.30995,5.2715,5.30007,5.30007,134421.17919732
1992-10-16,5.32902,5.3482,5.29067,5.3482,5.3482,472180.43166459
1992-10-19,5.32902,5.36756,5.29067,5.30007,5.30007,255738.26379228
1992-10-20,5.32902,5.3386,5.29067,5.30007,5.30007,297839.92289419
1992-10-21,5.29067,5.29067,5.26172,5.29067,5.29067,413236.28778463
1992-10-22,5.2715,5.30007,5.23296,5.25212,5.25212,562934.78542664
1992-10-23,5.25212,5.25212,5.18492,5.19411,5.19411,878244.47372376
1992-10-26,5.21347,5.38685,5.18492,5.36756,5.36756,497442.64121727
1992-10-27,5.36756,5.38685,5.3386,5.36756,5.36756,179952.64687721
1992-10-28,5.36756,5.40602,5.3386,5.37725,5.37725,262599.90443413
1992-10-29,5.37725,5.37725,5.3386,5.3482,5.3482,423841.37731689
1992-10-30,5.37725,5.37725,5.25212,5.26172,5.26172,280687.84477547
1992-11-02,5.26172,5.37725,5.26172,5.37725,5.37725,657747.24013448
1992-11-03,5.36756,5.37725,5.2715,5.30007,5.30007,293476.27557949
1992-11-04,5.29067,5.29067,5.15595,5.25212,5.25212,481848.64723131
1992-11-05,5.21347,5.26172,5.19411,5.23296,5.23296,243263.4733007
1992-11-06,5.25212,5.2715,5.22327,5.26172,5.26172,166540.98242007
1992-11-09,5.25212,5.30007,5.22327,5.2715,5.2715,163736.43098108
1992-11-10,5.2715,5.30007,5.17513,5.17513,5.17513,250124.1021996
1992-11-11,5.25212,5.30007,5.25212,5.26172,5.26172,541728.65333387
1992-11-12,5.2715,5.48302,5.26172,5.46353,5.46353,765655.69550114
1992-11-13,5.46353,5.49241,5.37725,5.38685,5.38685,394835.7188738
1992-11-16,5.4156,5.53095,5.37725,5.53095,5.53095,499625.98248903
1992-11-17,5.53095,5.61754,5.52147,5.60815,5.60815,562312.56351647
1992-11-18,5.57929,5.68494,5.57929,5.60815,5.60815,448791.97004302
1992-11-19,5.57929,5.59846,5.56001,5.5696,5.5696,168102.10178166
1992-11-20,5.5696,5.59846,5.54073,5.5696,5.5696,340568.86262098
1992-11-23,5.5696,5.61754,5.54073,5.60815,5.60815,280687.84477547
1992-11-24,5.61754,5.77153,5.61754,5.73308,5.73308,799028.03648776
1992-11-25,5.76165,5.83893,5.76165,5.82915,5.82915,351795.16232045
1992-11-27,5.83893,5.8678,5.80049,5.80997,5.80997,72043.179767604
1992-11-30,5.83893,5.83893,5.7908,5.80997,5.80997,163111.17384209
1992-12-01,5.82915,5.83893,5.7908,5.80997,5.80997,269145.88127764
1992-12-02,5.7908,5.7908,5.73308,5.7908,5.7908,448479.34147351
1992-12-03,5.7908,5.83893,5.7908,5.83893,5.83893,495569.90502911
1992-12-04,5.83893,6.04066,5.82915,6.0122,6.0122,1094997.2466797
1992-12-07,5.99293,6.05985,5.96397,6.05985,6.05985,520833.12632474
1992-12-08,6.05985,6.13693,6.03127,6.03127,6.03127,789046.18060861
1992-12-09,5.99293,6.00261,5.88707,5.90624,5.90624,511788.14441112
1992-12-10,5.91573,5.94459,5.7908,5.80049,5.80049,426334.31192933
1992-12-11,5.7908,5.80049,5.73308,5.76165,5.76165,445358.11449326
1992-12-14,5.76165,5.87758,5.75225,5.84842,5.84842,278193.89842009
1992-12-15,5.83893,5.98324,5.83893,5.94459,5.94459,809943.73110363
1992-12-16,5.96397,5.96397,5.82915,5.8678,5.8678,848928.21019705
1992-12-17,5.8678,5.8678,5.7908,5.83893,5.83893,523327.0726801
1992-12-18,5.83893,5.84842,5.76165,5.84842,5.84842,1016092.4262703
1992-12-21,5.84842,5.92542,5.82915,5.8678,5.8678,1210391.5880842
1992-12-22,5.8678,5.8678,5.73308,5.73308,5.73308,411676.18016596
1992-12-23,5.75225,5.7908,5.73308,5.75225,5.75225,549215.55111471
1992-12-24,5.73308,5.73308,5.7138,5.73308,5.73308,130676.71856396
1992-12-28,5.75225,5.76165,5.68494,5.73308,5.73308,201784.03610895
1992-12-29,5.7908,5.87758,5.76165,5.83893,5.83893,847371.13780722
1992-12-30,5.83893,5.91573,5.82915,5.91573,5.91573,223615.42534071
1992-12-31,5.94459,6.0122,5.94459,6.00261,6.00261,391404.89855288
1993-01-04,6.0122,6.0122,5.98324,6.00261,6.00261,947166.42651112
1993-01-05,5.99293,6.00261,5.94459,5.96397,5.96397,479977.93452905
1993-01-06,5.96397,6.06962,5.96397,6.03127,6.03127,505240.14408172
1993-01-07,6.05985,6.089,5.99293,6.03127,6.03127,855166.61718579
1993-01-08,6.03127,6.03127,5.8678,5.92542,5.92542,351483.5454939
1993-01-11,5.91573,5.91573,5.8678,5.91573,5.91573,258234.23363355
1993-01-12,5.91573,5.96397,5.88707,5.96397,5.96397,339631.98865543
1993-01-13,5.96397,5.96397,5.90624,5.95428,5.95428,230167.47264189
1993-01-14,5.95428,5.99293,5.87758,5.99293,5.99293,342128.97023963
1993-01-15,5.99293,6.24289,5.98324,6.16589,6.16589,1627683.9533288
1993-01-18,6.15622,6.15622,6.07911,6.14663,6.14663,220185.61676273
1993-01-19,6.14663,6.14663,6.06962,6.14663,6.14663,290045.45525856
1993-01-20,6.14663,6.15622,6.11786,6.14663,6.14663,345558.77881761
1993-01-21,6.14663,6.14663,6.089,6.11786,6.11786,350860.3118408
1993-01-22,6.07911,6.07911,6.00261,6.0122,6.0122,1219748.1868243
1993-01-25,6.0122,6.23331,6.00261,6.22361,6.22361,902572.84453972
1993-01-26,6.27166,6.3775,6.26206,6.31999,6.31999,1497004.199536
1993-01-27,6.30071,6.3103,6.27166,6.28135,6.28135,471867.8030951
1993-01-28,6.3103,6.35834,6.28135,6.3103,6.3103,710455.00051159
1993-01-29,6.3103,6.34854,6.28135,6.34854,6.34854,523953.34156204
1993-02-01,6.34854,6.58913,6.34854,6.58913,6.58913,1659182.5463843
1993-02-02,6.56995,6.58913,6.53141,6.57964,6.57964,859218.64767394
1993-02-03,6.58913,6.8201,6.56995,6.80074,6.80074,1530062.9002101
1993-02-04,6.96412,6.96412,6.91618,6.92557,6.92557,967749.32495076
1993-02-05,6.91618,6.91618,6.70467,6.70467,6.70467,783123.43741819
1993-02-08,6.69498,6.83939,6.64674,6.76239,6.76239,914108.73757987
1993-02-09,6.68539,6.77207,6.65644,6.76239,6.76239,352733.04802895
1993-02-10,6.76239,6.83939,6.76239,6.80074,6.80074,512100.77298062
1993-02-11,6.80074,6.89691,6.80074,6.80074,6.80074,862650.4797378
1993-02-12,6.78137,6.78137,6.62748,6.66602,6.66602,950598.25857497
1993-02-16,6.57964,6.57964,6.3775,6.51222,6.51222,1413734.7200689
1993-02-17,6.57964,6.57964,6.39668,6.39668,6.39668,938436.09665289
1993-02-18,6.45441,6.47357,6.15622,6.3103,6.3103,722616.15069074
1993-02-19,6.34854,6.34854,6.23331,6.3103,6.3103,1045410.7132828
1993-02-22,6.30071,6.3103,5.87758,5.96397,5.96397,1056638.0247253
1993-02-23,6.0122,6.0122,5.88707,5.99293,5.99293,911614.7912245
1993-02-24,6.00261,6.21403,6.00261,6.16589,6.16589,906313.25820131
1993-02-25,6.19476,6.34854,6.19476,6.3103,6.3103,1281185.2653168
1993-02-26,6.33916,6.35834,6.28135,6.3103,6.3103,444425.28749949
1993-03-01,6.3103,6.3103,6.24289,6.24289,6.24289,827095.80922237
1993-03-02,6.26206,6.27166,6.23331,6.27166,6.27166,602232.9048325
1993-03-03,6.26206,6.31999,6.26206,6.28135,6.28135,500872.44979525
1993-03-04,6.3103,6.3103,6.22361,6.22361,6.22361,477480.95294484
1993-03-05,6.24289,6.24289,6.18517,6.19476,6.19476,313747.55719258
1993-03-08,6.15622,6.24289,6.13693,6.24289,6.24289,594123.78514149
1993-03-09,6.24289,6.33916,6.24289,6.3103,6.3103,754426.36057282
1993-03-10,6.3103,6.33916,6.23331,6.30071,6.30071,319050.10195872
1993-03-11,6.34854,6.39668,6.33916,6.35834,6.35834,460019.28148544
1993-03-12,6.33916,6.33916,6.16589,6.16589,6.16589,666166.9649091
1993-03-15,6.22361,6.22361,6.11786,6.21403,6.21403,717314.61766755
1993-03-16,6.22361,6.3103,6.22361,6.27166,6.27166,576346.44988378
1993-03-17,6.27166,6.33916,6.27166,6.28135,6.28135,342440.58706618
1993-03-18,6.28135,6.3775,6.28135,6.3775,6.3775,204589.59929088
1993-03-19,6.45441,6.58913,6.43533,6.49286,6.49286,903817.28836005
1993-03-22,6.46399,6.49286,6.38719,6.49286,6.49286,478106.21008384
1993-03-23,6.49286,6.53141,6.46399,6.47357,6.47357,538923.09015195
1993-03-24,6.45441,6.50265,6.42564,6.42564,6.42564,322168.29371014
1993-03-25,6.43533,6.43533,6.35834,6.35834,6.35834,354913.35407188
1993-03-26,6.38719,6.38719,6.3103,6.3103,6.3103,404502.92269757
1993-03-29,6.31999,6.38719,6.3103,6.38719,6.38719,410428.70111681
1993-03-30,6.39668,6.39668,6.30071,6.3103,6.3103,352733.04802895
1993-03-31,6.33916,6.3775,6.30071,6.34854,6.34854,507425.50883936
1993-04-01,6.35834,6.35834,6.3103,6.31999,6.31999,423841.37731689
1993-04-02,6.31999,6.31999,6.19476,6.22361,6.22361,438497.48559436
1993-04-05,6.18517,6.23331,6.14663,6.14663,6.14663,442863.15639494
1993-04-06,6.16589,6.27166,6.10828,6.26206,6.26206,730102.03672864
1993-04-07,6.24289,6.26206,6.19476,6.22361,6.22361,305016.21559142
1993-04-08,6.24289,6.24289,6.15622,6.16589,6.16589,452222.79036393
1993-04-12,6.19476,6.33916,6.19476,6.31999,6.31999,605664.73689637
1993-04-13,6.30071,6.3103,6.24289,6.28135,6.28135,321546.07179998
1993-04-14,6.28135,6.3103,6.28135,6.3103,6.3103,261352.42538498
1993-04-15,6.31999,6.42564,6.31999,6.35834,6.35834,464383.94054308
1993-04-16,6.3775,6.38719,6.33916,6.3775,6.3775,571669.16225664
1993-04-19,6.38719,6.47357,6.35834,6.45441,6.45441,728855.56942243
1993-04-20,6.45441,6.50265,6.43533,6.50265,6.50265,971804.39066774
1993-04-21,6.50265,6.50265,6.41596,6.41596,6.41596,188061.7665682
1993-04-22,6.41596,6.41596,6.27166,6.27166,6.27166,763472.35422937
1993-04-23,6.26206,6.3103,6.23331,6.30071,6.30071,188996.61704787
1993-04-26,6.27166,6.30071,6.11786,6.13693,6.13693,547340.79144068
1993-04-27,6.14663,6.26206,6.11786,6.22361,6.22361,545158.46191185
1993-04-28,6.21403,6.21403,6.14663,6.14663,6.14663,286615.64668058
1993-04-29,6.16589,6.21403,6.13693,6.21403,6.21403,249500.86854649
1993-04-30,6.28135,6.31999,6.23331,6.23331,6.23331,393898.84490825
1993-05-03,6.3103,6.3775,6.24289,6.35834,6.35834,357098.71882954
1993-05-04,6.34854,6.3775,6.3103,6.35834,6.35834,322168.29371014
1993-05-05,6.34854,6.38719,6.33916,6.33916,6.33916,316867.77242989
1993-05-06,6.34854,6.34854,6.30071,6.30071,6.30071,196793.10816938
1993-05-07,6.3103,6.3103,6.18517,6.18517,6.18517,264159.00030983
1993-05-10,6.19476,6.26206,6.18517,6.22361,6.22361,353666.88676567
1993-05-11,6.23331,6.39668,6.23331,6.3775,6.3775,319670.300383
1993-05-12,6.3775,6.3775,6.3103,6.33916,6.33916,218313.89231751
1993-05-13,6.3103,6.3103,6.23331,6.24289,6.24289,327469.82673334
1993-05-14,6.24289,6.26206,6.21403,6.23331,6.23331,445981.34814637
1993-05-17,6.23331,6.24289,6.18517,6.18517,6.18517,420407.52176714
1993-05-18,6.21403,6.21403,6.089,6.089,6.089,540482.18602766
1993-05-19,6.07911,6.07911,6.00261,6.07911,6.07911,1096868.9711248
1993-05-20,6.14663,6.14663,6.06962,6.11786,6.11786,502431.54567096
1993-05-21,6.10828,6.13693,6.0122,6.0122,6.0122,268525.68285337
1993-05-24,6.05985,6.07911,6.0122,6.06962,6.06962,203652.72532533
1993-05-25,6.089,6.089,6.03127,6.03127,6.03127,187748.12625577
1993-05-26,6.06962,6.15622,6.05985,6.14663,6.14663,905064.7674092
1993-05-27,6.14663,6.14663,6.04066,6.06962,6.06962,229539.18027406
1993-05-28,6.089,6.10828,6.04066,6.04066,6.04066,698292.83858951
1993-06-01,6.05985,6.15622,6.04066,6.13693,6.13693,649638.12044348
1993-06-02,6.10828,6.19476,6.10828,6.18517,6.18517,484031.98850307
1993-06-03,6.18517,6.18517,6.11786,6.11786,6.11786,264469.60539346
1993-06-04,6.11786,6.11786,6.04066,6.089,6.089,128803.9823758
1993-06-07,6.00261,6.03127,5.91573,5.92542,5.92542,264469.60539346
1993-06-08,5.92542,5.92542,5.82915,5.83893,5.83893,352420.41945946
1993-06-09,5.87758,5.94459,5.8678,5.92542,5.92542,419475.70651631
1993-06-10,5.94459,5.94459,5.91573,5.92542,5.92542,261666.06569741
1993-06-11,5.95428,6.00261,5.95428,5.98324,5.98324,195546.64086316
1993-06-14,5.99293,6.06962,5.98324,6.03127,6.03127,232970.00059498
1993-06-15,6.04066,6.06962,6.0217,6.04066,6.04066,141278.77286739
1993-06-16,6.03127,6.089,6.0217,6.089,6.089,188996.61704787
1993-06-17,6.089,6.089,6.06962,6.089,6.089,159995.00557654
1993-06-18,6.05985,6.10828,6.03127,6.03127,6.03127,455650.57545603
1993-06-21,6.05985,6.19476,6.03127,6.19476,6.19476,473741.55102619
1993-06-22,6.16589,6.18517,6.13693,6.13693,6.13693,322478.89879375
1993-06-23,6.11786,6.13693,6.089,6.11786,6.11786,351483.5454939
1993-06-24,6.13693,6.16589,6.10828,6.16589,6.16589,475610.24024257
1993-06-25,6.16589,6.18517,6.13693,6.13693,6.13693,292541.42509983
1993-06-28,6.13693,6.16589,6.11786,6.16589,6.16589,284117.65335345
1993-06-29,6.16589,6.21403,6.15622,6.19476,6.19476,317802.62290956
1993-06-30,6.22361,6.26206,6.22361,6.23331,6.23331,328094.07212939
1993-07-01,6.27166,6.27166,6.15622,6.16589,6.16589,325598.10228812
1993-07-02,6.18517,6.19476,6.07911,6.089,6.089,228915.94662096
1993-07-06,6.089,6.14663,6.07911,6.089,6.089,225486.13804298
1993-07-07,6.089,6.11786,6.07911,6.089,6.089,164358.65289124
1993-07-08,6.089,6.089,6.04066,6.07911,6.07911,495261.32343139
1993-07-09,6.06962,6.06962,5.99293,6.00261,6.00261,630926.94644904
1993-07-12,6.0217,6.0217,5.98324,6.00261,6.00261,414171.13826429
1993-07-13,5.99293,6.00261,5.95428,5.98324,5.98324,494637.07803534
1993-07-14,5.98324,5.99293,5.94459,5.96397,5.96397,325598.10228812
1993-07-15,5.98324,5.98324,5.91573,5.92542,5.92542,311252.59909428
1993-07-16,5.92542,5.94459,5.90624,5.90624,5.90624,420407.52176714
1993-07-19,5.91573,5.91573,5.88707,5.91573,5.91573,269145.88127764
1993-07-20,5.94459,5.94459,5.8678,5.8678,5.8678,348987.57565264
1993-07-21,5.87758,5.87758,5.84842,5.8678,5.8678,270084.77872909
1993-07-22,5.87758,5.87758,5.7908,5.80997,5.80997,311252.59909428
1993-07-23,5.80997,6.04066,5.80997,6.0217,6.0217,254801.38982674
1993-07-26,5.99293,5.99293,5.90624,5.90624,5.90624,329964.78483165
1993-07-27,5.92542,5.94459,5.90624,5.94459,5.94459,292851.01844049
1993-07-28,5.96397,5.96397,5.94459,5.95428,5.95428,356162.85660693
1993-07-29,5.96397,6.10828,5.96397,6.04066,6.04066,603793.01245116
1993-07-30,6.07911,6.07911,6.03127,6.03127,6.03127,391404.89855288
1993-08-02,6.03127,6.11786,6.03127,6.089,6.089,327469.82673334
1993-08-03,5.94459,6.06962,5.92542,6.04066,6.04066,560753.46764077
1993-08-04,6.05985,6.14663,6.05985,6.13693,6.13693,1424337.7861152
1993-08-05,6.13693,6.27166,6.13693,6.21403,6.21403,662113.92267801
1993-08-06,6.22361,6.26206,6.22361,6.24289,6.24289,387036.19252346
1993-08-09,6.24289,6.26206,6.23331,6.24289,6.24289,252309.46695725
1993-08-10,6.24289,6.33916,6.24289,6.3103,6.3103,252931.68886741
1993-08-11,6.27166,6.27166,6.14663,6.16589,6.16589,804016.94094145
1993-08-12,6.19476,6.24289,6.15622,6.16589,6.16589,610653.64135006
1993-08-13,6.16589,6.18517,6.14663,6.16589,6.16589,593190.95814772
1993-08-16,6.18517,6.26206,6.16589,6.24289,6.24289,975238.24621749
1993-08-17,6.27166,6.29102,6.21403,6.23331,6.23331,263533.74317084
1993-08-18,6.27166,6.27166,6.22361,6.22361,6.22361,499625.98248903
1993-08-19,6.24289,6.30071,6.24289,6.27166,6.27166,1063809.2587077
1993-08-20,6.24289,6.26206,6.23331,6.26206,6.26206,1206650.1626797
1993-08-23,6.26206,6.3775,6.24289,6.3775,6.3775,298153.56320663
1993-08-24,6.3775,6.43533,6.3775,6.43533,6.43533,499625.98248903
1993-08-25,6.45441,6.54119,6.43533,6.51222,6.51222,1280252.438323
1993-08-26,6.50265,6.53141,6.47357,6.50265,6.50265,406372.62365689
1993-08-27,6.50265,6.58913,6.50265,6.58913,6.58913,754741.01262821
1993-08-30,6.69498,6.70467,6.65644,6.70467,6.70467,1098428.0670006
1993-08-31,6.66602,6.68539,6.6083,6.62748,6.62748,763160.73740281
1993-09-01,6.62748,6.62748,6.54119,6.54119,6.54119,391715.50363649
1993-09-02,6.54119,6.54119,6.51222,6.53141,6.53141,935005.27633197
1993-09-03,6.45441,6.46399,6.42564,6.42564,6.42564,406998.89253883
1993-09-07,6.42564,6.42564,6.38719,6.42564,6.42564,884482.8807125
1993-09-08,6.42564,6.45441,6.41596,6.45441,6.45441,631551.19184509
1993-09-09,6.43533,6.50265,6.43533,6.50265,6.50265,425399.46144966
1993-09-10,6.53141,6.68539,6.53141,6.65644,6.65644,472802.65357476
1993-09-13,6.65644,6.74312,6.65644,6.74312,6.74312,844871.12099419
1993-09-14,6.72394,6.74312,6.70467,6.74312,6.74312,348365.35374248
1993-09-15,6.72394,6.73372,6.69498,6.69498,6.69498,513660.88059927
1993-09-16,6.66602,6.66602,6.6083,6.62748,6.62748,473117.30563015
1993-09-17,6.57964,6.66602,6.57964,6.66602,6.66602,973056.92843162
1993-09-20,6.61799,6.64674,6.6083,6.62748,6.62748,338697.13817576
1993-09-21,6.62748,6.62748,6.54119,6.58913,6.58913,487773.41390761
1993-09-22,6.6083,6.6083,6.49286,6.54119,6.54119,602232.9048325
1993-09-23,6.54119,6.58913,6.51222,6.55067,6.55067,438497.48559436
1993-09-24,6.55067,6.57964,6.54119,6.57964,6.57964,175901.628132
1993-09-27,6.57964,6.68539,6.57964,6.68539,6.68539,262288.28760758
1993-09-28,6.68539,6.69498,6.61799,6.69498,6.69498,187125.90434561
1993-09-29,6.70467,6.70467,6.62748,6.62748,6.62748,97929.634716329
1993-09-30,6.62748,6.68539,6.62748,6.65644,6.65644,339320.37182887
1993-10-01,6.65644,6.66602,6.64674,6.66602,6.66602,655563.89886272
1993-10-04,6.66602,6.69498,6.65644,6.68539,6.68539,265093.8507895
1993-10-05,6.68539,6.69498,6.64674,6.64674,6.64674,626248.64707895
1993-10-06,6.64674,6.66602,6.64674,6.64674,6.64674,130988.33539052
1993-10-07,6.66602,6.73372,6.65644,6.69498,6.69498,415108.01222983
1993-10-08,6.69498,6.70467,6.65644,6.69498,6.69498,169038.97574721
1993-10-11,6.69498,6.70467,6.66602,6.69498,6.69498,97615.994403889
1993-10-12,6.69498,6.69498,6.65644,6.65644,6.65644,165605.12019747
1993-10-13,6.65644,6.66602,6.65644,6.66602,6.66602,421655.0008163
1993-10-14,6.66602,6.69498,6.65644,6.69498,6.69498,162799.55701554
1993-10-15,6.70467,6.70467,6.65644,6.65644,6.65644,388286.70680145
1993-10-18,6.66602,6.68539,6.64674,6.65644,6.65644,786553.24599617
1993-10-19,6.62748,6.68539,6.62748,6.65644,6.65644,355224.97089844
1993-10-20,6.65644,6.65644,6.57964,6.58913,6.58913,129741.86808429
1993-10-21,6.57964,6.57964,6.50265,6.55067,6.55067,220185.61676273
1993-10-22,6.55067,6.64674,6.55067,6.6083,6.6083,252309.46695725
1993-10-25,6.61799,6.61799,6.55067,6.58913,6.58913,498381.5386687
1993-10-26,6.55067,6.6083,6.54119,6.6083,6.6083,450349.04243284
1993-10-27,6.58913,6.6083,6.53141,6.58913,6.58913,361151.76106062
1993-10-28,6.57964,6.58913,6.55067,6.56995,6.56995,485280.47929518
1993-10-29,6.56995,6.92557,6.56995,6.87774,6.87774,896643.0191487
1993-11-01,6.88722,7.00277,6.88722,6.89691,6.89691,596308.1381562
1993-11-02,6.96412,6.96412,6.72394,6.81052,6.81052,1457398.5102754
1993-11-03,6.81052,6.81052,6.68539,6.70467,6.70467,1155812.1032619
1993-11-04,6.68539,6.72394,6.50265,6.50265,6.50265,937500.23443028
1993-11-05,6.50265,6.61799,6.50265,6.61799,6.61799,730412.64181226
1993-11-08,6.61799,6.69498,6.6083,6.69498,6.69498,574477.7606674
1993-11-09,6.73372,6.81052,6.70467,6.78137,6.78137,596931.37180931
1993-11-10,6.74312,6.78137,6.66602,6.70467,6.70467,390780.65315683
1993-11-11,6.70467,6.72394,6.69498,6.69498,6.69498,409494.86238009
1993-11-12,6.70467,6.73372,6.64674,6.65644,6.65644,878553.05532149
1993-11-15,6.68539,6.73372,6.62748,6.66602,6.66602,720123.21607831
1993-11-16,6.69498,6.69498,6.64674,6.66602,6.66602,281624.71874101
1993-11-17,6.62748,6.62748,6.51222,6.56995,6.56995,867954.03624688
1993-11-18,6.54119,6.55067,6.46399,6.53141,6.53141,411365.57508236
1993-11-19,6.53141,6.55067,6.47357,6.55067,6.55067,653380.55759096
1993-11-22,6.56995,6.57964,6.47357,6.51222,6.51222,757858.19263669
1993-11-23,6.53141,6.54119,6.50265,6.54119,6.54119,273830.25110539
1993-11-24,6.56995,6.56995,6.49286,6.54119,6.54119,405438.78492017
1993-11-26,6.55067,6.56995,6.55067,6.56995,6.56995,72043.179767604
1993-11-29,6.56995,6.61799,6.53141,6.53141,6.53141,261352.42538498
1993-11-30,6.53141,6.54119,6.47357,6.47357,6.47357,186500.6472066
1993-12-01,6.54119,6.55067,6.47357,6.54119,6.54119,306886.92829368
1993-12-02,6.56995,6.56995,6.51222,6.56995,6.56995,212078.5205576
1993-12-03,6.56995,6.56995,6.49286,6.53141,6.53141,219871.97645029
1993-12-06,6.54119,6.55067,6.50265,6.51222,6.51222,2594498.4277999
1993-12-07,6.45441,6.45441,6.38719,6.41596,6.41596,280687.84477547
1993-12-08,6.39668,6.43533,6.3775,6.42564,6.42564,339320.37182887
1993-12-09,6.45441,6.46399,6.42564,6.43533,6.43533,162174.29987655
1993-12-10,6.46399,6.46399,6.39668,6.42564,6.42564,792480.03615836
1993-12-13,6.41596,6.41596,6.36803,6.41596,6.41596,377682.62901213
1993-12-14,6.43533,6.43533,6.38719,6.39668,6.39668,169038.97574721
1993-12-15,6.39668,6.39668,6.3103,6.34854,6.34854,290356.06034217
1993-12-16,6.39668,6.42564,6.3775,6.38719,6.38719,287549.48541731
1993-12-17,6.39668,6.55067,6.39668,6.55067,6.55067,949350.77952582
1993-12-20,6.62748,6.62748,6.55067,6.56995,6.56995,1038548.060898
1993-12-21,6.54119,6.57964,6.45441,6.46399,6.46399,519585.64727557
1993-12-22,6.45441,6.51222,6.45441,6.51222,6.51222,200223.9284903
1993-12-23,6.53141,6.54119,6.46399,6.46399,6.46399,198353.21578803
1993-12-27,6.49286,6.54119,6.46399,6.51222,6.51222,169972.81448394
1993-12-28,6.51222,6.51222,6.49286,6.50265,6.50265,125685.79062437
1993-12-29,6.50265,6.50265,6.46399,6.50265,6.50265,110092.80838136
1993-12-30,6.50265,6.50265,6.42564,6.47357,6.47357,261352.42538498
1993-12-31,6.46399,6.47357,6.42564,6.42564,6.42564,109157.9579017
1994-01-03,6.45441,6.46399,6.42564,6.42564,6.42564,192115.82054223
1994-01-04,6.43533,6.50265,6.43533,6.45441,6.45441,341505.73658652
1994-01-05,6.46399,6.50265,6.45441,6.47357,6.47357,1500437.0433427
1994-01-06,6.47357,6.51222,6.45441,6.46399,6.46399,406062.01857329
1994-01-07,6.47357,6.49286,6.43533,6.46399,6.46399,1106224.558122
1994-01-10,6.49286,6.54119,6.47357,6.53141,6.53141,386103.36552968
1994-01-11,6.53141,6.54119,6.46399,6.54119,6.54119,328094.07212939
1994-01-12,6.54119,6.54119,6.50265,6.53141,6.53141,598802.08451157
1994-01-13,6.50265,6.51222,6.45441,6.46399,6.46399,219247.73105423
1994-01-14,6.49286,6.57964,6.45441,6.55067,6.55067,581336.3660804
1994-01-17,6.57964,6.6083,6.53141,6.58913,6.58913,430702.00621579
1994-01-18,6.57964,6.74312,6.57964,6.74312,6.74312,636851.71312533
1994-01-19,6.74312,6.78137,6.73372,6.78137,6.78137,442863.15639494
1994-01-20,6.78137,6.95453,6.77207,6.95453,6.95453,608781.91690485
1994-01-21,6.95453,7.10872,6.93526,7.04122,7.04122,1229415.3906481
1994-01-24,7.0509,7.07018,6.89691,6.91618,6.91618,1235964.4027205
1994-01-25,6.92557,6.92557,6.8201,6.83939,6.83939,516466.4437812
1994-01-26,6.8201,6.84898,6.70467,6.77207,6.77207,792789.62949903
1994-01-27,6.80074,6.80074,6.73372,6.78137,6.78137,1218188.0792057
1994-01-28,6.83939,7.00277,6.83939,6.99298,6.99298,667104.85061759
1994-01-31,7.08945,7.22407,7.07018,7.07976,7.07976,1094371.9895407
1994-02-01,7.07976,7.15666,7.07976,7.15666,7.15666,600985.42578334
1994-02-02,7.1281,7.14727,7.03154,7.03154,7.03154,668977.58680574
1994-02-03,7.01225,7.03154,6.97381,6.99298,6.99298,708893.88115
1994-02-04,6.99298,6.99298,6.70467,6.77207,6.77207,946857.84491339
1994-02-07,6.74312,6.85845,6.73372,6.85845,6.85845,623128.43184165
1994-02-08,6.85845,6.93526,6.84898,6.91618,6.91618,319050.10195872
1994-02-09,6.93526,7.03154,6.92557,6.95453,6.95453,576970.69527982
1994-02-10,6.95453,6.95453,6.81052,6.83939,6.83939,465319.80276569
1994-02-11,6.81052,6.83939,6.77207,6.8201,6.8201,202096.66467845
1994-02-14,6.83939,6.88722,6.72394,6.80074,6.80074,602232.9048325
1994-02-15,6.85845,7.03154,6.83939,6.96412,6.96412,848302.95305806
1994-02-16,6.97381,6.97381,6.89691,6.96412,6.96412,436626.7728921
1994-02-17,6.95453,6.96412,6.81052,6.81052,6.81052,402943.82682186
1994-02-18,6.84898,6.87774,6.77207,6.81052,6.81052,306886.92829368
1994-02-22,6.74312,6.92557,6.74312,6.89691,6.89691,797156.31204255
1994-02-23,6.85845,6.93526,6.85845,6.89691,6.89691,378306.87440818
1994-02-24,6.89691,6.89691,6.70467,6.70467,6.70467,333708.23372207
1994-02-25,6.70467,6.76239,6.70467,6.72394,6.72394,875125.2702294
1994-02-28,6.72394,6.74312,6.70467,6.70467,6.70467,630926.94644904
1994-03-01,6.69498,6.69498,6.62748,6.66602,6.66602,410740.31794337
1994-03-02,6.62748,6.69498,6.62748,6.68539,6.68539,421967.6293858
1994-03-03,6.66602,6.68539,6.62748,6.65644,6.65644,275697.92857882
1994-03-04,6.64674,6.68539,6.62748,6.62748,6.62748,659307.34775314
1994-03-07,6.58913,6.6083,6.51222,6.51222,6.51222,273830.25110539
1994-03-08,6.54119,6.54119,6.36803,6.41596,6.41596,439120.71924747
1994-03-09,6.41596,6.47357,6.39668,6.46399,6.46399,630926.94644904
1994-03-10,6.47357,6.47357,6.3103,6.34854,6.34854,465005.1507103
1994-03-11,6.34854,6.41596,6.3103,6.41596,6.41596,382983.15029238
1994-03-14,6.39668,6.44482,6.34854,6.42564,6.42564,350860.3118408
1994-03-15,6.47357,6.51222,6.45441,6.49286,6.49286,363025.50899171
1994-03-16,6.50265,6.50265,6.42564,6.45441,6.45441,702345.88082059
1994-03-17,6.42564,6.54119,6.42564,6.53141,6.53141,361151.76106062
1994-03-18,6.53141,6.53141,6.39668,6.44482,6.44482,727919.70719981
1994-03-21,6.39668,6.41596,6.3775,6.41596,6.41596,162799.55701554
1994-03-22,6.45441,6.49286,6.42564,6.49286,6.49286,492141.10819408
1994-03-23,6.53141,6.56995,6.53141,6.54119,6.54119,449723.78529384
1994-03-24,6.53141,6.53141,6.42564,6.42564,6.42564,280687.84477547
1994-03-25,6.45441,6.49286,6.41596,6.41596,6.41596,793412.86315213
1994-03-28,6.45441,6.46399,6.42564,6.45441,6.45441,201784.03610895
1994-03-29,6.45441,6.45441,6.36803,6.36803,6.36803,222368.9580345
1994-03-30,6.34854,6.34854,6.14663,6.14663,6.14663,734780.33609872
1994-03-31,6.09848,6.09848,5.94459,6.07911,6.07911,683633.69508321
1994-04-04,6.04066,6.04066,5.96397,6.00261,6.00261,794660.34220129
1994-04-05,6.06962,6.17548,6.04066,6.15622,6.15622,883859.6470594
1994-04-06,6.17548,6.29102,6.15622,6.26206,6.26206,419163.0779468
1994-04-07,6.27166,6.45441,6.26206,6.45441,6.45441,598487.43245619
1994-04-08,6.39668,6.39668,6.33916,6.36803,6.36803,477170.34786122
1994-04-11,6.34854,6.46399,6.34854,6.44482,6.44482,530813.97046094
1994-04-12,6.47357,6.51222,6.45441,6.46399,6.46399,575100.99432051
1994-04-13,6.45441,6.49286,6.39668,6.42564,6.42564,1543162.9478408
1994-04-14,6.42564,6.47357,6.39668,6.42564,6.42564,629053.19851795
1994-04-15,6.41596,6.41596,6.36803,6.38719,6.38719,601920.276263
1994-04-18,6.38719,6.38719,6.34854,6.36803,6.36803,358032.55756625
1994-04-19,6.34854,6.34854,6.30071,6.33916,6.33916,679266.00079674
1994-04-20,6.31999,6.31999,6.27166,6.27166,6.27166,326846.59308022
1994-04-21,6.27166,6.29102,6.21403,6.22361,6.22361,442551.53956839
1994-04-22,6.24289,6.26206,6.21403,6.24289,6.24289,382048.29981271
1994-04-25,6.23331,6.27166,6.19476,6.19476,6.19476,226734.62883507
1994-04-26,6.19476,6.21403,6.06962,6.06962,6.06962,232347.77868482
1994-04-28,6.09848,6.09848,6.06962,6.06962,6.06962,885414.69596334
1994-04-29,6.07911,6.07911,5.99293,5.99293,5.99293,690496.347468
1994-05-02,5.99293,6.00261,5.83893,5.84842,5.84842,839261.00637329
1994-05-03,6.09848,6.33916,6.09848,6.24289,6.24289,2061814.7563796
1994-05-04,6.22361,6.33916,6.15622,6.33916,6.33916,591007.61687596
1994-05-05,6.3103,6.46399,6.3103,6.38719,6.38719,727919.70719981
1994-05-06,6.30071,6.31999,6.26206,6.29102,6.29102,1006737.851016
1994-05-09,6.29102,6.31999,6.26206,6.29102,6.29102,819608.91144153
1994-05-10,6.3103,6.41596,6.3103,6.41596,6.41596,1246569.4922528
1994-05-11,6.39668,6.51222,6.39668,6.45441,6.45441,1023889.9291346
1994-05-12,6.53141,6.53141,6.50265,6.53141,6.53141,543910.9828627
1994-05-13,6.55067,6.65644,6.51222,6.62748,6.62748,521767.97680439
1994-05-16,6.65644,6.69498,6.65644,6.65644,6.65644,531125.5872875
1994-05-17,6.64674,6.69498,6.64674,6.69498,6.69498,409494.86238009
1994-05-18,6.81052,6.89691,6.78137,6.89691,6.89691,738837.42530159
1994-05-19,6.89691,6.91618,6.83939,6.89691,6.89691,635293.62899257
1994-05-20,6.87774,6.88722,6.81052,6.87774,6.87774,501496.6951913
1994-05-23,6.84898,6.88722,6.83939,6.85845,6.85845,470311.74244822
1994-05-24,6.85845,7.10872,6.85845,7.00277,7.00277,1012660.5942063
1994-05-25,7.00277,7.1281,6.93526,7.08945,7.08945,583210.1140115
1994-05-26,7.15666,7.15666,7.03154,7.03154,7.03154,661177.04871246
1994-05-27,7.04122,7.04122,6.93526,6.96412,6.96412,494637.07803534
1994-05-31,6.97381,7.07976,6.95453,7.0509,7.0509,223615.42534071
1994-06-01,7.0509,7.42599,7.01225,7.42599,7.42599,959955.86905808
1994-06-02,7.42599,7.55113,7.3489,7.39703,7.39703,1785491.5706618
1994-06-03,7.38735,7.38735,7.3489,7.35859,7.35859,1095621.4920757
1994-06-06,7.2721,7.30116,7.15666,7.30116,7.30116,633108.26423491
1994-06-07,7.31055,7.47423,7.31055,7.43568,7.43568,725110.09704612
1994-06-08,7.43568,7.46455,7.32014,7.33941,7.33941,788423.95869844
1994-06-09,7.32014,7.32014,7.15666,7.19521,7.19521,515531.59330154
1994-06-10,7.16645,7.16645,7.07018,7.07018,7.07018,914108.73757987
1994-06-13,7.08945,7.1281,7.07976,7.1183,7.1183,917536.52267197
1994-06-14,7.1281,7.15666,7.1183,7.14727,7.14727,624686.51597441
1994-06-15,7.14727,7.18552,7.1281,7.15666,7.15666,1123375.6244979
1994-06-16,7.16645,7.30116,7.15666,7.30116,7.30116,858283.79719427
1994-06-17,7.47423,7.47423,7.37777,7.38735,7.38735,1391280.097184
1994-06-20,7.24334,7.3489,7.24334,7.3489,7.3489,604729.88641671
1994-06-21,7.3489,7.3489,7.19521,7.26252,7.26252,1134606.9829121
1994-06-22,7.2721,7.30116,7.24334,7.2721,7.2721,766903.17455031
1994-06-23,7.28169,7.32014,7.2721,7.31055,7.31055,748503.61738242
1994-06-24,7.28169,7.28169,7.2048,7.22407,7.22407,1101234.6419255
1994-06-27,7.19521,7.28169,7.1281,7.2721,7.2721,915669.85694148
1994-06-28,7.2721,7.54145,7.2721,7.53185,7.53185,1575599.4266048
1994-06-29,7.54145,7.57989,7.46455,7.51259,7.51259,918475.42012341
1994-06-30,7.4934,7.53185,7.45495,7.47423,7.47423,754426.36057282
1994-07-01,7.503,7.51259,7.45495,7.503,7.503,435067.67701637
1994-07-05,7.503,7.57989,7.4934,7.54145,7.54145,1157997.4680196
1994-07-06,7.54145,7.55113,7.41642,7.41642,7.41642,1056013.7793291
1994-07-07,7.37777,7.38735,7.31055,7.35859,7.35859,1039480.8878919
1994-07-08,7.35859,7.41642,7.33941,7.35859,7.35859,746943.50976375
1994-07-11,7.38735,7.38735,7.30116,7.31055,7.31055,542975.12064009
1994-07-12,7.31055,7.32014,7.18552,7.2048,7.2048,824602.87460993
1994-07-13,7.2048,7.37777,7.2048,7.35859,7.35859,1227544.6779459
1994-07-14,7.35859,7.35859,7.33941,7.35859,7.35859,595372.27593359
1994-07-15,7.3489,7.41642,7.33941,7.41642,7.41642,1039796.5516901
1994-07-18,7.39703,7.46455,7.38735,7.46455,7.46455,381423.04267372
1994-07-19,7.46455,7.47423,7.42599,7.45495,7.45495,677394.27635152
1994-07-20,7.46455,7.47423,7.39703,7.45495,7.45495,1393149.7981433
1994-07-21,7.45495,7.53185,7.45495,7.51259,7.51259,1560006.4443618
1994-07-22,7.51259,7.55113,7.51259,7.54145,7.54145,905064.7674092
1994-07-25,7.54145,7.57989,7.54145,7.55113,7.55113,925024.43219576
1994-07-26,7.55113,7.55113,7.45495,7.45495,7.45495,784056.26441197
1994-07-27,7.45495,7.45495,7.35859,7.41642,7.41642,700784.76145898
1994-07-28,7.41642,7.42599,7.38735,7.39703,7.39703,513972.49742583
1994-07-29,7.37777,7.37777,7.00277,7.00277,7.00277,2130425.0923404
1994-08-01,7.16645,7.18552,7.10872,7.10872,7.10872,919413.3058319
1994-08-02,7.1183,7.1183,6.92557,6.96412,6.96412,1066616.8453755
1994-08-03,6.96412,6.96412,6.91618,6.95453,6.95453,445358.11449326
1994-08-04,6.93526,6.96412,6.88722,6.89691,6.89691,695794.84526236
1994-08-05,6.93526,6.93526,6.83939,6.85845,6.85845,387352.86806474
1994-08-08,6.85845,6.85845,6.68539,6.72394,6.72394,764719.83327854
1994-08-09,6.73372,6.73372,6.6083,6.65644,6.65644,972118.03098018
1994-08-10,6.65644,6.76239,6.65644,6.69498,6.69498,1191055.1569508
1994-08-11,6.69498,6.69498,6.55067,6.61799,6.61799,718873.71354327
1994-08-12,6.61799,6.72394,6.61799,6.70467,6.70467,509294.19805575
1994-08-15,6.70467,6.70467,6.66602,6.66602,6.66602,421032.77890613
1994-08-16,6.70467,6.72394,6.66602,6.68539,6.68539,628117.33629533
1994-08-17,6.70467,6.70467,6.65644,6.69498,6.69498,420097.92842647
1994-08-18,6.69498,6.73372,6.65644,6.65644,6.65644,256362.50918834
1994-08-19,6.68539,6.68539,6.61799,6.65644,6.65644,653070.96425029
1994-08-22,6.64674,6.68539,6.64674,6.66602,6.66602,380490.21567994
1994-08-23,6.70467,6.84898,6.70467,6.8201,6.8201,386413.9706133
1994-08-24,6.8201,6.83939,6.78137,6.83939,6.83939,407934.75476144
1994-08-25,6.8201,6.83939,6.80074,6.81052,6.81052,274763.07809916
1994-08-26,6.8201,6.96412,6.8201,6.89691,6.89691,821482.65937262
1994-08-29,6.92557,6.93526,6.88722,6.92557,6.92557,919413.3058319
1994-08-30,6.92557,6.93526,6.8201,6.87774,6.87774,273830.25110539
1994-08-31,6.85845,6.89691,6.85845,6.85845,6.85845,468437.99451712
1994-09-01,6.85845,6.87774,6.84898,6.87774,6.87774,365517.4318612
1994-09-02,6.91618,6.92557,6.88722,6.89691,6.89691,356787.10200298
1994-09-06,6.80074,6.8201,6.80074,6.80074,6.80074,334332.47911813
1994-09-07,6.8201,6.84898,6.80074,6.80074,6.80074,781246.65425826
1994-09-08,6.80074,6.80074,6.68539,6.68539,6.68539,529568.51489767
1994-09-09,6.68539,6.68539,6.58913,6.6083,6.6083,694549.38969909
1994-09-12,6.61799,6.64674,6.6083,6.64674,6.64674,252309.46695725
1994-09-13,6.65644,6.68539,6.64674,6.65644,6.65644,251996.83838776
1994-09-14,6.64674,6.64674,6.56995,6.57964,6.57964,346497.67626904
1994-09-15,6.57964,6.58913,6.54119,6.56995,6.56995,466255.6649883
1994-09-16,6.53141,6.54119,6.49286,6.52191,6.52191,696418.07891547
1994-09-19,6.50265,6.50265,6.42564,6.44482,6.44482,735403.56975183
1994-09-20,6.42564,6.42564,6.3103,6.31999,6.31999,905064.7674092
1994-09-21,6.31999,6.31999,6.18517,6.22361,6.22361,1132108.989585
1994-09-22,6.22361,6.22361,6.07911,6.10828,6.10828,1198852.6598153
1994-09-23,6.18517,6.22361,6.13693,6.18517,6.18517,978041.78591353
1994-09-26,6.17548,6.25237,6.17548,6.22361,6.22361,596308.1381562
1994-09-27,6.25237,6.29102,6.22361,6.23331,6.23331,617513.25850601
1994-09-28,6.23331,6.36803,6.23331,6.31999,6.31999,815243.24064094
1994-09-29,6.36803,6.47357,6.33916,6.47357,6.47357,1018897.9894521
1994-09-30,6.49286,6.52191,6.3103,6.3103,6.3103,670534.65919557
1994-10-03,6.36803,6.39668,6.3103,6.39668,6.39668,301584.38352755
1994-10-04,6.3775,6.38719,6.21403,6.23331,6.23331,441927.29417234
1994-10-05,6.21403,6.21403,6.10828,6.10828,6.10828,442551.53956839
1994-10-06,6.11786,6.17548,6.10828,6.14663,6.14663,324665.27529436
1994-10-07,6.13693,6.17548,6.04066,6.15622,6.15622,406372.62365689
1994-10-10,6.17548,6.25237,6.17548,6.25237,6.25237,661799.27062263
1994-10-11,6.3103,6.39668,6.3103,6.36803,6.36803,742267.23387956
1994-10-12,6.3775,6.3775,6.27166,6.27166,6.27166,266966.58697766
1994-10-13,6.39668,6.41596,6.34854,6.38719,6.38719,788111.33012895
1994-10-14,6.38719,6.42564,6.38719,6.42564,6.42564,328094.07212939
1994-10-17,6.45441,6.57964,6.45441,6.57964,6.57964,975547.83955816
1994-10-18,6.55067,6.57964,6.52191,6.53141,6.53141,387352.86806474
1994-10-19,6.52191,6.57964,6.47357,6.56995,6.56995,443488.41353393
1994-10-20,6.55067,6.55067,6.46399,6.49286,6.49286,356162.85660693
1994-10-21,6.47357,6.54119,6.47357,6.53141,6.53141,789982.04283121
1994-10-24,6.53141,6.55067,6.47357,6.53141,6.53141,348365.35374248
1994-10-25,6.52191,6.52191,6.45441,6.47357,6.47357,753492.5218361
1994-10-26,6.49286,6.49286,6.44482,6.46399,6.46399,431637.8684384
1994-10-27,6.44482,6.55067,6.42564,6.55067,6.55067,632173.41375525
1994-10-28,6.56995,6.87774,6.55067,6.85845,6.85845,734780.33609872
1994-10-31,6.87774,6.92557,6.74312,6.74312,6.74312,716381.79067378
1994-11-01,6.84898,7.01225,6.84898,7.00277,7.00277,1381609.8581315
1994-11-02,6.97381,7.04122,6.91618,6.92557,6.92557,681139.74872783
1994-11-03,6.91618,7.00277,6.89691,6.97381,6.97381,448791.97004302
1994-11-04,6.97381,6.97381,6.93526,6.93526,6.93526,484031.98850307
1994-11-07,6.95453,6.95453,6.85845,6.85845,6.85845,531746.79745472
1994-11-08,6.88722,6.93526,6.84898,6.87774,6.87774,500872.44979525
1994-11-09,6.96412,7.10872,6.95453,7.0509,7.0509,3007734.7155845
1994-11-10,7.0509,7.08945,7.04122,7.0509,7.0509,507425.50883936
1994-11-11,7.04122,7.04122,6.97381,6.99298,6.99298,573537.85147302
1994-11-14,7.01225,7.07976,7.00277,7.07018,7.07018,315305.64132535
1994-11-15,7.04122,7.08945,7.01225,7.03154,7.03154,256674.12601489
1994-11-16,7.03154,7.03154,6.95453,6.95453,6.95453,689557.45001657
1994-11-17,6.93526,6.93526,6.84898,6.88722,6.88722,445046.49766671
1994-11-18,6.87774,6.87774,6.78137,6.78137,6.78137,608157.67150879
1994-11-21,6.78137,6.81052,6.6083,6.61799,6.61799,227049.28089046
1994-11-22,6.61799,6.61799,6.3103,6.3103,6.3103,1137410.5226082
1994-11-23,6.3103,6.47357,6.23331,6.45441,6.45441,790293.65965777
1994-11-25,6.45441,6.45441,6.42564,6.44482,6.44482,166229.36559352
1994-11-28,6.45441,6.45441,6.38719,6.45441,6.45441,318737.47338922
1994-11-29,6.45441,6.49286,6.42564,6.47357,6.47357,583831.32417872
1994-11-30,6.50265,6.50265,6.47357,6.49286,6.49286,279752.9942958
1994-12-01,6.49286,6.49286,6.38719,6.41596,6.41596,353666.88676567
1994-12-02,6.42564,6.55067,6.38719,6.55067,6.55067,348365.35374248
1994-12-05,6.57964,6.73372,6.57964,6.68539,6.68539,454715.72497636
1994-12-06,6.69498,6.69498,6.55067,6.61799,6.61799,344621.90485206
1994-12-07,6.52191,6.61799,6.52191,6.55067,6.55067,465943.0364188
1994-12-08,6.53141,6.56995,6.45441,6.47357,6.47357,635913.82741685
1994-12-09,6.46399,6.54119,6.45441,6.54119,6.54119,540482.18602766
1994-12-12,6.50265,6.56995,6.50265,6.56995,6.56995,212078.5205576
1994-12-13,6.57964,6.66602,6.55067,6.62748,6.62748,605664.73689637
1994-12-14,6.65644,6.73372,6.65644,6.68539,6.68539,289421.20986252
1994-12-15,6.68539,6.76239,6.68539,6.74312,6.74312,265093.8507895
1994-12-16,6.81052,6.81052,6.76239,6.78137,6.78137,828967.53366757
1994-12-19,6.78137,6.83939,6.74312,6.77207,6.77207,566678.23431706
1994-12-20,6.74312,6.83939,6.74312,6.83939,6.83939,388909.94045456
1994-12-21,6.83939,6.84898,6.3103,6.42564,6.42564,2809381.4997965
1994-12-22,6.42564,6.42564,6.36803,6.3775,6.3775,1723740.8518569
1994-12-23,6.34854,6.34854,6.27166,6.29102,6.29102,562000.94668992
1994-12-27,6.30071,6.38719,6.26206,6.36803,6.36803,761604.67675593
1994-12-28,6.36803,6.45441,6.36803,6.42564,6.42564,914108.73757987
1994-12-29,6.45441,6.46399,6.41596,6.42564,6.42564,638410.80900105
1994-12-30,6.42564,6.52191,6.42564,6.52191,6.52191,416042.8627095
1995-01-03,6.50265,6.50265,6.41596,6.49286,6.49286,694549.38969909
1995-01-04,6.46399,6.47357,6.42564,6.45441,6.45441,260102.92284992
1995-01-05,6.45441,6.47357,6.3775,6.44482,6.44482,835829.17430942
1995-01-06,6.44482,6.46399,6.39668,6.45441,6.45441,445981.34814637
1995-01-09,6.46399,6.46399,6.42564,6.45441,6.45441,333708.23372207
1995-01-10,6.47357,6.47357,6.42564,6.42564,6.42564,730412.64181226
1995-01-11,6.45441,6.53141,6.41596,6.47357,6.47357,668661.92300742
1995-01-12,6.50265,6.68539,6.50265,6.66602,6.66602,1303642.9234305
1995-01-13,6.65644,6.89691,6.65644,6.87774,6.87774,1627992.5349265
1995-01-16,6.87774,6.89691,6.8201,6.88722,6.88722,753805.1504056
1995-01-17,6.85845,6.88722,6.80074,6.88722,6.88722,847053.45052301
1995-01-18,6.87774,6.89691,6.85845,6.89691,6.89691,638410.80900105
1995-01-19,6.88722,6.91618,6.87774,6.89691,6.89691,782185.55170971
1995-01-20,6.89691,6.89691,6.84898,6.85845,6.85845,793724.47997868
1995-01-23,6.8201,6.87774,6.77207,6.85845,6.85845,726673.23989361
1995-01-24,6.85845,6.85845,6.80074,6.83939,6.83939,278193.89842009
1995-01-25,6.81052,6.88722,6.78137,6.84898,6.84898,624374.89914786
1995-01-26,6.87774,6.87774,6.81052,6.87774,6.87774,397642.29379867
1995-01-27,6.88722,7.01225,6.85845,6.96412,6.96412,459393.01260351
1995-01-30,6.97381,6.97381,6.89691,6.89691,6.89691,283183.81461672
1995-01-31,6.89691,6.92557,6.87774,6.92557,6.92557,1009233.8208572
1995-02-01,6.92557,6.96412,6.91618,6.93526,6.93526,1225982.5468414
1995-02-02,6.93526,6.96412,6.92557,6.96412,6.96412,631551.19184509
1995-02-03,6.96412,7.07018,6.96412,7.01225,7.01225,1103418.9949402
1995-02-06,7.03154,7.0509,7.01225,7.03154,7.03154,539856.92888866
1995-02-07,7.07976,7.1183,7.04122,7.1183,7.1183,290045.45525856
1995-02-08,7.07976,7.19521,7.07976,7.16645,7.16645,574477.7606674
1995-02-09,7.16645,7.18552,7.15666,7.16645,7.16645,255738.26379228
1995-02-10,7.16645,7.30116,7.15666,7.24334,7.24334,906313.25820131
1995-02-13,7.26252,7.30116,7.24334,7.30116,7.30116,581961.62321941
1995-02-14,7.42599,7.65698,7.38735,7.61843,7.61843,2962200.2126758
1995-02-15,7.60865,7.62793,7.51259,7.54145,7.54145,2215258.7263979
1995-02-16,7.60865,7.68575,7.58968,7.68575,7.68575,851422.15655244
1995-02-17,7.68575,7.74336,7.66667,7.69543,7.69543,782185.55170971
1995-02-21,7.70502,7.74336,7.62793,7.64719,7.64719,801520.97110019
1995-02-22,7.64719,7.74336,7.62793,7.69543,7.69543,1560943.3183273
1995-02-23,7.7242,7.7242,7.66667,7.7242,7.7242,849863.06067672
1995-02-24,7.7242,7.78201,7.7242,7.78201,7.78201,790918.91679676
1995-02-27,7.77233,7.77233,7.70502,7.7242,7.7242,604729.88641671
1995-02-28,7.7242,7.76265,7.7242,7.76265,7.76265,373626.55155221
1995-03-01,7.76265,7.77233,7.7242,7.73388,7.73388,410740.31794337
1995-03-02,7.7242,7.7242,7.66667,7.69543,7.69543,875750.52736839
1995-03-03,7.70502,7.7242,7.69543,7.7242,7.7242,435691.92241244
1995-03-06,7.7242,7.74336,7.68575,7.73388,7.73388,199289.07801064
1995-03-07,7.66667,7.66667,7.53185,7.5705,7.5705,324037.99466947
1995-03-08,7.5705,7.61843,7.55113,7.58968,7.58968,320296.56926494
1995-03-09,7.60865,7.60865,7.503,7.503,7.503,316242.5152909
1995-03-10,7.47423,7.64719,7.47423,7.62793,7.62793,510228.03679246
1995-03-13,7.62793,7.68575,7.58968,7.60865,7.60865,468750.62308662
1995-03-14,7.61843,7.76265,7.61843,7.69543,7.69543,778131.49773567
1995-03-15,7.68575,7.70502,7.64719,7.69543,7.69543,1333271.8155268
1995-03-16,7.66667,7.8011,7.65698,7.8011,7.8011,726673.23989361
1995-03-17,7.82027,7.82027,7.7242,7.77233,7.77233,545784.73079379
1995-03-20,7.78201,7.78201,7.73388,7.76265,7.76265,440678.80338024
1995-03-21,7.76265,7.8011,7.7242,7.78201,7.78201,635293.62899257
1995-03-22,7.77233,7.78201,7.76265,7.76265,7.76265,611589.50357266
1995-03-23,7.74336,7.76265,7.68575,7.68575,7.68575,1003305.0072091
1995-03-24,7.70502,7.7242,7.69543,7.69543,7.69543,401073.11411959
1995-03-27,7.69543,7.74336,7.69543,7.73388,7.73388,564810.55684362
1995-03-28,7.73388,7.73388,7.69543,7.70502,7.70502,271957.51491724
1995-03-29,7.70502,7.73388,7.69543,7.73388,7.73388,1046344.5520195
1995-03-30,7.73388,7.73388,7.68575,7.7242,7.7242,759106.68342879
1995-03-31,7.69543,7.70502,7.61843,7.65698,7.65698,539545.31206212
1995-04-03,7.62793,7.64719,7.57989,7.57989,7.57989,823040.7435054
1995-04-04,7.60865,7.61843,7.55113,7.57989,7.57989,796220.44981994
1995-04-05,7.60865,7.60865,7.5705,7.57989,7.57989,544222.59968926
1995-04-06,7.57989,7.57989,7.51259,7.53185,7.53185,333395.60515257
1995-04-07,7.53185,7.54145,7.4934,7.51259,7.51259,480602.17992509
1995-04-10,7.51259,7.53185,7.51259,7.51259,7.51259,451597.53322494
1995-04-11,7.54145,7.54145,7.43568,7.43568,7.43568,459082.4075199
1995-04-12,7.45495,7.46455,7.42599,7.43568,7.43568,375187.67091381
1995-04-13,7.46455,7.55113,7.46455,7.54145,7.54145,696418.07891547
1995-04-17,7.5705,7.5705,7.45495,7.45495,7.45495,402633.22173824
1995-04-18,7.45495,7.45495,7.35859,7.38735,7.38735,465005.1507103
1995-04-19,7.35859,7.38735,7.2721,7.28169,7.28169,1660116.385121
1995-04-20,7.2721,7.28169,7.00277,7.01225,7.01225,3098801.6979161
1995-04-21,7.03154,7.2721,6.99298,7.2721,7.2721,2385853.762792
1995-04-24,7.2721,7.2721,7.18552,7.2721,7.2721,553579.19842942
1995-04-25,7.26252,7.33941,7.2048,7.30116,7.30116,1068176.9529942
1995-04-26,7.32014,7.45495,7.30116,7.43568,7.43568,467812.73737813
1995-04-27,7.46455,7.55113,7.46455,7.54145,7.54145,1114332.6660702
1995-04-28,7.5705,7.5705,7.41642,7.43568,7.43568,449723.78529384
1995-05-01,7.45495,7.47423,7.31055,7.33941,7.33941,913173.88710021
1995-05-02,7.33941,7.33941,7.26252,7.31055,7.31055,845496.37813319
1995-05-03,7.33941,7.51259,7.33941,7.39703,7.39703,1225982.5468414
1995-05-04,7.39703,7.39703,7.32014,7.33941,7.33941,890409.67087469
1995-05-05,7.35859,7.47423,7.33941,7.41642,7.41642,515531.59330154
1995-05-08,7.43568,7.4934,7.39703,7.43568,7.43568,891339.46263963
1995-05-09,7.46455,7.60865,7.45495,7.60865,7.60865,700160.51606294
1995-05-10,7.64719,7.69543,7.58968,7.60865,7.60865,472802.65357476
1995-05-11,7.60865,7.60865,7.57989,7.58968,7.58968,303456.10797276
1995-05-12,7.57989,7.60865,7.55113,7.60865,7.60865,479044.09579233
1995-05-15,7.61843,7.76265,7.61843,7.76265,7.76265,388909.94045456
1995-05-16,7.7242,7.7242,7.62793,7.62793,7.62793,572605.02447924
1995-05-17,7.60865,7.61843,7.54145,7.55113,7.55113,450349.04243284
1995-05-18,7.54145,7.54145,7.47423,7.47423,7.47423,386103.36552968
1995-05-19,7.45495,7.47423,7.43568,7.46455,7.46455,539545.31206212
1995-05-22,7.4934,7.51259,7.46455,7.4934,7.4934,316867.77242989
1995-05-23,7.54145,7.55113,7.503,7.53185,7.53185,752871.31166888
1995-05-24,7.5705,7.61843,7.55113,7.57989,7.57989,624374.89914786
1995-05-25,7.60865,7.64719,7.55113,7.62793,7.62793,494012.83263928
1995-05-26,7.64719,7.66667,7.62793,7.62793,7.62793,633108.26423491
1995-05-30,7.62793,7.65698,7.57989,7.57989,7.57989,714508.04274269
1995-05-31,7.60865,7.68575,7.5705,7.65698,7.65698,666479.5934786
1995-06-01,7.64719,7.69543,7.61843,7.66667,7.66667,629053.19851795
1995-06-02,7.68575,7.70502,7.64719,7.68575,7.68575,856722.67783268
1995-06-05,7.68575,7.69543,7.65698,7.68575,7.68575,627495.11438517
1995-06-06,7.68575,7.69543,7.64719,7.66667,7.66667,785615.36028768
1995-06-07,7.69543,7.69543,7.65698,7.69543,7.69543,901633.94708829
1995-06-08,7.83964,7.87819,7.66667,7.68575,7.68575,1643275.9238288
1995-06-09,7.68575,7.69543,7.51259,7.53185,7.53185,445046.49766671
1995-06-12,7.51259,7.62793,7.51259,7.55113,7.55113,779690.59361138
1995-06-13,7.58968,7.7242,7.57989,7.70502,7.70502,360217.92232391
1995-06-14,7.70502,7.70502,7.66667,7.68575,7.68575,294409.10257327
1995-06-15,7.66667,7.73388,7.66667,7.70502,7.70502,484343.60532962
1995-06-16,7.7242,7.7242,7.68575,7.69543,7.69543,828967.53366757
1995-06-19,7.69543,7.76265,7.69543,7.76265,7.76265,721058.06655797
1995-06-20,7.78201,7.8011,7.74336,7.77233,7.77233,566678.23431706
1995-06-21,7.8011,7.85892,7.78201,7.85892,7.85892,760665.77930451
1995-06-22,7.93571,8.08989,7.92613,8.05136,8.05136,1012036.3488103
1995-06-23,8.00321,8.00321,7.96477,7.97426,7.97426,740081.86912191
1995-06-26,7.9453,7.99353,7.93571,7.99353,7.99353,450349.04243284
1995-06-27,7.97426,8.00321,7.9453,7.97426,7.97426,734468.71927217
1995-06-28,7.99353,8.04166,7.96477,7.99353,7.99353,887288.44389443
1995-06-29,8.00321,8.00321,7.89726,7.9453,7.9453,640282.53344626
1995-06-30,7.97426,8.00321,7.9453,7.9453,7.9453,738837.42530159
1995-07-03,7.97426,8.00321,7.96477,7.99353,7.99353,129741.86808429
1995-07-05,7.99353,8.00321,7.93571,7.9453,7.9453,387036.19252346
1995-07-06,7.99353,8.09949,7.96477,8.09949,8.09949,594437.42545394
1995-07-07,8.08989,8.1667,8.07063,8.15711,8.15711,609718.79087039
1995-07-10,8.12814,8.12814,8.01281,8.07063,8.07063,672092.74332834
1995-07-11,8.07063,8.08989,8.01281,8.07063,8.07063,624686.51597441
1995-07-12,8.04166,8.08031,8.02249,8.07063,8.07063,281312.09017151
1995-07-13,8.04166,8.08031,7.99353,7.99353,7.99353,657747.24013448
1995-07-14,7.97426,8.07063,7.96477,7.99353,7.99353,680201.86301935
1995-07-17,8.00321,8.1667,7.99353,8.15711,8.15711,671468.49793229
1995-07-18,8.21482,8.32049,8.20535,8.2437,8.2437,1128681.2044929
1995-07-19,8.29173,8.35894,8.25328,8.27246,8.27246,1079404.2644367
1995-07-20,8.21482,8.23421,8.08989,8.08989,8.08989,831773.0968495
1995-07-21,8.08989,8.11847,8.07063,8.08989,8.08989,712324.70147092
1995-07-24,8.08031,8.1667,8.08031,8.14743,8.14743,499625.98248903
1995-07-25,8.14743,8.23421,8.08989,8.20535,8.20535,753492.5218361
1995-07-26,8.20535,8.29173,8.14743,8.28224,8.28224,1025448.0132675
1995-07-27,8.27246,8.35894,8.27246,8.34935,8.34935,472802.65357476
1995-07-28,8.33018,8.40717,8.3107,8.39769,8.39769,252309.46695725
1995-07-31,8.39769,8.39769,8.2437,8.25328,8.25328,444425.28749949
1995-08-01,8.27246,8.34935,8.2437,8.29173,8.29173,226734.62883507
1995-08-02,8.8306,9.23386,8.8306,9.13848,9.13848,3947726.8728843
1995-08-03,9.16695,9.16695,9.04202,9.11912,9.11912,1128991.8095765
1995-08-04,9.09006,9.21509,9.0612,9.21509,9.21509,1278692.3307044
1995-08-07,9.21509,9.35039,9.21509,9.27242,9.27242,1291791.366592
1995-08-08,9.16695,9.29188,9.16695,9.25324,9.25324,1004867.1383137
1995-08-09,9.29188,9.29188,9.24355,9.27242,9.27242,1837574.0738999
1995-08-10,9.27242,9.29188,9.17595,9.19572,9.19572,1034494.006924
1995-08-11,9.19572,9.21509,9.08037,9.09006,9.09006,1405316.0070372
1995-08-14,9.0612,9.16695,9.04202,9.13848,9.13848,639346.67122366
1995-08-15,9.16695,9.2052,9.13848,9.16695,9.16695,813373.53968162
1995-08-16,9.19572,9.2052,9.16695,9.2052,9.2052,502746.19772635
1995-08-17,9.21509,9.29188,9.21509,9.2823,9.2823,919100.6772624
1995-08-18,9.2823,9.29188,9.24355,9.27242,9.27242,1041980.9047048
1995-08-21,9.29188,9.43718,9.2823,9.40753,9.40753,1034494.006924
1995-08-22,9.43718,9.44706,9.39863,9.4273,9.4273,965881.64747733
1995-08-23,9.40753,9.43718,9.39863,9.4273,9.4273,721058.06655797
1995-08-24,9.4273,9.44706,9.40753,9.43718,9.43718,749127.86277846
1995-08-25,9.46485,9.59138,9.46485,9.58149,9.58149,572916.64130579
1995-08-28,9.60125,9.70602,9.56172,9.58149,9.58149,913797.12075332
1995-08-29,9.60125,9.66945,9.59138,9.6398,9.6398,1132422.6298974
1995-08-30,9.65957,9.78312,9.6398,9.76335,9.76335,2225549.1638748
1995-08-31,9.793,9.90864,9.793,9.90864,9.90864,1656999.2051125
1995-09-01,9.89876,10.2061,9.88987,10.1873,10.1873,1258732.6659178
1995-09-05,10.2457,10.2546,10.1301,10.2061,10.2061,1200099.1271214
1995-09-06,10.2061,10.2833,10.1873,10.2457,10.2457,1435254.4924741
1995-09-07,10.2457,10.2457,10.0618,10.1301,10.1301,1324851.0790091
1995-09-08,10.0618,10.0717,9.98471,9.98471,9.98471,570108.04289504
1995-09-11,9.99467,10.0233,9.8612,9.99467,9.99467,1044786.4678868
1995-09-12,10.0904,10.1004,10.052,10.1004,10.1004,1083147.7133271
1995-09-13,10.0618,10.1775,10.0618,10.1775,10.1775,791854.77901937
1995-09-14,10.216,10.3969,10.2061,10.3217,10.3217,1129927.6717991
1995-09-15,10.3405,10.4355,10.3317,10.3782,10.3782,1838510.9478654
1995-09-18,10.3969,10.4552,10.3405,10.3969,10.3969,1151448.4559472
1995-09-19,10.3782,10.4167,10.3782,10.4068,10.4068,701723.65891042
1995-09-20,10.3782,10.4167,10.3405,10.3692,10.3692,1725610.5528163
1995-09-21,10.3692,10.3692,10.1389,10.216,10.216,969626.10811069
1995-09-22,10.0904,10.2259,10.0904,10.216,10.216,1015156.5640477
1995-09-25,10.2259,10.3217,10.216,10.2644,10.2644,668037.67761136
1995-09-26,10.293,10.302,10.2457,10.2644,10.2644,1641404.1993836
1995-09-27,10.1873,10.2457,10.1389,10.216,10.216,721058.06655797
1995-09-28,10.216,10.8595,10.216,10.8407,10.8407,5909118.0481922
1995-09-29,10.8021,10.8021,10.6678,10.6678,10.6678,1358535.0368223
1995-10-02,10.7241,11.0611,10.7142,10.8407,10.8407,3629302.0280646
1995-10-03,11.0611,11.0611,10.8981,11.0235,11.0235,1498877.9474671
1995-10-04,10.9949,11.0611,10.9079,10.9465,10.9465,906935.48011147
1995-10-05,10.9465,10.9465,10.8595,10.8792,10.8792,445046.49766671
1995-10-06,10.8792,10.9178,10.7824,10.8219,10.8219,766903.17455031
1995-10-09,10.4929,10.6391,10.4929,10.5224,10.5224,1314870.2348729
1995-10-10,10.293,10.4068,10.2644,10.3782,10.3782,1880924.223794
1995-10-11,10.3969,10.5708,10.3969,10.5708,10.5708,1188558.1753667
1995-10-12,10.5708,10.5708,10.3405,10.4829,10.4829,998001.45070007
1995-10-13,10.5224,10.5511,10.4355,10.5511,10.5511,1810442.1633879
1995-10-16,10.4453,10.5126,10.3692,10.4552,10.4552,873876.77943729
1995-10-17,10.4453,10.4552,10.4068,10.4068,10.4068,980538.76749773
1995-10-18,10.4068,10.4552,10.216,10.2457,10.2457,1156438.3721439
1995-10-19,10.1389,10.2457,10.1389,10.216,10.216,1384419.4682852
1995-10-20,10.2457,10.4929,10.2457,10.3317,10.3317,1287426.7075343
1995-10-23,10.3782,10.3782,10.2457,10.2833,10.2833,780624.43234811
1995-10-24,10.2546,10.293,9.99467,10.0144,10.0144,702345.88082059
1995-10-25,10.0618,10.0717,9.75347,9.84144,9.84144,938124.47982632
1995-10-26,9.84144,9.84144,9.76335,9.83154,9.83154,925336.04902231
1995-10-27,9.83154,10.0904,9.83154,10.0144,10.0144,1439619.1515317
1995-10-30,10.1873,10.1873,9.92644,10.1478,10.1478,968688.2224022
1995-10-31,10.1389,10.1676,9.98471,10.1478,10.1478,1105288.6958995
1995-11-01,10.6292,10.7241,10.5224,10.7142,10.7142,3738460.9977092
1995-11-02,10.7042,10.8021,10.6489,10.7626,10.7626,886351.56992889
1995-11-03,10.7626,10.9365,10.7626,10.9365,10.9365,1043848.5821783
1995-11-06,10.9365,10.9365,10.7537,10.8694,10.8694,460639.47990971
1995-11-07,10.8694,10.8694,10.7042,10.8407,10.8407,1061315.3123523
1995-11-08,10.8407,10.8595,10.7626,10.8308,10.8308,782185.55170971
1995-11-09,10.8694,10.8694,10.6489,10.6489,10.6489,1389408.3727388
1995-11-10,10.5511,10.8219,10.5224,10.7439,10.7439,843937.28225748
1995-11-13,10.7439,10.7439,10.6292,10.6489,10.6489,513660.88059927
1995-11-14,10.6292,10.7142,10.5708,10.6845,10.6845,547340.79144068
1995-11-15,10.7142,10.7142,10.473,10.5323,10.5323,570734.31177698
1995-11-16,10.561,10.7241,10.473,10.5995,10.5995,781563.32979954
1995-11-17,10.6095,10.6292,10.5511,10.5708,10.5708,496506.77899466
1995-11-20,10.5511,10.5511,10.3969,10.4453,10.4453,863896.94704402
1995-11-21,10.4453,10.6845,10.4167,10.6766,10.6766,1051957.7018693
1995-11-22,10.6845,10.8407,10.6489,10.8407,10.8407,642153.24614852
1995-11-24,10.7537,10.8308,10.7537,10.7626,10.7626,99799.335675653
1995-11-27,10.7824,10.8694,10.7824,10.8407,10.8407,648078.01282482
1995-11-28,10.8407,10.9465,10.8308,10.9178,10.9178,819608.91144153
1995-11-29,11.7846,11.7846,11.2548,11.3408,11.3408,1977607.391204
1995-11-30,11.3408,11.3606,11.2548,11.2647,11.2647,1822605.3370529
1995-12-01,11.2548,11.3704,11.2163,11.2163,11.2163,593190.95814772
1995-12-04,11.2262,11.321,11.1866,11.2647,11.2647,1271830.6900626
1995-12-05,11.2647,11.4763,11.2163,11.3991,11.3991,1580276.7142319
1995-12-06,11.4179,11.6117,11.4179,11.4763,11.4763,866080.28831579
1995-12-07,11.496,11.496,11.3023,11.4091,11.4091,790918.91679676
1995-12-08,11.321,11.4179,11.1866,11.3606,11.3606,580401.51560075
1995-12-11,11.246,11.2835,11.2163,11.246,11.246,1010789.8815041
1995-12-12,11.246,11.2548,11.0334,11.0611,11.0611,2407371.5117113
1995-12-13,11.0611,11.0611,10.8981,10.9365,10.9365,712324.70147092
1995-12-14,10.8981,10.8981,10.7537,10.8308,10.8308,568549.95876226
1995-12-15,11.0137,11.0611,10.9178,11.0611,11.0611,1539421.5224363
1995-12-18,11.0334,11.0611,10.8981,10.9079,10.9079,724178.28179529
1995-12-19,10.7537,10.8595,10.6766,10.8595,10.8595,938436.09665289
1995-12-20,10.8595,10.8595,10.7537,10.8407,10.8407,827095.80922237
1995-12-21,10.8407,10.9079,10.7923,10.8219,10.8219,769083.48059324
1995-12-22,10.7923,10.8407,10.7923,10.8308,10.8308,572605.02447924
1995-12-26,10.8021,10.8407,10.7923,10.8308,10.8308,413859.52143773
1995-12-27,10.8694,10.9079,10.6489,10.6678,10.6678,2072417.822426
1995-12-28,10.6766,10.6845,10.5511,10.6095,10.6095,613459.20453199
1995-12-29,10.5995,10.8021,10.5708,10.5708,10.5708,1628928.397149
1996-01-02,10.5708,10.8694,10.5708,10.8694,10.8694,999563.58180461
1996-01-03,10.8981,11.2548,10.8021,10.9752,10.9752,2112024.5234295
1996-01-04,11.0611,11.0997,10.9365,10.9752,10.9752,997381.25227579
1996-01-05,10.9563,10.9752,10.8308,10.9178,10.9178,1306135.8580429
1996-01-08,10.9563,10.985,10.9365,10.985,10.985,136913.10206681
1996-01-09,10.9563,10.985,10.9079,10.9178,10.9178,1232847.222712
1996-01-10,10.8595,10.8792,10.6845,10.7241,10.7241,907249.12042392
1996-01-11,10.7241,10.8595,10.6845,10.8595,10.8595,820547.80889296
1996-01-12,11.0611,11.2163,10.9752,11.2163,11.2163,1506674.4385886
1996-01-15,11.2163,11.4091,11.2163,11.4091,11.4091,1236901.276686
1996-01-16,11.4179,11.5533,11.4091,11.5533,11.5533,817740.22222515
1996-01-17,11.5533,11.8598,11.5336,11.7649,11.7649,1120883.7016284
1996-01-18,12.1878,12.2255,12.0317,12.2165,12.2165,1708460.4981835
1996-01-19,12.1582,12.178,11.9467,11.9566,11.9566,2137287.7447252
1996-01-22,11.9082,11.9842,11.7945,11.8034,11.8034,669595.76174413
1996-01-23,11.8311,11.9842,11.8034,11.9842,11.9842,461887.97070182
1996-01-24,11.9467,12.1404,11.9467,11.9842,11.9842,532060.43776716
1996-01-25,11.9942,12.0712,11.8696,11.8795,11.8795,581336.3660804
1996-01-26,11.8795,11.8795,11.6878,11.7649,11.7649,563247.41399614
1996-01-29,11.7649,12.0229,11.7649,12.0229,12.0229,613459.20453199
1996-01-30,11.9942,12.1207,11.9566,12.0811,12.0811,476548.12595106
1996-01-31,12.0811,12.1582,12.004,12.1504,12.1504,1109032.1447899
1996-02-01,12.1404,12.1404,11.8598,11.8696,11.8696,915980.46202509
1996-02-02,11.8696,11.9082,11.6018,11.6492,11.6492,749127.86277846
1996-02-05,11.6779,11.7174,11.573,11.6779,11.6779,356787.10200298
1996-02-06,11.6878,11.9842,11.6492,11.9082,11.9082,1092502.2885814
1996-02-07,11.9181,12.0229,11.9181,12.0229,12.0229,647144.1740881
1996-02-08,12.1878,12.5447,12.1878,12.2927,12.2927,1724988.3309061
1996-02-09,12.264,12.2739,12.0317,12.1504,12.1504,969626.10811069
1996-02-12,12.1008,12.3421,12.1008,12.1504,12.1504,1596494.9536139
1996-02-13,12.2165,12.5447,12.2165,12.4558,12.4558,1618013.7142762
1996-02-14,12.7562,12.7562,12.264,12.2927,12.2927,1509170.4084299
1996-02-15,12.1878,12.4093,12.1878,12.1968,12.1968,1271521.0967219
1996-02-16,12.1878,12.264,12.0229,12.0416,12.0416,1389721.0013083
1996-02-20,11.7945,11.9942,11.7945,11.9942,11.9942,1117765.509877
1996-02-21,11.9942,12.178,11.9942,12.1008,12.1008,771893.09074693
1996-02-22,12.1404,12.3806,12.1404,12.2739,12.2739,1027320.7494556
1996-02-23,12.3904,12.4093,12.1968,12.3124,12.3124,1524763.3906729
1996-02-26,12.2927,12.3321,12.1207,12.3025,12.3025,603793.01245116
1996-02-27,12.352,12.3707,12.1404,12.1404,12.1404,889470.77342325
1996-02-28,12.2165,12.4459,12.2165,12.2739,12.2739,918163.80329685
1996-02-29,12.178,12.254,12.1108,12.1404,12.1404,911302.162655
1996-03-01,12.1582,12.3124,12.0811,12.3124,12.3124,348054.74865887
1996-03-04,12.2739,12.4953,12.264,12.3904,12.3904,607220.79754325
1996-03-05,12.4656,12.6119,12.4093,12.602,12.602,503992.66503256
1996-03-06,12.602,12.8511,12.5833,12.7661,12.7661,745073.80880444
1996-03-07,12.7266,12.7365,12.4953,12.6485,12.6485,422594.91001067
1996-03-08,12.5347,12.5347,11.6393,11.8598,11.8598,1415607.4562571
1996-03-11,11.7649,11.9842,11.6679,11.8795,11.8795,1287110.0319931
1996-03-12,11.8034,11.8311,11.4763,11.8034,11.8034,954652.31254901
1996-03-13,11.8311,12.0614,11.7945,11.9842,11.9842,983345.3424226
1996-03-14,11.9842,12.1504,11.9842,12.1108,12.1108,571669.16225664
1996-03-15,12.1404,12.1404,11.9467,12.0614,12.0614,812750.3060285
1996-03-18,12.0614,12.178,12.0317,12.0811,12.0811,601299.06609578
1996-03-19,12.0811,12.0811,11.9942,12.0811,12.0811,652445.7071113
1996-03-20,12.1108,12.1108,11.8894,11.9842,11.9842,418227.21572421
1996-03-21,12.004,12.0614,11.8795,11.9467,11.9467,418537.82080781
1996-03-22,11.9467,12.1504,11.9181,12.0811,12.0811,572916.64130579
1996-03-25,12.0811,12.1008,11.7846,11.7846,11.7846,610653.64135006
1996-03-26,11.7945,11.8696,11.7846,11.7945,11.7945,1070045.6422105
1996-03-27,11.8598,11.8696,11.7549,11.7846,11.7846,463448.07832048
1996-03-28,11.7846,11.9082,11.6878,11.7649,11.7649,608157.67150879
1996-03-29,11.7945,11.8311,11.6878,11.7075,11.7075,452222.79036393
1996-04-01,11.8311,11.8696,11.7549,11.8123,11.8123,569797.43781142
1996-04-02,11.8123,11.8894,11.7174,11.8598,11.8598,634353.71979818
1996-04-03,11.8598,11.8598,11.6492,11.6779,11.6779,959642.22874564
1996-04-04,11.6492,11.7075,11.3023,11.3704,11.3704,1841940.7564434
1996-04-08,11.0137,11.1294,10.8792,11.0334,11.0334,1774890.5281013
1996-04-09,11.1095,11.2163,10.9752,11.0611,11.0611,1663236.6003584
1996-04-10,10.7537,10.8308,10.6095,10.6766,10.6766,1535991.7138582
1996-04-11,10.6766,10.7142,10.3217,10.4355,10.4355,2853667.5119131
1996-04-12,10.6292,10.7042,10.5708,10.6766,10.6766,2871756.4639974
1996-04-15,10.7042,10.7042,10.5511,10.6292,10.6292,982410.49194294
1996-04-16,10.6489,10.6678,10.5224,10.5511,10.5511,1122130.1689346
1996-04-17,10.4929,10.6391,10.4929,10.561,10.561,594123.78514149
1996-04-18,10.5906,10.6766,10.561,10.6391,10.6391,758171.83294913
1996-04-19,10.6678,10.6766,10.6095,10.6489,10.6489,943427.02459247
1996-04-22,10.6766,10.7923,10.5906,10.7042,10.7042,1050088.00091
1996-04-23,10.7241,11.0611,10.7241,11.0334,11.0334,1192302.636
1996-04-24,11.0611,11.5336,11.0532,11.4861,11.4861,1457086.8934489
1996-04-25,11.4466,11.4565,11.1491,11.2163,11.2163,1070671.9110925
1996-04-26,11.2924,11.3606,11.2262,11.2647,11.2647,731037.89895125
1996-04-29,11.2262,11.2262,11.0997,11.1491,11.1491,339631.98865543
1996-04-30,11.1768,11.6117,11.1688,11.6117,11.6117,664606.85729043
1996-05-01,11.5236,11.6393,11.4179,11.4179,11.4179,1391902.3190942
1996-05-02,11.1095,11.1491,10.6292,10.6489,10.6489,2502808.2118152
1996-05-03,10.9563,11.0532,10.7537,10.7537,10.7537,5717003.239393
1996-05-06,10.8595,10.8595,10.7042,10.7537,10.7537,1569048.3910465
1996-05-07,10.7626,10.8021,10.7439,10.7626,10.7626,1288362.569757
1996-05-08,10.7626,11.0611,10.7241,10.9563,10.9563,1398142.7495688
1996-05-09,10.9752,11.1688,10.9563,11.1688,11.1688,827408.43779186
1996-05-10,11.3704,11.6393,11.2835,11.4376,11.4376,967438.71986716
1996-05-13,11.4376,11.573,11.2924,11.5533,11.5533,595996.52132964
1996-05-14,11.6492,11.7273,11.5928,11.6314,11.6314,1039796.5516901
1996-05-15,11.6018,11.7649,11.6018,11.7273,11.7273,770958.24026728
1996-05-16,11.6393,11.6679,11.4763,11.4861,11.4861,1372255.2828771
1996-05-17,11.5236,11.6779,11.5147,11.573,11.573,1820110.3789547
1996-05-20,11.6492,11.7075,11.6117,11.6679,11.6679,803706.33585784
1996-05-21,11.6679,11.7273,11.6492,11.7273,11.7273,627183.49755862
1996-05-22,11.7075,11.7649,11.6393,11.7649,11.7649,751933.4259604
1996-05-23,11.7649,11.8311,11.6314,11.7075,11.7075,695794.84526236
1996-05-24,11.7174,11.8795,11.6679,11.8696,11.8696,350237.0781877
1996-05-28,11.8123,11.8894,11.7273,11.8598,11.8598,416666.09636261
1996-05-29,11.8598,11.8598,11.6117,11.6314,11.6314,479044.09579233
1996-05-30,11.6018,11.8034,11.5533,11.7174,11.7174,406998.89253883
1996-05-31,11.6878,11.84,11.573,11.7649,11.7649,403879.68904447
1996-06-03,11.7549,11.8311,11.6679,11.6679,11.6679,372693.72455844
1996-06-04,11.6679,11.7846,11.6393,11.6393,11.6393,695483.22843581
1996-06-05,11.6878,11.7075,11.6314,11.6679,11.6679,757237.99421241
1996-06-06,11.7174,11.7273,11.6314,11.6393,11.6393,623752.6772377
1996-06-07,11.2647,11.4179,11.246,11.3804,11.3804,984281.20464521
1996-06-10,11.4466,11.4565,11.321,11.321,11.321,353356.28168205
1996-06-11,11.3606,11.5147,11.3023,11.321,11.321,283183.81461672
1996-06-12,11.3704,11.496,11.3023,11.321,11.321,296282.85050436
1996-06-13,11.2924,11.3606,11.2548,11.3023,11.3023,393275.61125515
1996-06-14,11.4091,11.4091,11.2924,11.3704,11.3704,460954.1319651
1996-06-17,11.4179,11.5147,11.3804,11.4861,11.4861,450660.65925939
1996-06-18,11.496,11.5633,11.4861,11.4861,11.4861,429453.5154237
1996-06-19,11.4763,11.5236,11.4565,11.4565,11.4565,472180.43166459
1996-06-20,11.4763,11.5336,11.4179,11.5236,11.5236,888847.53977014
1996-06-21,11.5147,11.6492,11.4763,11.6492,11.6492,890409.67087469
1996-06-24,11.6492,11.9467,11.6492,11.9467,11.9467,1192302.636
1996-06-25,11.9467,11.9942,11.6492,11.7649,11.7649,539856.92888866
1996-06-26,11.7075,11.84,11.7075,11.8123,11.8123,680201.86301935
1996-06-27,11.7846,11.9566,11.7846,11.8598,11.8598,607534.43785569
1996-06-28,11.7846,12.0712,11.7846,12.0712,12.0712,513036.63520323
1996-07-01,12.0811,12.1404,11.8795,12.1404,12.1404,388286.70680145
1996-07-02,12.1968,12.1968,12.0811,12.1404,12.1404,350237.0781877
1996-07-03,12.1404,12.2165,12.0811,12.1968,12.1968,442863.15639494
1996-07-05,12.0811,12.0811,11.6779,11.6878,11.6878,285055.53906193
1996-07-08,11.6878,11.8034,11.496,11.5236,11.5236,448791.97004302
1996-07-09,11.6018,11.7075,11.496,11.496,11.496,687687.74905724
1996-07-10,11.496,11.496,11.331,11.4376,11.4376,1226610.8392092
1996-07-11,11.2647,11.2835,10.9563,11.1294,11.1294,2677144.6736139
1996-07-12,11.1294,11.2924,11.0997,11.2924,11.2924,862650.4797378
1996-07-15,11.2647,11.2924,11.0611,11.0611,11.0611,595372.27593359
1996-07-16,11.0611,11.1688,10.8595,11.0611,11.0611,881983.87564241
1996-07-17,11.1491,11.246,11.1095,11.1688,11.1688,515220.98821793
1996-07-18,11.2262,11.4179,11.1768,11.3804,11.3804,470311.74244822
1996-07-19,11.3991,11.3991,11.1688,11.3804,11.3804,740704.09103208
1996-07-22,11.321,11.321,11.071,11.1491,11.1491,410740.31794337
1996-07-23,11.2064,11.246,10.9178,10.9465,10.9465,579465.65337814
1996-07-24,10.9465,11.1391,10.9079,11.0532,11.0532,491828.47962458
1996-07-25,11.0611,11.1095,10.985,11.0532,11.0532,625623.38993996
1996-07-26,11.0137,11.0137,10.8219,10.9563,10.9563,645272.44964289
1996-07-29,10.9949,11.0137,10.8021,10.8021,10.8021,552646.37143564
1996-07-30,10.8595,10.9949,10.8308,10.8792,10.8792,547652.40826723
1996-07-31,10.8694,11.1095,10.8694,10.9079,10.9079,969626.10811069
1996-08-01,10.985,11.071,10.9465,11.071,11.071,529253.86284229
1996-08-02,11.1768,11.2647,11.1688,11.2548,11.2548,540792.79111128
1996-08-05,11.2647,11.2835,11.1866,11.2548,11.2548,501496.6951913
1996-08-06,11.2924,11.3606,11.2647,11.2924,11.2924,843937.28225748
1996-08-07,11.4179,11.6492,11.4091,11.5533,11.5533,980538.76749773
1996-08-08,11.6314,11.7273,11.6117,11.6878,11.6878,477170.34786122
1996-08-09,11.6779,11.8894,11.6779,11.8123,11.8123,549215.55111471
1996-08-12,11.7549,11.9655,11.7549,11.9082,11.9082,595058.63562115
1996-08-13,11.9082,11.9082,11.7549,11.7649,11.7649,417601.95858521
1996-08-14,11.8598,12.0811,11.7945,11.9655,11.9655,722616.15069074
1996-08-15,11.8894,12.1968,11.8894,12.0811,12.0811,479977.93452905
1996-08-16,12.1582,12.3124,12.1582,12.2739,12.2739,664297.26394978
1996-08-19,12.254,12.3321,12.254,12.3025,12.3025,886351.56992889
1996-08-20,12.3904,12.3904,12.2927,12.3321,12.3321,434131.81479377
1996-08-21,12.2739,12.3025,12.2165,12.2927,12.2927,652133.07854181
1996-08-22,12.3025,12.3421,12.2343,12.3321,12.3321,222679.5631181
1996-08-23,12.3321,12.3321,12.0811,12.1504,12.1504,752244.031044
1996-08-26,12.1207,12.1207,11.9378,11.9942,11.9942,634045.13820047
1996-08-27,12.0229,12.0712,11.9942,12.0614,12.0614,663673.01855372
1996-08-28,12.0317,12.1404,12.0317,12.0614,12.0614,638410.80900105
1996-08-29,12.0317,12.0317,11.7174,11.7649,11.7649,1261226.6122732
1996-08-30,11.7649,11.9467,11.7174,11.8894,11.8894,639970.91661971
1996-09-03,11.7174,11.7846,11.6679,11.7549,11.7549,917536.52267197
1996-09-04,11.7549,11.7549,11.6492,11.6679,11.6679,594437.42545394
1996-09-05,11.6314,11.7273,11.6314,11.7075,11.7075,403879.68904447
1996-09-06,11.6492,11.9842,11.6492,11.8311,11.8311,255425.63522279
1996-09-09,11.84,12.1008,11.84,12.1008,12.1008,358032.55756625
1996-09-10,12.0712,12.1108,11.9942,12.1108,12.1108,517404.32948969
1996-09-11,12.1108,12.254,12.1008,12.1404,12.1404,498066.88661332
1996-09-12,12.1504,12.2927,12.1404,12.1404,12.1404,434131.81479377
1996-09-13,12.2255,12.3421,12.2255,12.3421,12.3421,446293.97671587
1996-09-16,12.3421,12.4656,12.3421,12.4656,12.4656,378616.46774884
1996-09-17,12.4656,12.4656,12.1582,12.1878,12.1878,406062.01857329
1996-09-18,12.1878,12.1968,12.1008,12.1504,12.1504,358032.55756625
1996-09-19,12.1207,12.1207,12.0317,12.0416,12.0416,568549.95876226
1996-09-20,12.1878,12.3904,12.1582,12.3904,12.3904,655563.89886272
1996-09-23,12.264,12.264,12.1878,12.254,12.254,352420.41945946
1996-09-24,12.2739,12.2927,12.1108,12.1582,12.1582,766903.17455031
1996-09-25,12.1878,12.1878,11.9655,12.0229,12.0229,539856.92888866
1996-09-26,12.1008,12.264,12.0317,12.1968,12.1968,320609.19783444
1996-09-27,12.1878,12.3321,12.1504,12.3321,12.3321,348365.35374248
1996-09-30,12.3321,12.5347,12.2739,12.2739,12.2739,472180.43166459
1996-10-01,12.2739,12.4191,12.2343,12.4191,12.4191,237337.69488146
1996-10-02,12.5447,12.6119,12.5051,12.5447,12.5447,391715.50363649
1996-10-03,12.5447,12.6574,12.5347,12.6208,12.6208,567614.09653967
1996-10-04,12.7562,13.0725,12.7562,12.9085,12.9085,972740.25289033
1996-10-07,12.9272,12.9964,12.8323,12.9865,12.9865,305637.42575864
1996-10-08,13.0053,13.0339,12.9172,12.9469,12.9469,255425.63522279
1996-10-09,12.9964,12.9964,12.7562,12.7948,12.7948,545784.73079379
1996-10-10,12.7948,12.9085,12.6772,12.8511,12.8511,232347.77868482
1996-10-11,12.8323,12.9172,12.6869,12.7661,12.7661,313435.94036602
1996-10-14,12.8323,12.8798,12.7562,12.8136,12.8136,241703.36568204
1996-10-15,12.8136,12.8136,12.6396,12.6485,12.6485,326533.96451073
1996-10-16,12.7562,12.8046,12.4953,12.7365,12.7365,389220.54553817
1996-10-17,12.7948,12.9172,12.7266,12.7661,12.7661,557322.64731984
1996-10-18,12.7948,13.0626,12.7948,13.0626,13.0626,793412.86315213
1996-10-21,13.0626,13.0725,12.9667,13.0626,13.0626,165294.51511385
1996-10-22,13.0626,13.0626,12.8422,12.8422,12.8422,184317.30593485
1996-10-23,12.776,13.0053,12.6485,12.9964,12.9964,191179.95831963
1996-10-24,12.9667,12.9667,12.8046,12.8046,12.8046,247005.91044817
1996-10-25,12.7365,13.0725,12.7166,13.0053,13.0053,349927.48484702
1996-10-28,13.0725,13.1208,12.9085,12.9469,12.9469,402633.22173824
1996-10-29,12.9667,13.0824,12.8798,13.0339,13.0339,193987.54498744
1996-10-30,13.0626,13.1208,12.9172,13.0626,13.0626,375810.90456692
1996-10-31,13.1495,13.4471,13.1495,13.371,13.371,915047.6350313
1996-11-01,13.3798,13.5054,13.371,13.457,13.457,571047.95208942
1996-11-04,13.457,13.457,13.3798,13.4273,13.4273,390780.65315683
1996-11-05,13.4273,13.6013,13.4273,13.5824,13.5824,608781.91690485
1996-11-06,13.6013,13.9669,13.5824,13.9669,13.9669,630616.34136544
1996-11-07,13.8336,13.9275,13.7763,13.8138,13.8138,510542.68884784
1996-11-08,13.7763,13.9956,13.6972,13.9275,13.9275,471867.8030951
1996-11-11,13.9669,14.054,13.9472,13.9472,13.9472,229539.18027406
1996-11-12,13.9472,14.0441,13.8336,13.9572,13.9572,573537.85147302
1996-11-13,13.9077,14.1014,13.8336,13.9572,13.9572,466255.6649883
1996-11-14,13.879,14.0826,13.8336,13.9956,13.9956,440993.45543562
1996-11-15,13.9769,14.1498,13.879,14.054,14.054,696730.70748496
1996-11-18,13.9769,14.4395,13.9669,14.2744,14.2744,323726.37784292
1996-11-19,14.2072,14.2368,14.0441,14.1014,14.1014,604729.88641671
1996-11-20,14.1875,14.1972,14.0056,14.1598,14.1598,600985.42578334
1996-11-21,14.2269,14.3228,14.1598,14.2744,14.2744,384853.86299464
1996-11-22,14.2744,14.3228,14.1972,14.2072,14.2072,348987.57565264
1996-11-25,14.2072,14.4691,14.1972,14.4295,14.4295,609094.54547434
1996-11-26,14.4592,14.6885,14.2842,14.3426,14.3426,513036.63520323
1996-11-27,14.3041,14.4395,14.2457,14.3614,14.3614,470621.33578888
1996-11-29,14.3426,14.5057,14.3426,14.478,14.478,141903.01826344
1996-12-02,14.4958,14.4958,14.2457,14.3426,14.3426,554516.07239496
1996-12-03,14.3614,14.4295,14.1113,14.1202,14.1202,833333.20446816
1996-12-04,14.0441,14.1014,13.8503,14.0056,14.0056,809319.48570759
1996-12-05,14.0243,14.1301,14.0243,14.0826,14.0826,674900.32999615
1996-12-06,13.9769,14.1014,13.879,14.054,14.054,822418.52159523
1996-12-09,14.1301,14.1875,14.1014,14.1301,14.1301,875125.2702294
1996-12-10,14.1202,14.2655,14.0342,14.0441,14.0441,355852.25152332
1996-12-11,13.9669,13.9669,13.7663,13.9175,13.9175,416666.09636261
1996-12-12,13.879,13.9669,13.7663,13.7663,13.7663,604729.88641671
1996-12-13,13.6972,13.8039,13.5727,13.6784,13.6784,596308.1381562
1996-12-16,13.7269,13.8336,13.6784,13.6784,13.6784,618761.74929811
1996-12-17,13.4955,13.6013,13.3898,13.535,13.535,1199162.2531558
1996-12-18,13.5727,13.6784,13.544,13.6784,13.6784,1122755.4260735
1996-12-19,13.8039,13.8889,13.7366,13.879,13.879,570734.31177698
1996-12-20,13.9769,14.2457,13.8692,14.0826,14.0826,1574038.3072432
1996-12-23,14.1113,14.1785,14.0243,14.0826,14.0826,388909.94045456
1996-12-24,14.1014,14.1202,14.0441,14.0826,14.0826,212078.5205576
1996-12-26,14.1113,14.2368,14.1113,14.1875,14.1875,406372.62365689
1996-12-27,14.1598,14.2744,14.1202,14.2368,14.2368,373315.94646861
1996-12-30,14.3129,14.3129,14.1202,14.1202,14.1202,593499.53974545
1996-12-31,14.1598,14.2368,13.9669,13.9956,13.9956,480911.77326577
1997-01-02,14.0056,14.0243,13.7366,13.8503,13.8503,755363.23453837
1997-01-03,13.9572,14.1202,13.879,13.879,13.879,887910.66580459
1997-01-06,13.9175,14.1301,13.9077,14.1301,14.1301,944983.08523935
1997-01-07,14.1301,14.2368,14.0342,14.2269,14.2269,599738.95847712
1997-01-08,14.3228,14.478,14.3228,14.4691,14.4691,1076598.7012548
1997-01-09,14.4691,15.2657,14.4691,15.1125,15.1125,1122755.4260735
1997-01-10,14.8042,14.9376,14.5729,14.6301,14.6301,1375062.869545
1997-01-13,14.6885,14.7746,14.6204,14.727,14.727,603166.74356922
1997-01-14,14.7459,14.9199,14.727,14.7656,14.7656,1109964.9717837
1997-01-15,14.727,14.9376,14.727,14.9199,14.9199,474676.40150585
1997-01-16,14.9199,15.0948,14.7843,15.0553,15.0553,922842.10266693
1997-01-17,15.0553,15.2262,15.0453,15.2065,15.2065,1117765.509877
1997-01-20,15.2262,15.3528,15.2262,15.2657,15.2657,357721.95248264
1997-01-21,15.2362,15.4575,15.2362,15.3606,15.3606,577906.55750243
1997-01-22,15.3606,15.5454,15.2756,15.5356,15.5356,766903.17455031
1997-01-23,15.9783,16.2373,15.67,15.67,15.67,1392840.2048026
1997-01-24,15.6501,15.748,15.3428,15.3428,15.3428,888225.31785998
1997-01-27,15.2065,15.2756,15.1225,15.1313,15.1313,850485.28258688
1997-01-28,15.3428,15.3606,15.2065,15.2065,15.2065,623128.43184165
1997-01-29,15.2362,15.3528,15.1679,15.3528,15.3528,418537.82080781
1997-01-30,15.3991,15.5919,15.3606,15.3606,15.3606,472180.43166459
1997-01-31,15.3991,15.6996,15.3991,15.5356,15.5356,407311.52110833
1997-02-03,15.5544,15.7293,15.5069,15.7293,15.7293,673341.23412045
1997-02-04,15.7095,15.7668,15.583,15.7095,15.7095,376123.53313641
1997-02-05,15.8241,15.842,15.497,15.6501,15.6501,716693.40750033
1997-02-06,15.5731,15.5731,15.3606,15.3991,15.3991,396081.17443707
1997-02-07,15.4674,15.8914,15.4674,15.8717,15.8717,723242.41957268
1997-02-10,15.9309,16.1227,15.8914,16.0565,16.0565,597867.23403191
1997-02-11,16.1415,16.1415,15.9211,16.0466,16.0466,725110.09704612
1997-02-12,16.0466,16.1799,16.0268,16.1325,16.1325,508358.33583315
1997-02-13,16.1612,16.4389,16.094,16.353,16.353,417601.95858521
1997-02-14,16.4092,16.5536,16.3628,16.5259,16.5259,491203.22248559
1997-02-18,16.5536,16.5536,16.3628,16.4884,16.4884,328094.07212939
1997-02-19,16.5072,16.517,16.3915,16.4005,16.4005,440057.59321301
1997-02-20,16.3915,16.4686,16.2373,16.2472,16.2472,528318.00061969
1997-02-21,16.2472,16.3728,16.1978,16.2966,16.2966,571047.95208942
1997-02-24,16.2472,16.2472,15.9686,16.1227,16.1227,720746.44973142
1997-02-25,16.2176,16.2176,15.9783,16.0466,16.0466,629676.43217105
1997-02-26,16.0565,16.1325,15.7668,15.8717,15.8717,310006.13178805
1997-02-27,15.8617,15.9408,15.6304,15.6304,15.6304,412613.05413152
1997-02-28,15.7293,15.9309,15.6501,15.6601,15.6601,855787.82735302
1997-03-03,15.583,15.6601,15.5356,15.6601,15.6601,523327.0726801
1997-03-04,15.6304,15.8143,15.6304,15.6996,15.6996,551708.48572715
1997-03-05,15.6601,15.6996,15.4288,15.5356,15.5356,1087200.7555582
1997-03-06,15.3606,15.4674,15.159,15.3991,15.3991,2353728.9008545
1997-03-07,15.4288,16.0466,15.4288,15.9309,15.9309,717314.61766755
1997-03-10,15.9408,16.2076,15.8617,16.2076,16.2076,634982.01216601
1997-03-11,16.1702,16.3915,16.0841,16.3243,16.3243,887910.66580459
1997-03-12,16.3243,16.3728,16.1514,16.1612,16.1612,592565.70100873
1997-03-13,16.094,16.094,15.8143,15.8143,15.8143,756927.3891288
1997-03-14,15.9309,16.0841,15.9012,16.007,16.007,468437.99451712
1997-03-17,16.007,16.0841,15.7857,15.9012,15.9012,499937.59931559
1997-03-18,15.9309,15.9783,15.8044,15.9012,15.9012,452844.00053116
1997-03-19,15.8241,15.9408,15.67,15.748,15.748,502431.54567096
1997-03-20,15.7668,15.7857,15.5919,15.6304,15.6304,692052.40811488
1997-03-21,15.6501,15.6996,15.6205,15.6205,15.6205,1036054.1145426
1997-03-24,15.6898,15.8519,15.5731,15.8519,15.8519,1221304.2474712
1997-03-25,15.8717,16.0169,15.842,15.8717,15.8717,500560.83296869
1997-03-26,15.8717,15.8914,15.7293,15.7293,15.7293,679889.23444984
1997-03-27,15.748,15.748,15.3528,15.4674,15.4674,815243.24064094
1997-03-31,15.4388,15.4388,14.9573,14.9573,14.9573,1133046.8752935
1997-04-01,14.8517,15.1876,14.8517,15.0848,15.0848,646207.30012256
1997-04-02,15.0553,15.075,14.8517,14.8615,14.8615,536114.49174119
1997-04-03,14.8427,14.8812,14.7459,14.8042,14.8042,408870.61698404
1997-04-04,14.7843,15.0059,14.6301,14.9762,14.9762,739769.24055241
1997-04-07,14.9762,15.2065,14.9762,15.1876,15.1876,606598.57563309
1997-04-08,15.159,15.159,15.0156,15.1313,15.1313,408246.37158799
1997-04-09,15.1313,15.1876,14.8517,14.9287,14.9287,376123.53313641
1997-04-10,14.9,15.1225,14.8912,15.0156,15.0156,305016.21559142
1997-04-11,14.9662,14.9662,14.6984,14.7656,14.7656,695483.22843581
1997-04-14,14.7459,14.8517,14.5333,14.824,14.824,418537.82080781
1997-04-15,14.9762,15.0059,14.8912,14.9376,14.9376,367389.15630642
1997-04-16,14.9376,14.9376,14.7459,14.8912,14.8912,533621.55712876
1997-04-17,14.9,14.9,14.7459,14.7843,14.7843,801520.97110019
1997-04-18,14.814,14.824,14.5729,14.727,14.727,821482.65937262
1997-04-21,14.7073,14.7073,14.2368,14.3228,14.3228,1148015.6121404
1997-04-22,14.3614,14.6697,14.3524,14.6301,14.6301,1102169.4924051
1997-04-23,14.6499,14.8042,14.6301,14.6885,14.6885,461887.97070182
1997-04-24,14.6885,14.7459,14.6204,14.727,14.727,449723.78529384
1997-04-25,14.7459,14.824,14.6984,14.7656,14.7656,221121.47898533
1997-04-28,14.736,15.0354,14.6885,14.9959,14.9959,555450.92287462
1997-04-29,15.1313,15.6304,15.1225,15.6117,15.6117,513036.63520323
1997-04-30,15.6117,15.67,15.3991,15.3991,15.3991,647144.1740881
1997-05-01,15.7293,15.9309,15.7293,15.842,15.842,1194485.9772718
1997-05-02,15.8241,16.1799,15.8241,16.1799,16.1799,630926.94644904
1997-05-05,16.1799,16.4092,16.0753,16.3915,16.3915,537051.36570673
1997-05-06,16.3628,16.8214,16.3341,16.5911,16.5911,1094061.3844571
1997-05-07,16.4884,16.5823,16.4005,16.4389,16.4389,793412.86315213
1997-05-08,16.4389,17.1022,16.3915,17.1022,17.1022,659929.5696633
1997-05-09,17.3137,17.6438,17.2189,17.3335,17.3335,1307384.3488351
1997-05-12,17.3335,17.6043,17.3335,17.6043,17.6043,814308.39016128
1997-05-13,17.7674,17.7674,17.5944,17.6241,17.6241,759728.90533895
1997-05-14,17.5163,17.6615,17.4876,17.5459,17.5459,866080.28831579
1997-05-15,17.5459,17.5459,17.4482,17.5074,17.5074,683633.69508321
1997-05-16,17.4778,17.4876,17.4115,17.4392,17.4392,1024201.5459613
1997-05-19,17.4392,17.7377,17.4115,17.6615,17.6615,563247.41399614
1997-05-20,17.6338,17.6338,17.4679,17.6241,17.6241,725110.09704612
1997-05-21,17.5648,17.6705,17.5262,17.5648,17.5648,676459.42587186
1997-05-22,17.5648,17.6241,17.5163,17.5944,17.5944,513660.88059927
1997-05-23,17.5648,17.797,17.5074,17.797,17.797,329030.94609493
1997-05-27,17.7475,17.8247,17.6241,17.7475,17.7475,422594.91001067
1997-05-28,17.5648,17.6992,17.5459,17.6794,17.6794,562000.94668992
1997-05-29,17.6794,17.6794,17.6043,17.6438,17.6438,477480.95294484
1997-05-30,17.6438,17.8998,17.4778,17.797,17.797,408246.37158799
1997-06-02,17.8247,17.969,17.7475,17.9492,17.9492,561376.70129386
1997-06-03,17.8998,18.3723,17.8721,18.1024,18.1024,545784.73079379
1997-06-04,17.9788,18.0935,17.7871,17.8918,17.8918,453157.6408436
1997-06-05,17.8918,17.969,17.797,17.8721,17.8721,545158.46191185
1997-06-06,17.8998,18.1904,17.8918,18.1805,18.1805,601299.06609578
1997-06-09,18.1805,18.3723,18.141,18.2873,18.2873,368016.43693131
1997-06-10,18.2695,18.3822,18.2102,18.2952,18.2952,418537.82080781
1997-06-11,18.3238,18.3624,18.1904,18.304,18.304,380490.21567994
1997-06-12,18.3624,18.9584,18.3238,18.8734,18.8734,779690.59361138
1997-06-13,18.8734,18.9198,18.7854,18.9198,18.9198,603793.01245116
1997-06-16,18.9584,18.988,18.7854,18.8734,18.8734,379239.70140196
1997-06-17,18.9108,19.0265,18.6332,18.9782,18.9782,432883.32400168
1997-06-18,18.8437,18.8734,18.7469,18.8338,18.8338,593499.53974545
1997-06-19,18.8734,18.9495,18.7469,18.9495,18.9495,447229.83893847
1997-06-20,18.9495,19.1798,18.9198,19.1798,19.1798,627183.49755862
1997-06-23,19.1501,19.1501,18.4513,18.4513,18.4513,578530.80289848
1997-06-24,18.4513,18.9495,18.3624,18.8823,18.8823,667104.85061759
1997-06-25,18.8239,18.8823,18.3723,18.4612,18.4612,546408.97618985
1997-06-26,18.4712,18.5363,18.3337,18.4118,18.4118,333708.23372207
1997-06-27,18.4889,18.5749,18.3238,18.3624,18.3624,589759.12608385
1997-06-30,18.4889,18.4889,18.0935,18.1805,18.1805,601299.06609578
1997-07-01,17.9977,18.4415,17.9591,18.4019,18.4019,394211.47347774
1997-07-02,18.4019,18.8921,18.2873,18.8437,18.8437,401073.11411959
1997-07-03,18.9979,19.2292,18.9979,19.1304,19.1304,209578.50374457
1997-07-07,19.2094,19.4882,19.2094,19.2667,19.2667,510228.03679246
1997-07-08,19.2589,19.2846,19.1798,19.2667,19.2667,594123.78514149
1997-07-09,19.333,19.3814,18.7953,18.8338,18.8338,513972.49742583
1997-07-10,18.8239,19.1037,18.8239,19.0265,19.0265,1119323.5940098
1997-07-11,18.9979,19.074,18.9495,19.0177,19.0177,572605.02447924
1997-07-14,19.0553,19.1135,18.8921,18.9979,18.9979,286926.2517642
1997-07-15,19.1037,19.1037,18.8536,18.9782,18.9782,1101859.8990645
1997-07-16,18.988,19.4209,18.9495,19.3814,19.3814,1406873.079427
1997-07-17,19.3814,19.5643,19.2292,19.4605,19.4605,570108.04289504
1997-07-18,19.4111,19.4111,18.9495,19.0553,19.0553,694861.00652564
1997-07-21,18.8823,18.9584,18.8437,18.8437,18.8437,282248.96413707
1997-07-22,18.9198,18.9682,18.7765,18.9395,18.9395,519585.64727557
1997-07-23,19.0553,19.4605,18.9298,19.4309,19.4309,802457.84506574
1997-07-24,19.4012,19.4407,19.1304,19.3617,19.3617,636851.71312533
1997-07-25,19.4111,19.5939,19.4111,19.5643,19.5643,629676.43217105
1997-07-28,19.7195,20.3056,19.7195,20.1711,20.1711,492141.10819408
1997-07-29,20.1711,20.355,19.8736,20.276,20.276,520833.12632474
1997-07-30,20.276,20.4499,20.0466,20.0466,20.0466,487773.41390761
1997-07-31,20.1247,20.5665,20.1247,20.4311,20.4311,749127.86277846
1997-08-01,20.4311,20.4499,20.0752,20.1544,20.1544,595996.52132964
1997-08-04,20.1247,20.3353,20.0752,20.1622,20.1622,367076.52773692
1997-08-05,20.1345,20.1622,19.8638,19.9131,19.9131,294409.10257327
1997-08-06,19.9131,20.0169,19.7293,19.9982,19.9982,437247.98305931
1997-08-07,20.0466,20.3353,19.6423,19.6423,19.6423,678955.39571313
1997-08-08,19.6423,19.7195,19.2589,19.5356,19.5356,789358.8091781
1997-08-11,19.5266,19.6325,19.3043,19.5169,19.5169,387975.0899749
1997-08-12,19.5643,19.5643,19.0553,19.0553,19.0553,478106.21008384
1997-08-13,19.2589,19.2589,18.6431,18.6895,18.6895,847053.45052301
1997-08-14,18.7172,18.9495,18.5838,18.7854,18.7854,760040.52216551
1997-08-15,18.6431,18.653,18.3337,18.3337,18.3337,652445.7071113
1997-08-18,18.304,18.6332,18.2952,18.6332,18.6332,643088.09662819
1997-08-19,18.7469,18.7953,18.6895,18.7953,18.7953,873876.77943729
1997-08-20,18.7953,19.0937,18.7469,18.988,18.988,387036.19252346
1997-08-21,18.9495,19.0937,18.8734,18.8921,18.8921,447856.10782041
1997-08-22,18.8437,18.9584,18.5363,18.7369,18.7369,477480.95294484
1997-08-25,18.7369,18.7854,18.6035,18.7072,18.7072,724488.88687889
1997-08-26,18.7953,18.8338,18.6431,18.7172,18.7172,873252.53404124
1997-08-27,18.7272,18.8042,18.6035,18.7072,18.7072,709517.1148031
1997-08-28,18.6816,18.9298,18.566,18.7272,18.7272,696418.07891547
1997-08-29,18.7272,18.9108,18.6431,18.7854,18.7854,349300.20422213
1997-09-02,18.8437,19.2589,18.8437,19.0651,19.0651,468437.99451712
1997-09-03,19.1304,19.6908,19.1135,19.5939,19.5939,491203.22248559
1997-09-04,19.6612,19.8449,19.5939,19.7293,19.7293,538608.43809656
1997-09-05,19.7659,20.0851,19.6522,19.9131,19.9131,427272.19763782
1997-09-08,20.0752,20.355,20.0752,20.1345,20.1345,346497.67626904
1997-09-09,20.0466,20.0752,19.7956,19.8054,19.8054,419163.0779468
1997-09-10,19.5643,19.7293,19.4407,19.5939,19.5939,484343.60532962
1997-09-11,19.5266,19.5266,19.1798,19.2667,19.2667,571979.76734024
1997-09-12,19.2094,19.4506,18.9495,19.4506,19.4506,411365.57508236
1997-09-15,19.3617,19.5643,19.333,19.4793,19.4793,230167.47264189
1997-09-16,19.6127,20.1998,19.5741,20.0555,20.0555,551085.25207404
1997-09-17,20.1049,20.1049,19.6612,19.7482,19.7482,669595.76174413
1997-09-18,19.7579,19.8449,19.6612,19.7956,19.7956,819298.30635791
1997-09-19,19.5643,19.6522,19.2667,19.4605,19.4605,1092502.2885814
1997-09-22,19.5169,19.6908,19.3617,19.671,19.671,881983.87564241
1997-09-23,19.671,19.671,19.4209,19.5169,19.5169,513972.49742583
1997-09-24,19.5356,19.5741,19.1037,19.1135,19.1135,376123.53313641
1997-09-25,19.1224,19.324,19.1224,19.2094,19.2094,759106.68342879
1997-09-26,19.2094,19.3043,19.074,19.1798,19.1798,549528.17968422
1997-09-29,19.1798,19.2589,19.074,19.0937,19.0937,630616.34136544
1997-09-30,19.0553,19.2589,18.9198,19.074,19.074,566368.64097639
1997-10-01,19.074,19.074,17.7772,18.4612,18.4612,3363272.3150524
1997-10-02,17.0073,17.6241,16.3915,17.6241,17.6241,12148516.545015
1997-10-03,17.8998,17.9977,17.7772,17.8444,17.8444,2697729.5955394
1997-10-06,17.8721,18.1805,17.8721,18.0273,18.0273,997068.62370629
1997-10-07,18.046,18.4217,18.046,18.3525,18.3525,1697230.1515122
1997-10-08,18.4415,18.4415,18.0737,18.0935,18.0935,1381609.8581315
1997-10-09,18.0659,18.4415,18.046,18.2102,18.2102,1821667.4513445
1997-10-10,18.2299,18.2299,17.9196,17.9196,17.9196,1072542.6237949
1997-10-13,17.9196,17.9492,17.6992,17.7081,17.7081,832710.98255799
1997-10-14,17.7179,17.8049,17.5163,17.5163,17.5163,1737774.7382243
1997-10-15,17.3918,17.4579,17.3621,17.4115,17.4115,2252368.4458174
1997-10-16,17.4392,17.5163,17.2089,17.3137,17.3137,1191055.1569508
1997-10-17,17.3137,17.4115,17.1902,17.2189,17.2189,1168601.5458089
1997-10-20,17.2465,17.2465,16.9786,17.0449,17.0449,1827903.8348473
1997-10-21,17.1309,17.4115,17.0824,17.3335,17.3335,1107785.6774837
1997-10-22,17.3621,17.3621,17.1022,17.2563,17.2563,879178.31246048
1997-10-23,17.4115,17.5549,17.2762,17.3137,17.3137,728855.56942243
1997-10-24,17.4482,17.4876,17.1802,17.3532,17.3532,720746.44973142
1997-10-27,17.0073,17.1605,16.6988,16.6988,16.6988,839571.61145689
1997-10-28,16.4884,16.5072,15.5167,16.3728,16.3728,2602608.5592338
1997-10-29,16.5437,16.5823,16.2571,16.2571,16.2571,1096557.3542984
1997-10-30,16.2571,16.2571,15.9309,16.1227,16.1227,1257797.8154382
1997-10-31,16.1799,16.3341,15.67,15.9012,15.9012,1560006.4443618
1997-11-03,16.1799,16.2176,16.007,16.0268,16.0268,1156438.3721439
1997-11-04,16.0367,16.4686,15.8815,16.4389,16.4389,1261538.2290998
1997-11-05,16.5634,16.6988,16.5259,16.5823,16.5823,1148015.6121404
1997-11-06,16.5911,16.6198,16.3915,16.3915,16.3915,1298341.3904072
1997-11-07,16.2868,16.3243,15.9783,16.0367,16.0367,659929.5696633
1997-11-10,16.0841,16.1325,15.9309,15.9972,15.9972,600985.42578334
1997-11-11,16.0268,16.3154,15.9972,16.0841,16.0841,908182.95916064
1997-11-12,15.9783,16.103,15.7857,15.8717,15.8717,604729.88641671
1997-11-13,16.0268,16.0268,15.67,15.7392,15.7392,669908.39031363
1997-11-14,15.9309,16.4884,15.8914,16.4389,16.4389,476233.47389568
1997-11-17,16.6395,16.8907,16.5911,16.8907,16.8907,530813.97046094
1997-11-18,16.9292,16.9973,16.8135,16.8511,16.8511,626558.24041963
1997-11-19,16.8511,17.2563,16.8511,16.9006,16.9006,541728.65333387
1997-11-20,17.0073,17.372,17.0073,17.3433,17.3433,448479.34147351
1997-11-21,17.372,17.4679,16.949,17.2563,17.2563,390780.65315683
1997-11-24,17.2366,17.3137,16.8214,16.8709,16.8709,416666.09636261
1997-11-25,16.8709,16.8709,16.3915,16.8413,16.8413,1483907.1871342
1997-11-26,16.8907,17.1022,16.8907,17.0627,17.0627,335889.55150795
1997-11-28,17.2563,17.2563,17.1309,17.1309,17.1309,169662.20940031
1997-12-01,17.1605,17.6705,17.1605,17.6241,17.6241,470621.33578888
1997-12-02,17.6438,17.9977,17.5944,17.5944,17.5944,607220.79754325
1997-12-03,17.6241,17.9888,17.6043,17.8622,17.8622,445046.49766671
1997-12-04,17.9196,18.2102,17.8821,18.1024,18.1024,563247.41399614
1997-12-05,18.0737,18.22,17.9888,18.1311,18.1311,470311.74244822
1997-12-08,18.1024,18.1509,18.0659,18.1311,18.1311,550772.62350454
1997-12-09,18.1509,18.1904,17.9492,18.056,18.056,7810003.9602586
1997-12-10,17.7179,17.7278,17.2189,17.3335,17.3335,977107.94717681
1997-12-11,17.0449,17.0449,16.6011,16.6011,16.6011,890719.26421535
1997-12-12,16.5823,16.5823,16.2472,16.3915,16.3915,1186690.4978931
1997-12-15,16.4389,16.6495,16.4389,16.5536,16.5536,778131.49773567
1997-12-16,16.6395,16.949,16.6395,16.8907,16.8907,661799.27062263
1997-12-17,16.9104,16.9876,16.6791,16.6988,16.6988,707023.16844772
1997-12-18,16.6988,16.6988,16.3628,16.3628,16.3628,976483.70178075
1997-12-19,16.2373,16.2868,15.9783,16.2275,16.2275,1524763.3906729
1997-12-22,17.2563,17.2563,16.5911,16.8709,16.8709,1204776.4147486
1997-12-23,16.8511,17.2,16.8511,16.9876,16.9876,844871.12099419
1997-12-24,17.0537,17.1022,16.949,17.0449,17.0449,480602.17992509
1997-12-26,17.0449,17.0627,16.9786,17.0449,17.0449,137538.3592058
1997-12-29,17.0073,17.4876,16.9876,17.4115,17.4115,752244.031044
1997-12-30,17.4392,17.7575,17.3819,17.6794,17.6794,680825.09667244
1997-12-31,17.6615,17.8721,17.6438,17.6615,17.6615,620320.84517383
1998-01-02,17.7179,17.7377,17.6241,17.6528,17.6528,304077.31813999
1998-01-05,17.6992,17.8821,17.5163,17.6438,17.6438,610964.24643367
1998-01-06,17.6438,17.6992,17.5074,17.6241,17.6241,473741.55102619
1998-01-07,17.5648,17.6043,17.3918,17.3918,17.3918,602854.11499972
1998-01-08,17.3335,17.5459,17.3137,17.4679,17.4679,648078.01282482
1998-01-09,17.4876,18.0372,17.4115,17.4215,17.4215,1200721.3490317
1998-01-12,17.372,17.6241,17.3621,17.5746,17.5746,756927.3891288
1998-01-13,17.5746,17.7772,17.5746,17.6338,17.6338,525823.04252137
1998-01-14,17.7179,17.7179,17.4876,17.6794,17.6794,458460.18560973
1998-01-15,17.6705,17.6705,17.4392,17.4679,17.4679,391404.89855288
1998-01-16,17.7772,17.7772,17.4679,17.4778,17.4778,734780.33609872
1998-01-20,17.7179,18.0273,17.6241,18.0273,18.0273,593499.53974545
1998-01-21,17.9977,18.0737,17.8544,17.9492,17.9492,283494.41970033
1998-01-22,17.9196,18.1311,17.8721,18.0935,18.0935,431637.8684384
1998-01-23,18.0273,18.0273,17.8346,17.8721,17.8721,382048.29981271
1998-01-26,17.8544,18.0659,17.8544,17.9492,17.9492,389844.79093423
1998-01-27,17.9492,18.1509,17.8721,17.8918,17.8918,624686.51597441
1998-01-28,17.8998,17.9788,17.8544,17.9196,17.9196,1004867.1383137
1998-01-29,17.9196,18.046,17.7475,17.7475,17.7475,798713.38443237
1998-01-30,17.7575,17.7575,17.2189,17.372,17.372,842690.81495126
1998-02-02,17.4679,17.5163,17.2089,17.4115,17.4115,1699102.8877003
1998-02-03,17.4392,17.8049,17.3532,17.7575,17.7575,863585.33021747
1998-02-04,17.7772,17.9196,17.6615,17.8821,17.8821,872318.69530452
1998-02-05,18.056,18.2596,18.0273,18.2102,18.2102,659307.34775314
1998-02-06,18.2596,18.4118,18.2399,18.3822,18.3822,392340.76077548
1998-02-09,18.4118,18.5363,18.2952,18.4513,18.4513,643713.35376718
1998-02-10,18.6895,18.6895,18.3337,18.4513,18.4513,430389.3776463
1998-02-11,18.4809,18.6431,18.304,18.3822,18.3822,954964.94111851
1998-02-12,18.3624,18.4217,18.2596,18.3624,18.3624,623752.6772377
1998-02-13,18.3624,18.4612,18.3238,18.3624,18.3624,379239.70140196
1998-02-17,18.4513,18.4513,18.1904,18.2695,18.2695,673341.23412045
1998-02-18,18.2596,18.2793,18.1509,18.2299,18.2299,527694.76696658
1998-02-19,18.2299,18.2299,18.1024,18.1805,18.1805,491828.47962458
1998-02-20,18.1805,18.2003,18.056,18.1509,18.1509,642153.24614852
1998-02-23,18.1311,18.1706,17.9788,18.0935,18.0935,937188.61760373
1998-02-24,18.0935,18.2873,18.046,18.1904,18.1904,998001.45070007
1998-02-25,18.2496,19.2094,18.2496,19.1037,19.1037,1167040.4264473
1998-02-26,19.0937,19.333,19.0265,19.249,19.249,993948.40846898
1998-02-27,19.4605,19.6522,19.333,19.5643,19.5643,724178.28179529
1998-03-02,19.8449,19.9982,19.6809,19.6908,19.6908,873876.77943729
1998-03-03,19.6423,19.7105,19.6423,19.671,19.671,983345.3424226
1998-03-04,19.671,19.671,19.4111,19.4882,19.4882,989583.74941134
1998-03-05,19.5169,19.5266,19.333,19.3715,19.3715,668977.58680574
1998-03-06,19.3715,19.6423,19.3715,19.5543,19.5543,833645.83303766
1998-03-09,19.5543,19.7579,19.5456,19.5939,19.5939,779066.34821533
1998-03-10,19.7482,19.9508,19.6423,19.9221,19.9221,1423091.3188091
1998-03-11,19.8736,19.9695,19.7105,19.7105,19.7105,604729.88641671
1998-03-12,19.7105,19.9695,19.6423,19.9418,19.9418,1030749.5462907
1998-03-13,19.9418,20.0951,19.7856,20.0851,20.0851,532686.7066491
1998-03-16,20.3837,20.7009,20.3837,20.6812,20.6812,1313312.1507402
1998-03-17,20.6812,20.6812,20.5665,20.6515,20.6515,576970.69527982
1998-03-18,20.7405,20.9421,20.7009,20.8728,20.8728,593499.53974545
1998-03-19,20.8541,20.8541,20.6238,20.6812,20.6812,512725.01837667
1998-03-20,20.7879,21.2031,20.605,21.2031,21.2031,753492.5218361
1998-03-23,21.2031,21.2031,20.8176,20.8353,20.8353,471243.55769904
1998-03-24,21.1051,21.1051,20.8076,20.8541,20.8541,782185.55170971
1998-03-25,20.8927,21.2031,20.8927,21.0192,21.0192,644647.19250389
1998-03-26,21.0192,21.2574,21.0192,21.2307,21.2307,672092.74332834
1998-03-27,21.2673,21.3067,20.9223,20.9223,20.9223,615956.18611619
1998-03-30,21.0291,21.0666,20.9322,21.0092,21.0092,572605.02447924
1998-03-31,21.1051,21.1348,20.9994,20.9994,20.9994,687999.36588379
1998-04-01,20.9994,21.0666,20.9223,21.0291,21.0291,480602.17992509
1998-04-02,21.0291,21.3848,20.9994,21.3454,21.3454,417289.33001571
1998-04-03,21.3354,21.3354,20.9718,20.9905,20.9905,871381.82133898
1998-04-06,21.2574,21.6162,21.2574,21.4896,21.4896,769083.48059324
1998-04-07,21.5964,21.5964,21.297,21.3354,21.3354,571979.76734024
1998-04-08,21.3067,21.3157,20.9322,20.9905,20.9905,347118.88643627
1998-04-09,20.9618,21.1832,20.8541,21.0764,21.0764,690496.347468
1998-04-13,21.0764,21.1545,20.9322,21.1151,21.1151,451282.88116957
1998-04-14,21.1151,21.2673,21.0469,21.2031,21.2031,622194.59310493
1998-04-15,21.2119,21.7882,21.2119,21.7882,21.7882,659307.34775314
1998-04-16,21.7121,21.7219,21.4996,21.5865,21.5865,486838.56342795
1998-04-17,21.5865,21.9512,21.5093,21.9512,21.9512,478418.83865333
1998-04-20,21.9225,21.9225,21.547,21.5569,21.5569,283494.41970033
1998-04-21,21.4136,21.624,21.3157,21.4896,21.4896,353356.28168205
1998-04-22,21.461,22.0086,21.3553,21.7683,21.7683,665230.09094355
1998-04-23,21.7506,21.7683,21.1249,21.297,21.297,324037.99466947
1998-04-24,21.3067,21.3947,20.9421,21.0953,21.0953,488399.68278953
1998-04-27,21.1151,21.3454,20.7009,20.9994,20.9994,1036363.7078833
1998-04-28,21.1832,21.1832,20.7009,21.0469,21.0469,791854.77901937
1998-04-29,21.0291,21.0291,20.6614,20.7592,20.7592,308446.0241694
1998-04-30,20.8927,21.3257,20.8927,21.2031,21.2031,743512.68944283
1998-05-01,21.3553,21.7121,21.3553,21.7121,21.7121,520522.52124112
1998-05-04,21.5093,21.7121,21.4136,21.4224,21.4224,349927.48484702
1998-05-05,21.4324,21.5667,21.4136,21.5183,21.5183,519899.28758801
1998-05-06,21.5093,21.547,21.4224,21.4709,21.4709,569797.43781142
1998-05-07,21.4511,21.6725,21.4047,21.4709,21.4709,459082.4075199
1998-05-08,21.547,21.8158,21.547,21.7022,21.7022,982410.49194294
1998-05-11,21.7022,21.9612,21.6537,21.6537,21.6537,527694.76696658
1998-05-12,21.624,21.6922,21.4709,21.6626,21.6626,384544.26965398
1998-05-13,21.6063,21.8643,21.6063,21.8543,21.8543,467190.51546796
1998-05-14,21.8643,21.9325,21.7882,21.8158,21.8158,465943.0364188
1998-05-15,21.7882,21.9127,21.7121,21.7882,21.7882,742267.23387956
1998-05-18,21.9699,22.0461,21.375,21.5283,21.5283,893838.46770973
1998-05-19,21.7406,21.7406,21.3553,21.6063,21.6063,1078780.0190407
1998-05-20,21.624,21.7219,21.4324,21.6439,21.6439,847053.45052301
1998-05-21,21.6439,21.7406,21.5093,21.5283,21.5283,1248127.5763855
1998-05-22,21.4324,21.5667,21.3157,21.5093,21.5093,1080340.1266593
1998-05-26,21.5093,21.797,21.2395,21.2395,21.2395,825534.68986076
1998-05-27,21.2574,21.297,20.7978,20.9718,20.9718,1922405.6844715
1998-05-28,21.0854,21.2772,20.9718,21.0854,21.0854,1569671.6246996
1998-05-29,21.1645,21.3553,21.0469,21.0469,21.0469,1425895.870248
1998-06-01,20.9718,21.2031,20.9718,21.0291,21.0291,1312376.2885176
1998-06-02,21.1645,21.2772,21.1645,21.1832,21.1832,1926773.3787579
1998-06-03,21.1645,21.1645,20.9322,20.9905,20.9905,1363835.5581026
1998-06-04,20.8927,20.8927,20.7009,20.8728,20.8728,1076909.3063383
1998-06-05,20.8728,21.3947,20.7978,21.3553,21.3553,1346058.2228448
1998-06-08,21.6626,21.8346,21.5283,21.5283,21.5283,1312376.2885176
1998-06-09,21.5283,21.8929,21.5283,21.7219,21.7219,1221304.2474712
1998-06-10,21.5865,21.9699,21.5667,21.6824,21.6824,1478605.654111
1998-06-11,21.624,21.624,21.3157,21.3553,21.3553,872629.30038814
1998-06-12,21.3157,21.4709,21.1832,21.2395,21.2395,1200099.1271214
1998-06-15,21.1645,21.4136,20.7405,20.7405,20.7405,1682571.0080059
1998-06-16,20.779,20.8927,20.528,20.8541,20.8541,2739519.6378148
1998-06-17,20.9718,21.547,20.9322,21.4324,21.4324,998628.73132495
1998-06-18,21.3553,21.4324,21.1447,21.1447,21.1447,824602.87460993
1998-06-19,20.8927,21.2772,20.8927,21.1645,21.1645,2716753.3981034
1998-06-22,21.2395,21.7022,21.2395,21.2574,21.2574,1526321.4748057
1998-06-23,21.4324,21.5865,21.3553,21.4324,21.4324,1175771.7680485
1998-06-24,21.3157,21.5865,21.3157,21.4709,21.4709,1441492.8994629
1998-06-25,21.547,21.797,21.3553,21.3553,21.3553,1310502.5405865
1998-06-26,21.3553,21.7022,21.3553,21.547,21.547,1109964.9717837
1998-06-29,21.5865,21.9898,21.5865,21.8741,21.8741,876061.132452
1998-06-30,21.8346,21.9699,21.2031,21.2031,21.2031,1994447.8524962
1998-07-01,21.4324,21.8158,21.4324,21.5865,21.5865,1650449.1812973
1998-07-02,21.6626,21.9699,21.5865,21.8346,21.8346,1417477.1572164
1998-07-06,21.8543,22.6046,21.8543,22.4691,22.4691,1444299.4743877
1998-07-07,22.4691,22.6244,22.2012,22.2379,22.2379,1191990.0074304
1998-07-08,22.315,22.5857,22.2764,22.4691,22.4691,1033557.1329585
1998-07-09,22.4326,22.4691,22.2191,22.2191,22.2191,942800.75571053
1998-07-10,22.1618,22.5077,22.0086,22.4128,22.4128,846431.22861286
1998-07-13,22.3347,22.4326,22.1222,22.142,22.142,689557.45001657
1998-07-14,22.142,22.8932,22.142,22.816,22.816,1351674.4079234
1998-07-15,22.739,22.739,22.1034,22.1222,22.1222,1230350.2411279
1998-07-16,22.2012,22.2764,21.9512,22.2379,22.2379,1381609.8581315
1998-07-17,22.2012,22.2764,22.1222,22.2012,22.2012,824602.87460993
1998-07-20,22.1222,22.1815,21.8929,21.9898,21.9898,348365.35374248
1998-07-21,22.0659,22.1222,21.8158,21.9512,21.9512,1068176.9529942
1998-07-22,22.0273,22.3544,22.0273,22.1618,22.1618,1061002.6837829
1998-07-23,22.0846,22.1618,21.2395,21.4511,21.4511,1092190.6717549
1998-07-24,21.3947,21.3947,20.9519,21.0469,21.0469,1014533.3303945
1998-07-27,20.9322,21.4896,20.9322,21.297,21.297,936249.72015229
1998-07-28,21.2218,21.2218,20.0654,20.0654,20.0654,3609029.7347085
1998-07-29,20.355,20.8176,20.3154,20.355,20.355,1716256.9893049
1998-07-30,20.276,20.355,19.5543,19.8934,19.8934,3123752.2906421
1998-07-31,20.6614,21.0291,20.1622,20.2957,20.2957,2889843.3925957
1998-08-03,20.355,20.6417,20.355,20.5467,20.5467,1438060.055656
1998-08-04,20.5853,20.8541,20.4311,20.4696,20.4696,5120073.8910695
1998-08-05,20.4311,20.779,20.2196,20.5853,20.5853,2503428.4102396
1998-08-06,20.5082,20.5467,19.7482,20.1444,20.1444,3057009.6321548
1998-08-07,19.9695,20.0367,19.7482,19.7758,19.7758,1798589.5948066
1998-08-10,19.8252,19.9695,19.671,19.9595,19.9595,1576845.893911
1998-08-11,19.8252,19.8548,19.6325,19.6325,19.6325,1486403.1569756
1998-08-12,19.6522,20.007,19.6522,19.8548,19.8548,2414232.1406102
1998-08-13,19.7758,19.9319,19.6325,19.671,19.671,1715943.3489925
1998-08-14,19.3617,19.4012,18.8823,19.0553,19.0553,1655751.7260633
1998-08-17,19.1304,19.6522,19.0553,19.6522,19.6522,1104353.8454199
1998-08-18,19.5741,20.1899,19.498,19.671,19.671,1683508.8937144
1998-08-19,19.7758,20.4311,19.7758,20.2196,20.2196,1261226.6122732
1998-08-20,20.266,20.8541,20.266,20.528,20.528,1798277.9779799
1998-08-21,20.2196,20.4696,19.6809,20.3737,20.3737,1655751.7260633
1998-08-24,20.3935,20.6614,20.3353,20.5082,20.5082,1075036.5701502
1998-08-25,20.7405,20.8728,20.5082,20.5082,20.5082,2389282.5596271
1998-08-26,20.4696,20.7405,20.276,20.3935,20.3935,1409682.6895808
1998-08-27,20.3935,20.3935,19.5266,19.7758,19.7758,1883421.2053781
1998-08-28,19.7579,20.007,19.1304,19.1699,19.1699,1844124.0977152
1998-08-31,19.249,19.3617,17.8622,17.8821,17.8821,2669039.6008947
1998-09-01,17.9196,18.9198,17.5746,18.6332,18.6332,1888410.1098318
1998-09-02,18.5561,19.2094,18.4415,19.0177,19.0177,2824038.6198168
1998-09-03,18.5936,19.0937,18.5176,18.8823,18.8823,3458394.3631009
1998-09-04,19.1304,19.1304,18.4612,18.9198,18.9198,2528692.643278
1998-09-08,18.9198,19.0355,18.8635,19.0355,19.0355,1683508.8937144
1998-09-09,18.9782,19.1699,18.7072,19.0553,19.0553,1469250.0671138
1998-09-10,18.9782,18.9979,18.056,18.2873,18.2873,2807508.7636083
1998-09-11,18.1311,18.6332,17.9788,18.5749,18.5749,1550649.8456216
1998-09-14,19.1304,19.249,18.9198,18.9584,18.9584,2714259.451748
1998-09-15,18.9782,19.4506,18.9021,19.3043,19.3043,2533059.3258215
1998-09-16,19.2846,19.8252,19.2846,19.7006,19.7006,1561252.911668
1998-09-17,19.5169,19.9695,19.3617,19.9319,19.9319,2135418.0437658
1998-09-18,19.9032,20.276,19.8351,20.1247,20.1247,2260166.9604247
1998-09-21,19.9032,20.355,19.7579,20.266,20.266,1685690.2115003
1998-09-22,20.5853,20.7206,20.528,20.6812,20.6812,1161739.9051671
1998-09-23,20.7206,21.0469,20.5082,21.0469,21.0469,1789855.2179765
1998-09-24,21.0092,21.3157,20.6812,20.7978,20.7978,1639220.8581119
1998-09-25,20.7206,21.3157,20.6238,20.9125,20.9125,1113397.8155906
1998-09-28,20.9322,21.297,20.7592,21.1645,21.1645,1039480.8878919
1998-09-29,21.1832,21.547,21.1249,21.297,21.297,1334831.9231454
1998-09-30,21.1645,21.1645,20.3154,20.3154,20.3154,1312376.2885176
1998-10-01,20.1247,20.3935,19.8252,19.8351,19.8351,2363085.4995947
1998-10-02,19.8835,20.3935,19.8548,19.9032,19.9032,2408620.0025035
1998-10-05,19.9695,19.9882,19.5741,19.9695,19.9695,1558757.9535696
1998-10-06,20.276,20.7405,20.276,20.3154,20.3154,1232536.6176284
1998-10-07,20.4114,20.5665,20.2383,20.3935,20.3935,2128555.391381
1998-10-08,19.8252,20.1247,19.5939,19.9695,19.9695,2407371.5117113
1998-10-09,19.9595,20.0466,19.671,19.671,19.671,2998379.1285873
1998-10-12,19.7758,19.9319,19.0553,19.0553,19.0553,1511040.1093891
1998-10-13,19.249,19.4012,19.074,19.4012,19.4012,1534116.9541841
1998-10-14,19.3617,19.8548,19.324,19.4793,19.4793,2184068.7149401
1998-10-15,19.2094,20.779,19.2094,20.6614,20.6614,3726922.0694402
1998-10-16,21.1249,21.1645,20.6238,20.6812,20.6812,1849424.6189955
1998-10-19,20.5082,21.1249,20.5082,21.0291,21.0291,1315181.8516994
1998-10-20,21.0291,21.5865,20.9718,21.4324,21.4324,1303642.9234305
1998-10-21,21.3947,21.7022,20.8176,21.5667,21.5667,2548962.9131482
1998-10-22,21.4896,21.8929,20.9519,21.8929,21.8929,1851919.5770938
1998-10-23,21.8929,22.1222,21.3157,21.9127,21.9127,1444923.7197837
1998-10-26,21.9898,21.9898,21.0469,21.1645,21.1645,2201533.4216283
1998-10-27,21.2395,21.5093,21.2218,21.3947,21.3947,1789544.6128928
1998-10-28,21.3553,21.4136,20.8927,21.1645,21.1645,1421844.8515029
1998-10-29,21.1645,21.3157,20.6614,21.2574,21.2574,1884355.0441148
1998-10-30,21.5093,22.5077,21.4136,22.4128,22.4128,2402382.6072577
1998-11-02,22.3544,22.9307,22.2764,22.9307,22.9307,1675396.7387945
1998-11-03,22.9307,23.8173,22.8546,23.7413,23.7413,3060127.8239062
1998-11-04,24.0476,24.7593,24.0476,24.2206,24.2206,4547155.2262778
1998-11-05,24.0476,24.0476,23.4131,23.7214,23.7214,1955153.7800621
1998-11-06,23.6641,23.7026,22.9881,23.0671,23.0671,1780189.0258957
1998-11-09,22.5077,23.2589,22.5077,23.162,23.162,1558757.9535696
1998-11-10,23.1422,23.1422,22.4326,22.4889,22.4889,1979478.1039062
1998-11-11,22.816,23.1245,22.6639,22.6817,22.6817,817118.00031498
1998-11-12,22.6441,22.9881,22.5857,22.8932,22.8932,1174526.3124852
1998-11-13,22.9119,23.2392,22.5857,22.8358,22.8358,775323.91106786
1998-11-16,22.7786,23.2589,22.7786,23.1995,23.1995,1066306.2402919
1998-11-17,23.2786,23.6247,23.1995,23.4506,23.4506,1269023.1033947
1998-11-18,23.4131,23.7413,23.2974,23.6839,23.6839,943427.02459247
1998-11-19,23.7026,23.7778,23.5673,23.7413,23.7413,987713.03670909
1998-11-20,24.0861,24.4133,24.0289,24.2789,24.2789,1387848.2651201
1998-11-23,24.5872,25.2603,24.5299,25.2603,25.2603,1981973.0620046
1998-11-24,25.3098,25.3098,24.8186,24.9254,24.9254,2293226.6728418
1998-11-25,24.9254,25.0014,24.5487,24.7227,24.7227,2381488.0919915
1998-11-27,24.356,24.5102,24.2789,24.2789,24.2789,732908.61165351
1998-11-30,24.1445,24.5675,23.9142,23.9142,23.9142,1373815.3904958
1998-12-01,23.855,23.855,23.509,23.76,23.76,1329839.9834628
1998-12-02,23.6839,24.0861,23.6247,24.009,24.009,884482.8807125
1998-12-03,23.835,23.855,23.3745,23.5485,23.5485,1288048.9294445
1998-12-04,23.6641,24.4321,23.6641,24.3758,24.3758,1172031.3543869
1998-12-07,24.0476,24.4915,24.0476,24.4716,24.4716,1248127.5763855
1998-12-08,24.4915,24.4915,23.855,23.9517,23.9517,1595558.0796483
1998-12-09,23.9142,23.9142,23.3745,23.4506,23.4506,1134917.5879957
1998-12-10,23.4902,23.6444,23.2786,23.6048,23.6048,1987588.2353402
1998-12-11,23.6247,23.6247,23.1046,23.1245,23.1245,1730913.0975824
1998-12-14,22.739,23.0473,22.1618,22.2567,22.2567,1555950.3669018
1998-12-15,22.2567,22.5077,22.0086,22.315,22.315,1655439.0974939
1998-12-16,22.4326,23.1818,22.4326,22.739,22.739,2387410.8351818
1998-12-17,22.739,24.2008,22.739,24.1257,24.1257,2703032.1403055
1998-12-18,23.6641,23.7413,23.2392,23.3557,23.3557,3168038.3027589
1998-12-21,23.4328,24.3184,23.4328,23.855,23.855,1724053.4804265
1998-12-22,23.9329,25.127,23.9329,24.3184,24.3184,2116700.7993138
1998-12-23,24.5872,24.7593,24.2403,24.4716,24.4716,2059317.7747955
1998-12-24,24.3945,24.5102,24.1632,24.1632,24.1632,447229.83893847
1998-12-28,24.0861,24.182,23.8173,23.8173,23.8173,1346994.0850674
1998-12-29,23.8944,24.0861,23.586,23.855,23.855,1342941.0428364
1998-12-30,23.8747,24.0476,23.7413,23.8944,23.8944,1809505.2894224
1998-12-31,24.009,24.106,23.586,23.76,23.76,1194485.9772718
1999-01-04,24.2789,24.3945,23.6641,23.855,23.855,2446667.6076313
1999-01-05,23.8944,24.1632,23.855,24.0476,24.0476,1124625.1270329
1999-01-06,24.5872,24.5872,24.1632,24.5872,24.5872,2382422.9424711
1999-01-07,24.6258,24.9718,24.4716,24.9539,24.9539,2614458.0925864
1999-01-08,25.3563,25.9226,25.2317,25.5105,25.5105,4906124.6578096
1999-01-11,26.3456,26.5582,25.6637,25.6637,25.6637,3572853.8540258
1999-01-12,25.6637,26.0777,25.4619,26.0777,26.0777,2449163.5774725
1999-01-13,25.6637,26.2706,24.8967,25.6171,25.6171,3445609.9792687
1999-01-14,25.202,25.3849,25.127,25.29,25.29,2190930.3555819
1999-01-15,25.4323,25.799,25.29,25.721,25.721,1817615.4208563
1999-01-19,25.5105,25.6923,24.8769,25.2119,25.2119,2001309.493138
1999-01-20,24.8967,25.3563,24.6258,24.7987,24.7987,1487649.6242818
1999-01-21,23.9706,24.5299,23.9706,24.2789,24.2789,3778069.7221988
1999-01-22,24.2789,24.4321,23.9706,23.9893,23.9893,2295722.6426832
1999-01-25,23.9893,24.356,23.9893,24.1257,24.1257,2142278.6726648
1999-01-26,23.9706,24.356,23.9706,24.1257,24.1257,2584517.5836636
1999-01-27,24.2008,24.4133,23.6641,23.6641,23.6641,1685690.2115003
1999-01-28,24.2789,24.4133,23.9329,24.1445,24.1445,1628928.397149
1999-01-29,25.202,25.5886,24.9154,25.3098,25.3098,2107657.840886
1999-02-01,25.3563,25.3563,24.7987,25.0676,25.0676,1813246.7148269
1999-02-02,24.9254,24.9254,24.2602,24.5872,24.5872,1202595.0969628
1999-02-03,24.4321,24.7415,24.2008,24.2789,24.2789,3289359.4343255
1999-02-04,23.8173,23.9706,23.2786,23.9517,23.9517,3939306.1363667
1999-02-05,23.9329,23.9329,23.4704,23.4902,23.4902,1341067.2949052
1999-02-08,23.6641,23.9706,23.5287,23.5485,23.5485,2649387.5059629
1999-02-09,23.5485,23.6247,22.6046,22.6046,22.6046,1976049.3070712
1999-02-10,22.9692,23.9329,22.7014,23.6247,23.6247,2638162.2180063
1999-02-11,23.6641,23.7778,23.4328,23.6247,23.6247,2283871.0858446
1999-02-12,23.6641,24.0476,23.3557,23.76,23.76,2512162.7870695
1999-02-16,23.8944,24.3184,23.6641,23.9329,23.9329,1933631.984171
1999-02-17,23.6641,23.8944,22.8744,23.0671,23.0671,1655751.7260633
1999-02-18,23.3172,23.4902,23.1995,23.2192,23.2192,2610091.4100429
1999-02-19,23.2192,23.7976,23.162,23.6641,23.6641,2484716.2245021
1999-02-22,23.6641,24.9539,23.3557,24.9254,24.9254,2498441.5292717
1999-02-23,24.8769,24.9718,24.2789,24.8186,24.8186,2879554.9786047
1999-02-24,25.1557,25.3563,24.5487,24.8967,24.8967,2539295.7093244
1999-02-25,24.7415,24.8186,24.3758,24.6654,24.6654,1725923.1813858
1999-02-26,24.7415,24.7987,23.9706,24.1257,24.1257,1399078.6117914
1999-03-01,24.2008,24.4321,23.9329,24.4321,24.4321,1811377.0138675
1999-03-02,24.4716,24.7987,24.4133,24.5872,24.5872,2154753.4631564
1999-03-03,24.5872,24.7038,24.0673,24.1257,24.1257,1717188.8045558
1999-03-04,24.1257,24.1257,23.2392,23.3557,23.3557,3623688.8782148
1999-03-05,24.5872,24.5872,24.1257,24.5102,24.5102,2328779.3198714
1999-03-08,24.4321,24.5102,23.7413,23.7778,23.7778,1200099.1271214
1999-03-09,23.7413,24.0476,23.4506,23.4704,23.4704,2244572.9664388
1999-03-10,23.3557,23.5287,23.162,23.4902,23.4902,3097243.6137832
1999-03-11,23.5287,24.2789,23.4902,24.2403,24.2403,2377122.4211909
1999-03-12,24.5487,24.779,24.4915,24.6456,24.6456,1823851.8043592
1999-03-15,24.5675,25.0479,24.5675,25.029,25.029,2373690.5891269
1999-03-16,25.3563,25.3849,24.7415,25.029,25.029,2418911.4517233
1999-03-17,25.202,25.202,24.5102,24.7227,24.7227,2152571.1336275
1999-03-18,24.7415,25.1557,24.6654,24.9718,24.9718,2341878.3557591
1999-03-19,25.0776,25.4323,24.8967,25.2317,25.2317,1722491.349322
1999-03-22,25.0479,26.2706,25.0014,26.1727,26.1727,2858969.0449363
1999-03-23,25.886,25.9611,25.5105,25.721,25.721,2350299.0922766
1999-03-24,25.6923,25.8474,25.4619,25.6171,25.6171,2045596.5169976
1999-03-25,25.808,25.9611,25.6923,25.886,25.886,2638783.4281735
1999-03-26,25.886,26.3456,25.6735,26.309,26.309,1885292.9298233
1999-03-29,26.309,26.5779,26.0283,26.2309,26.2309,1961078.5467384
1999-03-30,26.2309,26.4819,25.7298,25.808,25.808,1568112.528824
1999-03-31,25.8761,25.9523,25.6171,25.7496,25.7496,2847432.1401532
1999-04-01,25.9226,26.3456,25.886,26.2903,26.2903,2385230.5291389
1999-04-05,26.2903,26.7123,26.2706,26.6935,26.6935,2847432.1401532
1999-04-06,26.6935,26.7123,26.2122,26.2507,26.2507,1577469.1275642
1999-04-07,26.2122,26.6352,26.2122,26.6352,26.6352,1509170.4084299
1999-04-08,25.886,25.886,24.9718,25.2802,25.2802,3027694.380371
1999-04-09,25.2317,25.4125,25.0479,25.4125,25.4125,2998379.1285873
1999-04-12,25.808,26.2309,25.6637,26.1529,26.1529,2395519.9548728
1999-04-13,26.1529,26.4622,26.1341,26.309,26.309,1730913.0975824
1999-04-14,26.309,26.9238,26.309,26.7321,26.7321,1589943.9180557
1999-04-15,26.7321,27.4645,26.6935,27.1937,27.1937,2196855.1222583
1999-04-16,27.1166,27.6918,26.9624,27.6355,27.6355,1656999.2051125
1999-04-19,27.5782,27.9616,27.4645,27.4645,27.4645,1500437.0433427
1999-04-20,27.5396,27.7512,27.1551,27.6552,27.6552,1506674.4385886
1999-04-21,27.8094,27.8668,27.1937,27.425,27.425,1298651.9954909
1999-04-22,27.1937,27.3854,26.4622,27.0197,27.0197,2063371.8287695
1999-04-23,27.1739,27.5001,27.078,27.4645,27.4645,1663236.6003584
1999-04-26,27.2698,27.328,26.8477,26.8674,26.8674,853606.50956714
1999-04-27,26.8289,26.9436,26.3852,26.7123,26.7123,1639846.1152509
1999-04-28,26.6935,27.5001,26.6541,26.6541,26.6541,1587762.6002699
1999-04-29,27.0395,27.2322,26.5393,27.1166,27.1166,2152882.7504541
1999-04-30,27.078,27.1166,26.7321,26.7894,26.7894,1369760.3247788
1999-05-03,26.8864,28.0783,26.8477,28.0783,28.0783,1822605.3370529
1999-05-04,28.0783,28.5013,27.1937,27.2322,27.2322,1705027.6543766
1999-05-05,27.2322,27.8292,27.001,27.7709,27.7709,1132422.6298974
1999-05-06,27.6157,28.0012,27.5969,27.8489,27.8489,2279503.3915581
1999-05-07,27.8292,28.7712,27.8292,28.7128,28.7128,1503866.8519208
1999-05-10,28.9629,30.0026,28.9244,29.8673,29.8673,2599799.9608231
1999-05-11,29.887,30.312,29.1744,29.5786,29.5786,3181137.3386464
1999-05-12,29.5026,29.5026,28.9629,29.1171,29.1171,4407748.1778557
1999-05-13,29.1171,29.1744,28.8473,29.0785,29.0785,1200099.1271214
1999-05-14,28.7316,28.9431,28.27,28.6555,28.6555,1826036.1573739
1999-05-17,28.5013,28.617,28.27,28.348,28.348,1715943.3489925
1999-05-18,28.1929,28.8473,28.1929,28.4637,28.4637,1386290.1809875
1999-05-19,28.7316,29.7704,28.7316,29.6567,29.6567,1494511.2649236
1999-05-20,29.5411,29.887,28.9244,29.2139,29.2139,2099238.1161114
1999-05-21,29.1368,29.5026,29.0785,29.2525,29.2525,1057885.5037745
1999-05-24,29.1941,29.8099,29.0785,29.4067,29.4067,2193425.3136803
1999-05-25,29.3484,29.8099,28.9629,28.9629,28.9629,1926773.3787579
1999-05-26,28.9629,28.9827,27.8292,28.4637,28.4637,2971555.799673
1999-05-27,28.348,28.5201,27.9616,27.9815,27.9815,1916478.8943094
1999-05-28,28.5399,28.7316,28.2315,28.6555,28.6555,2227108.2597505
1999-06-01,28.5793,28.8096,28.367,28.7513,28.7513,2257670.9905834
1999-06-02,28.6743,29.4264,28.6743,29.1941,29.1941,1913048.0739885
1999-06-03,29.3484,29.4264,29.0785,29.1941,29.1941,1965444.2175391
1999-06-04,29.1557,29.5026,29.0785,29.5026,29.5026,1157371.1991377
1999-06-07,29.465,29.7516,29.3484,29.6943,29.6943,1395645.7679847
1999-06-08,29.6567,29.6755,29.5026,29.6567,29.6567,1310814.1574129
1999-06-09,29.387,29.5609,28.9244,29.0974,29.0974,1429642.3543673
1999-06-10,29.1171,29.1171,28.4252,28.5793,28.5793,1802955.265607
1999-06-11,28.5013,28.8096,28.444,28.6743,28.6743,1529752.2951266
1999-06-14,28.7316,29.3484,28.7316,29.3484,29.3484,1572168.6062839
1999-06-15,29.3484,29.7902,29.3484,29.4828,29.4828,1573103.4567635
1999-06-16,29.7704,30.0026,29.6943,29.9453,29.9453,2228979.9841958
1999-06-17,29.8673,29.8673,29.3671,29.4828,29.4828,2523389.086769
1999-06-18,29.4828,29.5609,29.2338,29.3484,29.3484,2892028.7573534
1999-06-21,29.1941,29.3484,29.0597,29.0974,29.0974,1567179.7018301
1999-06-22,28.8473,28.8651,27.9231,28.0783,28.0783,2533059.3258215
1999-06-23,28.0012,28.0595,27.6552,27.9815,27.9815,2233658.2835658
1999-06-24,28.0397,28.0595,27.1166,27.2896,27.2896,3214819.2729737
1999-06-25,27.2896,27.3854,26.7509,26.8289,26.8289,1817615.4208563
1999-06-28,27.0395,27.5001,27.0197,27.3479,27.3479,3100675.4458471
1999-06-29,27.0395,27.1551,26.9821,27.1354,27.1354,1510727.4808197
1999-06-30,27.078,27.8855,27.0395,27.3479,27.3479,2888286.3202059
1999-07-01,27.4645,27.5782,27.1551,27.3083,27.3083,1405940.2524333
1999-07-02,27.8094,28.4252,27.7709,28.4054,28.4054,2800026.9245422
1999-07-06,28.4054,28.6555,27.9428,27.9616,27.9616,2351235.9662422
1999-07-07,27.9815,28.3857,27.9231,28.1158,28.1158,1826971.0078535
1999-07-08,28.0397,28.5399,27.9815,28.27,28.27,1405940.2524333
1999-07-09,28.0783,28.2513,27.9044,28.1158,28.1158,1323913.1933006
1999-07-12,28.0397,28.0397,27.3854,27.425,27.425,1821046.2411772
1999-07-13,27.3479,27.6157,26.9238,26.9624,26.9624,1418414.031182
1999-07-14,26.9624,26.9624,26.5779,26.8477,26.8477,1466753.0855296
1999-07-15,27.1166,27.7709,27.1166,27.6355,27.6355,2540231.571547
1999-07-16,27.8094,28.5399,27.7906,28.5399,28.5399,1790794.1154279
1999-07-19,28.4826,28.8096,27.9616,27.9815,27.9815,2048091.4750959
1999-07-20,28.0397,28.3283,27.8292,27.8855,27.8855,1294908.5466005
1999-07-21,27.8489,28.1158,27.5199,27.5199,27.5199,1878117.648869
1999-07-22,27.6552,27.8668,27.2896,27.4645,27.4645,1092190.6717549
1999-07-23,27.4645,27.6157,26.7509,26.8864,26.8864,751933.4259604
1999-07-26,26.8477,27.4052,26.8092,27.3676,27.3676,1257797.8154382
1999-07-27,27.425,27.8855,27.001,27.0967,27.0967,1937688.061631
1999-07-28,27.0395,27.2134,26.6352,26.7706,26.7706,1175771.7680485
1999-07-29,26.6935,27.3479,26.6935,27.1166,27.1166,2498441.5292717
1999-07-30,27.1354,27.4645,26.9238,27.0967,27.0967,1569983.2415262
1999-08-02,27.0967,27.5396,27.0583,27.5001,27.5001,1965758.8695943
1999-08-03,26.6541,26.7321,24.9718,25.6923,25.6923,7454778.98936
1999-08-04,25.9611,26.2309,24.9254,25.4323,25.4323,3375435.4887175
1999-08-05,25.5886,26.2706,25.5886,26.0383,26.0383,4250870.3522876
1999-08-06,25.9611,26.1153,25.8761,26.058,26.058,2036865.1753964
1999-08-09,26.0383,26.2309,25.5974,25.6171,25.6171,1845371.5767644
1999-08-10,25.6171,25.7398,25.1832,25.5105,25.5105,1840069.0319983
1999-08-11,25.5105,25.8474,25.2999,25.4125,25.4125,1941429.4870355
1999-08-12,25.4906,26.1924,25.4422,26.0383,26.0383,2142588.2660054
1999-08-13,26.6164,27.078,26.5582,27.0395,27.0395,1759296.5341153
1999-08-16,26.9624,27.1937,26.6164,27.0967,27.0967,1307073.7437514
1999-08-17,27.3479,27.5199,27.1937,27.2698,27.2698,2698353.8409354
1999-08-18,27.3479,27.3479,26.8092,26.8289,26.8289,2256112.9064507
1999-08-19,26.8289,27.1937,26.2706,27.001,27.001,1908682.4031878
1999-08-20,27.1551,27.7906,27.001,27.6918,27.6918,1720310.0315359
1999-08-23,27.5001,28.3283,27.5001,28.2898,28.2898,1914296.5647805
1999-08-24,28.1158,28.3857,27.9815,28.2898,28.2898,2165045.9241192
1999-08-25,28.2898,28.5201,28.1929,28.444,28.444,2066179.4154373
1999-08-26,28.4252,28.5793,28.1158,28.2315,28.2315,1778630.9417629
1999-08-27,28.1544,28.5013,28.0783,28.3857,28.3857,1601174.264727
1999-08-30,28.0397,28.0397,27.6918,27.6918,27.6918,1637351.1571525
1999-08-31,27.6918,28.1158,27.5969,27.5969,27.5969,2335016.7151172
1999-09-01,27.6157,28.098,27.6157,28.098,28.098,1006737.851016
1999-09-02,28.0595,28.0783,27.3479,27.8489,27.8489,2229913.8229324
1999-09-03,27.9616,29.0025,27.9428,28.8294,28.8294,1567801.9237403
1999-09-07,28.7513,28.9244,28.5596,28.7128,28.7128,1669473.9956041
1999-09-08,28.617,29.0025,28.3857,28.617,28.617,2162549.9542779
1999-09-09,28.4252,28.5013,27.8489,28.098,28.098,2368698.6494444
1999-09-10,28.098,28.444,28.0012,28.2315,28.2315,2106099.7567533
1999-09-13,28.1544,28.1544,27.4822,27.4822,27.4822,1924275.3854308
1999-09-14,27.5396,27.5396,26.8092,26.8477,26.8477,2612589.4033701
1999-09-15,26.7321,27.3854,26.5018,26.8289,26.8289,3246008.2726886
1999-09-16,26.8477,27.3083,26.8289,27.0967,27.0967,1317053.5761447
1999-09-17,27.0967,28.0012,27.0967,27.5001,27.5001,2427644.8168103
1999-09-20,27.425,27.7314,27.3854,27.5969,27.5969,1172967.2166094
1999-09-21,27.5199,28.0012,27.3083,27.6157,27.6157,1850361.492961
1999-09-22,27.6918,28.0397,27.5396,27.5782,27.5782,1836640.2351632
1999-09-23,27.6355,28.2513,27.6355,28.0783,28.0783,3651448.0693517
1999-09-24,28.0397,28.1741,27.2134,27.6918,27.6918,3734717.5488187
1999-09-27,27.6918,27.7512,27.1166,27.1166,27.1166,2073352.6729056
1999-09-28,26.8092,26.8092,26.2309,26.5779,26.5779,5177146.3105042
1999-09-29,26.5018,26.8092,26.4819,26.7321,26.7321,2024390.3849049
1999-09-30,26.6541,26.6935,22.8932,23.8944,23.8944,14545281.95545
1999-10-01,23.6641,24.5102,23.4704,24.4133,24.4133,10797153.753917
1999-10-04,23.6641,23.8944,23.1818,23.1995,23.1995,5002185.6033096
1999-10-05,23.1995,23.7413,22.739,23.2192,23.2192,8475859.3083411
1999-10-06,23.2589,23.4704,22.2962,22.3544,22.3544,6928643.3182692
1999-10-07,22.4326,22.4326,21.9325,22.2567,22.2567,4445797.8064693
1999-10-08,22.1815,22.2962,21.7406,21.9127,21.9127,3561314.9257568
1999-10-11,21.9127,21.9127,21.3157,21.5667,21.5667,2891718.1522697
1999-10-12,21.547,21.547,21.1051,21.3947,21.3947,5334020.0891006
1999-10-13,21.2395,21.6626,21.0854,21.3354,21.3354,3712263.9376769
1999-10-14,21.3354,21.9512,21.1447,21.6824,21.6824,3381364.3023655
1999-10-15,21.2031,21.2218,20.6614,20.8728,20.8728,2495946.5711734
1999-10-18,20.7405,21.2395,20.6238,21.0092,21.0092,2650323.3681855
1999-10-19,21.0854,21.1249,20.1998,20.2196,20.2196,2715818.5476237
1999-10-20,20.2196,20.4212,20.0367,20.1148,20.1148,1532559.8817945
1999-10-21,20.1622,20.276,19.6325,19.9319,19.9319,1760540.9779357
1999-10-22,20.007,20.3154,20.007,20.0555,20.0555,3500810.6742582
1999-10-25,20.1247,20.2196,19.8548,19.9032,19.9032,2009108.0077455
1999-10-26,19.9032,20.1148,19.498,19.7006,19.7006,1952656.7984779
1999-10-27,19.7482,20.7009,19.7482,20.5853,20.5853,4566492.6691542
1999-10-28,21.6626,22.4514,21.3553,22.4128,22.4128,3958958.2312985
1999-10-29,22.739,23.1995,22.6639,22.9692,22.9692,4170408.4594883
1999-11-01,22.9692,23.0079,22.4326,22.5463,22.5463,2530563.3559804
1999-11-02,24.7038,24.9539,24.0861,24.1632,24.1632,5356474.7119854
1999-11-03,24.2789,24.5872,24.1257,24.182,24.182,3404751.7522443
1999-11-04,24.2206,24.6841,24.2008,24.5872,24.5872,3789918.2438083
1999-11-05,24.8967,25.6637,24.8769,25.3849,25.3849,3221994.5539281
1999-11-08,25.3563,25.808,25.3375,25.5687,25.5687,2300088.3134837
1999-11-09,25.7398,25.9226,25.0479,25.4323,25.4323,2130425.0923404
1999-11-10,25.5105,25.5105,24.8967,25.029,25.029,1724988.3309061
1999-11-11,25.3563,25.4422,24.7415,24.7415,24.7415,1895583.3673002
1999-11-12,25.0014,25.9611,24.9718,25.6171,25.6171,2289795.8525208
1999-11-15,25.5886,25.886,25.5886,25.799,25.799,1477044.5347494
1999-11-17,26.4237,26.8092,26.2706,26.5779,26.5779,3374499.6264949
1999-11-18,26.5779,26.5976,26.058,26.3456,26.3456,2726109.9968434
1999-11-19,26.1924,26.2606,25.7398,25.7398,25.7398,2341878.3557591
1999-11-22,25.7398,26.2706,25.721,26.1153,26.1153,3892213.5493252
1999-11-23,26.0383,26.058,24.9539,24.9539,24.9539,2290419.086174
1999-11-24,24.9254,25.1832,24.8186,24.8186,24.8186,3813312.7758876
1999-11-26,24.8186,24.8373,24.2789,24.4133,24.4133,1496381.9776258
1999-11-29,24.4915,24.6456,23.9893,24.6258,24.6258,2298214.5655526
1999-11-30,24.5487,25.5105,24.4321,25.2802,25.2802,2935066.2786779
1999-12-01,25.0479,25.0676,24.8571,24.8571,24.8571,2433570.5952296
1999-12-02,24.9254,25.0479,24.5872,24.7038,24.7038,2319423.7328742
1999-12-03,24.8186,25.6369,24.7415,25.4619,25.4619,2880801.445911
1999-12-06,25.3849,25.5105,24.8967,25.0014,25.0014,1445234.3248673
1999-12-07,25.029,25.029,24.3184,24.3184,24.3184,2747940.3743323
1999-12-08,24.5102,24.8186,24.0476,24.0476,24.0476,2903879.3024489
1999-12-09,24.0476,24.6258,24.0476,24.5872,24.5872,1990707.4388346
1999-12-10,24.8186,25.202,24.4321,24.4321,24.4321,2034994.4626942
1999-12-13,24.3945,24.6654,24.182,24.3382,24.3382,1937063.8162349
1999-12-14,24.2986,24.4716,24.0673,24.182,24.182,2091132.0316493
1999-12-15,24.1445,24.4716,24.0673,24.2789,24.2789,1812936.1097433
1999-12-16,24.2008,24.2008,23.7976,23.9142,23.9142,1773328.3969967
1999-12-17,23.6641,23.7413,23.3557,23.3557,23.3557,3546967.399077
1999-12-20,23.3172,23.3557,22.9505,23.162,23.162,1842565.0018394
1999-12-21,23.0276,23.0849,22.6639,22.6639,22.6639,1639846.1152509
1999-12-22,22.6639,23.8944,22.6639,23.5673,23.5673,1821046.2411772
1999-12-23,23.9706,24.2986,23.6839,24.1257,24.1257,1506361.8100191
1999-12-27,24.106,24.3184,23.2192,23.2974,23.2974,1241267.9592297
1999-12-28,23.2974,23.586,23.2392,23.2974,23.2974,1443986.8458183
1999-12-29,23.3369,24.356,23.2589,24.1632,24.1632,1041356.6593088
1999-12-30,24.3184,24.7038,24.2403,24.5675,24.5675,1103418.9949402
1999-12-31,24.5102,24.8186,24.4518,24.7593,24.7593,571669.16225664
2000-01-03,24.6841,24.7415,23.9142,24.106,24.106,2183760.1333424
2000-01-04,23.3172,24.0861,23.0079,24.009,24.009,2156936.8044282
2000-01-05,23.9517,24.4716,23.9142,23.9142,23.9142,1633920.3368316
2000-01-06,23.9142,25.7398,23.9142,25.0676,25.0676,2100799.235473
2000-01-07,25.8178,26.2309,25.4906,26.1529,26.1529,1814186.6240213
2000-01-10,26.1054,26.309,25.9226,25.9996,25.9996,2508731.9667486
2000-01-11,25.8178,25.8178,25.2999,25.3375,25.3375,1761476.8401583
2000-01-12,25.2317,25.376,25.1557,25.376,25.376,1947668.9057671
2000-01-13,25.202,26.0777,25.127,25.8474,25.8474,1927394.5889252
2000-01-14,25.3849,25.6458,24.6258,24.779,24.779,1944237.0737033
2000-01-18,24.2008,24.6654,23.9706,24.2789,24.2789,1853792.313282
2000-01-19,24.356,24.6654,23.6048,23.7976,23.7976,2216814.7870448
2000-01-20,23.855,24.009,23.2392,23.3369,23.3369,1811377.0138675
2000-01-21,23.3933,23.3933,22.4889,22.9119,22.9119,2605103.5173321
2000-01-24,22.8932,22.8932,22.0461,22.1034,22.1034,1700659.9600902
2000-01-25,22.3544,22.4326,21.8929,21.9699,21.9699,1628928.397149
2000-01-26,22.5077,22.739,22.0846,22.3544,22.3544,2734842.3501876
2000-01-27,22.4326,22.6639,21.9699,22.2567,22.2567,1551584.6961013
2000-01-28,22.1222,22.5463,22.0846,22.2962,22.2962,2658121.8827928
2000-01-31,22.1222,22.2764,21.6063,22.0461,22.0461,1350737.5339579
2000-02-01,22.1222,22.3941,22.0659,22.0846,22.0846,1281499.9173722
2000-02-02,22.4326,22.816,22.315,22.6639,22.6639,3480851.0094717
2000-02-03,22.739,23.2192,22.4691,22.9881,22.9881,3293103.8949589
2000-02-04,23.2192,23.3745,23.1245,23.3172,23.3172,2401447.7567779
2000-02-07,23.4328,23.4704,23.0671,23.4328,23.4328,2235839.6013516
2000-02-08,22.6639,23.2786,22.315,22.9692,22.9692,3613709.0458216
2000-02-09,23.3557,23.8173,22.9307,23.6641,23.6641,5588820.4671844
2000-02-10,23.9706,24.356,23.9142,24.2403,24.2403,4057196.4476125
2000-02-11,24.5102,24.7038,24.4321,24.5487,24.5487,3227918.3088614
2000-02-14,24.6258,24.6258,24.356,24.5675,24.5675,1420597.3724537
2000-02-15,24.5872,24.6071,24.1257,24.3758,24.3758,3591566.0397633
2000-02-16,24.3184,24.5675,24.2008,24.2206,24.2206,3871631.6626285
2000-02-17,24.3184,24.5487,24.1632,24.4321,24.4321,2514969.3619944
2000-02-18,23.9706,24.2789,23.6247,23.6641,23.6641,3062312.1769209
2000-02-22,23.6641,23.8173,23.1245,23.2974,23.2974,2741705.0025724
2000-02-23,23.1995,23.509,22.8546,23.0473,23.0473,3604043.8654837
2000-02-24,23.0473,23.0473,22.4326,22.4326,22.4326,3040168.1591197
2000-02-25,22.5077,22.8932,22.0461,22.1222,22.1222,2577969.5833342
2000-02-28,22.1222,22.739,22.1222,22.7014,22.7014,3167413.0456197
2000-02-29,22.5077,23.0079,22.4691,22.6817,22.6817,3003681.6733535
2000-03-01,22.7587,22.9505,22.0846,22.2764,22.2764,6337947.3182198
2000-03-02,22.2012,22.2191,21.3947,21.5283,21.5283,2916667.7332529
2000-03-03,21.6063,22.142,21.6063,21.8929,21.8929,2678704.7812326
2000-03-06,21.8158,21.8346,20.9322,21.1051,21.1051,2057447.0620931
2000-03-07,20.5853,20.5853,19.8054,20.1444,20.1444,3197355.5780284
2000-03-08,20.0555,20.355,19.7758,19.8835,19.8835,2377433.0262744
2000-03-09,19.7758,19.8252,19.4605,19.671,19.671,2818426.4817102
2000-03-10,19.7482,19.8548,19.4407,19.5939,19.5939,2146019.0863264
2000-03-13,19.5543,19.5543,18.7666,18.8042,18.8042,2652817.3145409
2000-03-14,18.8823,19.4407,18.8239,18.8635,18.8635,2543351.7867844
2000-03-15,18.8823,20.1998,18.8823,19.9882,19.9882,3621194.9318594
2000-03-16,19.9882,20.5853,19.8835,20.276,20.276,5950910.1139534
2000-03-17,19.8252,20.0367,18.6718,19.3814,19.3814,7405188.4089915
2000-03-20,19.324,20.1148,19.324,19.9785,19.9785,3992639.1538828
2000-03-21,20.007,21.5667,20.007,21.5667,21.5667,4561814.3697841
2000-03-22,21.4709,22.3941,21.2395,21.9512,21.9512,4121132.5311751
2000-03-23,21.9699,23.1422,21.8158,22.4691,22.4691,3057009.6321548
2000-03-24,22.5463,23.6641,22.4326,23.4328,23.4328,3073541.5118492
2000-03-27,23.4328,23.6641,23.0473,23.2589,23.2589,3072604.6378837
2000-03-28,23.0473,23.1245,22.3743,22.3743,22.3743,4042850.9444187
2000-03-29,22.3743,23.0849,22.315,22.7786,22.7786,2825911.356005
2000-03-30,22.8546,24.2789,22.7014,23.9517,23.9517,2968125.991095
2000-03-31,23.6641,24.3945,23.2786,23.2786,23.2786,2751683.8232228
2000-04-03,23.509,24.779,23.509,24.5872,24.5872,2009108.0077455
2000-04-04,24.5872,24.5872,23.3557,23.9706,23.9706,3158370.087192
2000-04-05,23.9706,24.5675,23.9517,24.3382,24.3382,2183134.8762034
2000-04-06,24.2789,24.9718,24.0861,24.5299,24.5299,2349363.230054
2000-04-07,24.4518,24.7415,23.6641,23.7214,23.7214,1659804.7682945
2000-04-10,23.7778,25.2317,23.76,24.8373,24.8373,2475362.6609909
2000-04-11,25.5105,26.7123,25.376,25.9611,25.9611,3650510.1836432
2000-04-12,25.8178,26.5779,25.6923,26.0383,26.0383,2055575.3376479
2000-04-13,26.0383,26.3456,25.6735,26.058,26.058,2484406.6311615
2000-04-14,25.9038,25.9038,24.5675,24.7987,24.7987,2556448.7991861
2000-04-17,24.8769,25.3375,24.5102,24.8769,24.8769,2610091.4100429
2000-04-18,24.8769,25.127,24.5872,24.9916,24.9916,1748378.8160137
2000-04-19,24.2789,24.8186,23.8944,24.4321,24.4321,2025636.8522111
2000-04-20,24.2008,25.6171,24.2008,25.3098,25.3098,2327218.2005098
2000-04-24,25.2802,25.7398,24.9718,25.7398,25.7398,2267341.229636
2000-04-25,25.6171,25.6458,24.8967,25.1832,25.1832,1722179.7324953
2000-04-26,25.202,25.3563,24.6654,25.029,25.029,1504802.7141434
2000-04-27,24.9539,25.0676,24.1257,24.4321,24.4321,2059943.0319344
2000-04-28,23.9706,24.5102,23.5485,24.5102,24.5102,2254867.4508874
2000-05-01,24.4321,24.4321,24.0673,24.2602,24.2602,2357161.7446614
2000-05-02,23.8173,23.835,23.0079,23.0473,23.0473,5163112.4241368
2000-05-03,22.739,23.509,22.5463,22.7786,22.7786,4071544.9860352
2000-05-04,23.3557,23.835,23.1245,23.586,23.586,3014596.3562264
2000-05-05,23.5485,23.8173,23.2192,23.3369,23.3369,2655937.5297782
2000-05-08,23.4131,24.3758,23.4131,24.2206,24.2206,2258297.2594655
2000-05-09,24.0476,24.5872,23.8173,23.8944,23.8944,2571419.559519
2000-05-10,23.8944,23.8944,23.1995,23.3557,23.3557,1911177.3612862
2000-05-11,23.509,24.0861,23.4328,23.509,23.509,2786926.8769116
2000-05-12,23.8944,24.6456,23.7778,24.2699,24.2699,1892777.8041183
2000-05-15,24.1257,25.8178,24.1257,25.2317,25.2317,3486774.764405
2000-05-16,25.8178,26.4237,25.7398,25.8474,25.8474,2623191.4576735
2000-05-17,25.8178,26.1153,25.5105,25.7694,25.7694,2138222.5952049
2000-05-18,25.8178,26.5976,25.8178,26.5779,26.5779,1938621.9003676
2000-05-19,26.6541,26.9821,26.2706,26.6164,26.6164,2280126.6252112
2000-05-22,26.6935,27.5782,26.5582,27.328,27.328,3111591.140463
2000-05-23,27.328,27.6355,26.6935,27.6355,27.6355,2787861.7273913
2000-05-24,27.6157,27.9231,27.2322,27.5396,27.5396,3110343.6614139
2000-05-25,27.5396,27.6355,27.078,27.425,27.425,2096431.5411865
2000-05-26,27.078,27.3083,26.7894,26.9624,26.9624,1229415.3906481
2000-05-30,26.7321,27.251,26.3456,27.251,27.251,1615828.3495186
2000-05-31,27.1739,27.6355,27.0583,27.2896,27.2896,1713449.4026371
2000-06-01,27.078,27.0967,26.6164,26.8674,26.8674,2669974.4513743
2000-06-02,27.4645,27.7314,27.3083,27.4645,27.4645,2340007.6430567
2000-06-05,27.6552,27.7115,26.9821,27.001,27.001,2030000.4995258
2000-06-06,26.8092,26.8289,25.7398,25.9611,25.9611,2131361.9663059
2000-06-07,26.2706,26.8477,26.1529,26.5018,26.5018,1918037.990185
2000-06-08,26.6164,26.8289,26.2706,26.6541,26.6541,1726547.4267819
2000-06-09,26.7321,27.4822,26.7321,27.1937,27.1937,1680387.6667341
2000-06-12,27.2322,28.0783,27.2322,27.8855,27.8855,2509045.607061
2000-06-13,28.1929,29.3098,27.8292,28.9045,28.9045,3248502.2190439
2000-06-14,28.8651,29.1171,28.5982,28.8473,28.8473,3738149.3808827
2000-06-15,28.8294,29.0785,28.4826,28.9629,28.9629,2435128.6793623
2000-06-16,28.7712,29.2525,28.27,28.27,28.27,3789918.2438083
2000-06-19,28.27,29.5411,28.27,29.3484,29.3484,2693360.88951
2000-06-20,29.3671,30.0412,29.3296,29.465,29.465,3467752.985327
2000-06-21,28.8848,29.0025,28.6743,28.7513,28.7513,2533059.3258215
2000-06-22,28.617,28.9629,28.3086,28.7128,28.7128,2615705.5716356
2000-06-23,28.5793,29.3098,28.5793,28.7316,28.7316,3807385.9857254
2000-06-26,28.8096,29.0974,28.6555,28.7909,28.7909,1944237.0737033
2000-06-27,28.7909,28.9431,28.6743,28.9045,28.9045,2156936.8044282
2000-06-28,29.0785,29.6182,29.0025,29.5609,29.5609,2860841.7811244
2000-06-29,29.465,30.581,29.465,30.0026,30.0026,3007734.7155845
2000-06-30,29.7339,29.9058,28.7227,28.7316,28.7316,4505677.8125719
2000-07-03,28.8848,29.1557,28.4637,29.1557,29.1557,1075036.5701502
2000-07-05,29.1557,29.7141,29.0419,29.1941,29.1941,2091132.0316493
2000-07-06,29.2139,30.1568,29.0222,29.8476,29.8476,2200284.9308363
2000-07-07,29.9255,30.7923,29.9255,30.6382,30.6382,2709891.7574615
2000-07-10,30.1184,30.7153,30.1184,30.7153,30.7153,3700722.985922
2000-07-11,30.7351,31.1739,30.581,30.6767,30.6767,3404751.7522443
2000-07-12,30.8873,31.6651,30.8389,31.6069,31.6069,3182076.2360979
2000-07-13,31.3479,31.4241,30.906,31.0603,31.0603,2707399.834592
2000-07-14,30.9842,30.9842,30.657,30.657,30.657,3226360.2247286
2000-07-17,30.6184,31.2224,30.4267,31.1838,31.1838,2412675.0682205
2000-07-18,30.3497,30.4267,29.7339,30.1371,30.1371,4181637.7944166
2000-07-19,30.1954,30.312,29.7704,29.7902,29.7902,1526632.0798893
2000-07-20,29.7902,30.3299,29.7704,30.2142,30.2142,1380985.6127353
2000-07-21,30.2142,30.2528,29.8099,29.8287,29.8287,1165793.9591411
2000-07-24,29.8099,29.8099,29.3671,29.5411,29.5411,1333271.8155268
2000-07-25,29.5026,29.9255,29.3671,29.7902,29.7902,1594934.8459953
2000-07-26,29.8099,30.1272,29.7339,30.1184,30.1184,3506738.4761635
2000-07-27,30.581,30.9644,30.2923,30.7351,30.7351,2580776.1582592
2000-07-28,30.6965,30.6965,30.0412,30.1954,30.1954,1627683.9533288
2000-07-31,30.657,30.8685,30.5423,30.6965,30.6965,2159119.1339569
2000-08-01,30.3891,31.1374,30.3891,31.1176,31.1176,1541292.2351385
2000-08-02,29.3484,30.0996,29.3484,29.6755,29.6755,5118826.4120203
2000-08-03,29.5026,30.0996,29.1941,29.887,29.887,4203466.1484195
2000-08-04,29.9058,31.1938,29.8476,30.829,30.829,4349738.8844552
2000-08-07,30.829,31.4241,30.7726,31.4051,31.4051,3016465.0454427
2000-08-08,31.3291,31.8767,30.906,31.7334,31.7334,2218064.2895799
2000-08-09,31.5021,31.5021,30.906,31.2224,31.2224,1667600.247673
2000-08-10,31.5792,31.7996,31.2708,31.2905,31.2905,1365395.6657213
2000-08-11,31.3577,32.5507,31.3577,32.3294,32.3294,1376308.3251083
2000-08-14,32.2622,32.3966,31.9557,31.9557,31.9557,2668412.3202698
2000-08-15,31.9557,32.2435,31.6553,31.6553,31.6553,2134480.1580574
2000-08-16,32.0309,32.2435,31.589,31.589,31.589,2343438.4633777
2000-08-17,31.5317,32.1465,31.3479,31.3479,31.3479,1603666.1875964
2000-08-18,31.3479,31.4241,31.0988,31.0988,31.0988,1751808.6245915
2000-08-21,31.0988,31.1176,30.657,30.9644,30.9644,1545346.2891125
2000-08-22,30.9644,31.4051,30.8112,31.1374,31.1374,1823540.1875326
2000-08-23,31.3291,31.5792,30.233,30.312,30.312,2132297.8285286
2000-08-24,29.7339,30.233,29.7339,29.9058,29.9058,1712512.5286716
2000-08-25,30.1184,30.1184,29.8287,29.9255,29.9255,976483.70178075
2000-08-28,29.9255,30.6767,29.9255,30.4643,30.4643,2041854.0798501
2000-08-29,30.3891,30.4267,30.0609,30.233,30.233,2315682.3074697
2000-08-30,30.1184,30.3891,30.0412,30.1371,30.1371,1481412.2290359
2000-08-31,30.1184,30.1568,29.887,29.887,29.887,2405188.1704396
2000-09-01,29.9058,29.9058,28.6367,28.9244,28.9244,2126994.2720195
2000-09-05,28.9244,29.465,28.9045,29.2238,29.2238,2104227.0205652
2000-09-06,29.2713,29.5026,29.1744,29.2338,29.2338,1490769.839519
2000-09-07,29.2713,29.3296,28.4252,28.4252,28.4252,2124497.2904352
2000-09-08,27.8094,27.9616,27.3479,27.6355,27.6355,3403817.9135075
2000-09-11,27.6157,28.444,27.6157,28.2513,28.2513,2345310.1878229
2000-09-12,28.4252,28.617,27.8855,27.8855,27.8855,2271706.9004367
2000-09-13,27.9616,28.0783,27.8094,28.02,28.02,2815617.8832994
2000-09-14,28.1929,28.8848,28.1544,28.6555,28.6555,2155375.6850666
2000-09-15,28.6555,28.6555,27.9616,27.9616,27.9616,3953967.3033589
2000-09-18,27.9616,28.0012,26.8289,27.078,27.078,2577346.3496811
2000-09-19,27.0395,27.4645,26.9624,27.251,27.251,3197355.5780284
2000-09-20,27.2698,27.3083,26.6935,27.0395,27.0395,2932261.7272389
2000-09-21,27.5782,27.9231,27.1166,27.3479,27.3479,2366205.714832
2000-09-22,27.7314,28.6367,27.6552,28.5201,28.5201,2635354.6313385
2000-09-25,28.8848,29.0974,28.5013,28.9342,28.9342,3137788.2004953
2000-09-26,29.8099,29.8099,28.8473,29.4264,29.4264,3951471.3335176
2000-09-27,29.5026,31.9557,29.4264,31.4527,31.4527,4014783.1716842
2000-09-28,31.6553,31.8767,31.1176,31.8767,31.8767,3609654.9918474
2000-09-29,31.6553,32.5705,31.6553,32.0773,32.0773,3292791.2663894
2000-10-02,32.0773,33.6578,31.9755,33.4275,33.4275,3367640.0093389
2000-10-03,33.3405,33.3405,32.6091,32.879,32.879,2269833.1525055
2000-10-04,33.4966,33.802,32.9076,33.129,33.129,2869262.517642
2000-10-05,33.1103,34.5622,33.1103,34.5532,34.5532,2385853.762792
2000-10-06,35.2639,35.5406,33.7922,33.7922,33.7922,3301833.2130741
2000-10-09,33.7922,34.0323,33.5055,33.5817,33.5817,1615518.7561779
2000-10-10,33.5817,34.6294,33.3889,33.9543,33.9543,2564247.3137935
2000-10-11,33.6478,34.4772,33.5332,34.4376,34.4376,2438247.8828566
2000-10-12,34.4178,34.4959,33.6974,34.0323,34.0323,3603729.2134283
2000-10-13,34.0323,34.6491,33.9839,34.6491,34.6491,2069922.8643276
2000-10-16,34.4178,35.5999,34.3022,35.418,35.418,2766654.5835556
2000-10-17,35.418,35.7235,34.3684,35.4003,35.4003,2389906.8050231
2000-10-18,35.1897,35.6474,34.8794,35.3113,35.3113,1999126.1518662
2000-10-19,34.571,35.2836,34.571,34.8794,34.8794,1800461.3192517
2000-10-20,34.8794,35.3706,34.6788,35.003,35.003,1929579.953683
2000-10-23,35.003,35.003,33.6104,33.7358,33.7358,1640468.337161
2000-10-24,33.7448,34.8211,33.6974,34.157,34.157,2306324.6969866
2000-10-25,33.2644,33.8317,33.2644,33.6478,33.6478,1899014.1876211
2000-10-26,33.802,34.8991,33.6775,34.2636,34.2636,2810940.5956722
2000-10-27,34.2636,35.4735,34.2636,35.2342,35.2342,1976358.9004119
2000-10-30,35.2342,36.5232,35.17,36.4292,36.4292,4270832.0405599
2000-10-31,36.4292,37.7932,36.4292,37.4769,37.4769,4790418.6995785
2000-11-01,36.8789,36.8789,35.9558,36.8789,36.8789,2774763.7032466
2000-11-02,36.8789,36.8789,35.341,35.4735,35.4735,2441678.7031776
2000-11-03,35.4932,36.5033,35.3904,35.6761,35.6761,2779438.9673878
2000-11-06,35.7432,36.8029,35.7432,36.5626,36.5626,4070920.7406392
2000-11-07,35.8025,37.5046,35.7729,36.8414,36.8414,2437624.6492036
2000-11-08,36.785,39.0258,36.4935,38.4188,38.4188,2987462.4222285
2000-11-09,37.9474,39.2461,36.9955,37.8614,37.8614,3016779.6974981
2000-11-10,37.4957,40.2552,37.4957,39.688,39.688,3194861.6316731
2000-11-13,39.688,41.2288,38.8804,39.3341,39.3341,4692490.0766051
2000-11-14,39.2561,39.3242,38.2271,38.9486,38.9486,3531999.6739731
2000-11-15,38.9585,39.9193,38.3921,39.0831,39.0831,2924773.8177151
2000-11-16,39.1601,40.3324,39.0258,40.3324,40.3324,2212449.1162443
2000-11-17,39.9489,40.7168,38.9388,39.4181,39.4181,1947351.2184829
2000-11-20,38.1036,39.1789,37.302,38.747,38.747,3064497.5416786
2000-11-21,38.411,38.6787,37.7932,38.0838,38.0838,1818550.2713359
2000-11-22,38.3348,38.3348,36.9955,37.8526,37.8526,1647641.5946294
2000-11-24,37.4957,38.2953,37.1102,37.8911,37.8911,1282435.7795947
2000-11-27,38.2558,38.2558,36.785,37.1884,37.1884,2577032.7093687
2000-11-28,37.1884,37.9958,37.1102,37.1102,37.1102,2487214.2178293
2000-11-29,37.0904,38.5928,37.0904,38.411,38.411,1676332.6010171
2000-11-30,39.0258,41.132,38.9486,40.4855,40.4855,3927144.9861876
2000-12-01,40.7168,41.0549,39.0159,39.3055,39.3055,2824349.2249005
2000-12-04,39.0258,40.4094,38.7846,39.2857,39.2857,1717504.4683541
2000-12-05,39.3341,40.4855,39.3341,40.0526,40.0526,2021272.1931534
2000-12-06,39.4864,40.4568,39.4864,40.0239,40.0239,1805136.583393
2000-12-07,39.7364,40.2355,38.6403,39.4764,39.4764,1733719.6725073
2000-12-08,39.5061,40.535,39.2075,39.7176,39.7176,1846621.0792994
2000-12-11,39.6404,40.7949,39.4864,39.4864,39.4864,1497317.8398484
2000-12-12,39.2075,39.5446,38.2953,39.0632,39.0632,2286990.289339
2000-12-13,39.1414,39.8609,37.6884,37.9563,37.9563,2537737.6251917
2000-12-14,37.9662,38.0255,35.9844,37.7082,37.7082,2876124.1582838
2000-12-15,36.4747,37.5233,36.4747,36.6783,36.6783,4181012.5372776
2000-12-18,36.4292,37.641,36.2631,37.4197,37.4197,3667041.0515947
2000-12-19,37.4957,37.5233,36.0418,37.0351,37.0351,2333456.6074986
2000-12-20,36.9561,39.5446,36.6684,39.3242,39.3242,3607471.6505757
2000-12-21,39.0534,39.593,38.4959,39.1601,39.1601,2292291.8223622
2000-12-22,39.1601,40.8246,39.1601,40.4955,40.4955,2422342.2720442
2000-12-26,40.2078,40.872,40.0526,40.4568,40.4568,1108407.8993939
2000-12-27,40.0526,41.4404,39.7462,40.882,40.882,1645458.2533577
2000-12-28,40.5745,41.5935,40.2938,41.5935,41.5935,2602608.5592338
2000-12-29,41.5935,42.1333,40.7564,40.7564,40.7564,1652632.522569
2001-01-02,41.0746,41.5738,39.3914,39.5643,39.5643,1941741.103862
2001-01-03,39.4665,40.3126,39.2075,39.593,39.593,2996504.3689132
2001-01-04,39.1314,39.1314,34.8122,35.1206,35.1206,5350549.9453091
2001-01-05,35.4003,37.0055,34.7361,35.427,35.427,4518463.2081472
2001-01-08,36.197,37.0351,35.5703,36.6506,36.6506,2001309.493138
2001-01-09,36.6684,37.0638,36.5429,36.9076,36.9076,2771955.1048358
2001-01-10,36.9076,37.9761,36.9076,37.8229,37.8229,3292478.6378199
2001-01-11,37.6697,37.7833,35.3509,35.8589,35.8589,1922093.055902
2001-01-12,35.849,35.849,34.4475,35.4932,35.4932,2774139.4578505
2001-01-16,35.1206,36.1673,34.9851,35.5032,35.5032,3767153.0158399
2001-01-17,35.5032,35.5032,35.0425,35.17,35.17,2884855.499885
2001-01-18,35.17,35.5703,35.082,35.2066,35.2066,2567990.762684
2001-01-19,35.2066,35.427,33.1962,33.7358,33.7358,5087636.4005625
2001-01-22,33.812,35.9647,33.812,35.3024,35.3024,2574228.1579298
2001-01-23,35.3806,36.8315,35.3806,36.1377,36.1377,2663423.415816
2001-01-24,35.427,37.4007,35.427,37.1201,37.1201,3267526.0216079
2001-01-25,36.2918,37.1685,36.0042,36.5913,36.5913,2315993.9242961
2001-01-26,36.5913,37.725,36.5913,37.3613,37.3613,2430763.0085617
2001-01-29,37.9009,37.9761,35.8886,35.8886,35.8886,2020023.7023614
2001-01-30,35.427,35.427,34.5058,35.1503,35.1503,2552393.7334691
2001-01-31,35.1601,35.1601,33.6281,34.2449,34.2449,3567241.7159191
2001-02-01,34.2449,35.4932,34.1667,35.1206,35.1206,3916851.5134819
2001-02-02,36.0141,36.7258,36.0141,36.5033,36.5033,3652070.2912618
2001-02-05,37.0539,37.9761,36.8315,37.4384,37.4384,2355601.6370427
2001-02-06,37.2841,37.2841,36.1474,36.197,36.197,1658869.9178147
2001-02-07,36.8117,37.7735,36.785,36.9076,36.9076,2499376.3797514
2001-02-08,36.9076,37.7082,36.3897,37.2466,37.2466,2792228.4099348
2001-02-09,37.2841,37.2841,32.3491,34.1203,34.1203,12759795.443504
2001-02-12,35.427,35.427,34.3684,34.8794,34.8794,6440556.2640493
2001-02-13,34.9674,35.0425,34.4178,34.6788,34.6788,3286552.8594006
2001-02-14,34.5532,34.8507,33.0133,33.2742,33.2742,3736900.8900905
2001-02-15,33.5055,33.5332,32.9174,33.3504,33.3504,3723177.6088068
2001-02-16,33.3504,33.7725,33.293,33.467,33.467,2062437.9900328
2001-02-20,33.4868,33.7358,32.4262,32.7534,32.7534,3389782.0036542
2001-02-21,32.7534,32.956,32.1949,32.5221,32.5221,2412051.8345673
2001-02-22,32.7534,32.8403,32.1949,32.6574,32.6574,3756238.3329669
2001-02-23,32.8887,33.0617,31.1176,31.4823,31.4823,3255988.1050819
2001-02-26,31.5792,32.8887,31.5792,32.6861,32.6861,2708644.2784124
2001-02-27,32.6861,34.5058,32.6861,34.157,34.157,3515156.1774522
2001-02-28,34.4178,34.4178,33.6014,33.7922,33.7922,2580776.1582592
2001-03-01,33.5817,34.4277,32.8107,33.8791,33.8791,3057634.8892937
2001-03-02,33.5055,35.7048,33.5055,34.6393,34.6393,2722680.1882655
2001-03-05,34.1964,34.1964,33.552,33.9839,33.9839,3379802.1712611
2001-03-06,33.9938,34.3496,33.6874,34.0126,34.0126,1442116.133116
2001-03-07,33.812,34.1964,33.7448,33.899,33.899,2298214.5655526
2001-03-08,33.899,34.8122,33.899,34.6491,34.6491,2002871.6242425
2001-03-09,34.6985,34.8991,34.4959,34.6096,34.6096,2469747.4876552
2001-03-12,34.5434,34.831,34.1767,34.2449,34.2449,2676521.4399607
2001-03-13,34.1964,34.3319,33.2357,34.2359,34.2359,3935877.3395317
2001-03-14,33.6775,33.9839,33.3405,33.5717,33.5717,2621317.7097424
2001-03-15,33.7526,34.3596,33.726,34.312,34.312,2040915.1823987
2001-03-16,33.6775,34.4277,32.5507,32.9936,32.9936,3068551.5956526
2001-03-19,33.1586,33.7161,32.4548,33.6014,33.6014,3018649.3984574
2001-03-20,33.5243,33.7823,32.5992,32.5992,32.5992,1913359.690815
2001-03-21,32.2997,33.1388,31.9459,32.0042,32.0042,3700097.7287831
2001-03-22,32.0141,32.0141,30.6867,31.0226,31.0226,5519897.5026541
2001-03-23,31.2025,32.4451,31.0603,31.8283,31.8283,2435752.9247584
2001-03-26,32.0596,32.9837,32.0596,32.4548,32.4548,1814498.2408478
2001-03-27,32.2148,32.6861,32.2148,32.3768,32.3768,2477232.3619502
2001-03-28,32.0399,32.1169,30.7439,30.994,30.994,4471994.8665017
2001-03-29,31.2322,32.781,31.0988,32.5507,32.5507,3417540.1830482
2001-03-30,33.0617,33.7725,32.7435,33.1665,33.1665,2945981.9732938
2001-04-02,33.1388,34.0907,32.8403,32.9274,32.9274,3246630.4945987
2001-04-03,32.6288,32.9076,32.2997,32.3867,32.3867,2339070.7690912
2001-04-04,32.1949,32.8107,31.8964,32.4746,32.4746,2496881.421653
2001-04-05,32.7534,33.0519,32.0596,32.9076,32.9076,3211700.0694794
2001-04-06,32.5992,33.119,31.7906,32.2335,32.2335,1803894.1630585
2001-04-09,32.0773,32.2335,31.6464,32.0971,32.0971,1983220.5410538
2001-04-10,30.994,31.6651,30.7628,31.512,31.512,5688313.2447482
2001-04-11,31.512,31.512,30.8873,31.1551,31.1551,3725361.9618215
2001-04-12,31.0504,31.8183,30.9456,31.2995,31.2995,3041104.0213422
2001-04-16,31.2025,31.512,30.8023,30.8972,30.8972,2814371.4159932
2001-04-17,31.0415,31.1739,30.5236,30.9456,30.9456,4384980.9264013
2001-04-18,31.0504,31.3479,30.8487,31.0889,31.0889,4266777.9865859
2001-04-19,31.1176,31.3479,30.994,31.1551,31.1551,3126557.8538241
2001-04-20,31.1275,31.3291,30.9742,31.1739,31.1739,3355476.8356739
2001-04-23,31.3291,31.6069,31.0415,31.0791,31.0791,1534429.5827537
2001-04-24,31.0791,31.1938,30.1865,30.2241,30.2241,3400386.0814436
2001-04-25,30.4356,31.1374,30.1272,30.7529,30.7529,5304078.5684349
2001-04-26,31.2025,32.2899,30.6184,31.7433,31.7433,3225426.3859918
2001-04-27,32.5992,33.0716,32.4451,33.0617,33.0617,3531375.428577
2001-04-30,32.9076,33.3306,32.8601,32.9649,32.9649,2683383.0806025
2001-05-01,32.7534,33.7526,32.6487,33.5915,33.5915,2179078.7987436
2001-05-02,29.974,30.0512,28.27,28.6842,28.6842,21993202.339398
2001-05-03,28.1357,28.444,27.4447,27.7412,27.7412,12472554.539684
2001-05-04,27.8094,28.1158,27.2411,27.6552,27.6552,10228915.411981
2001-05-07,27.6068,27.9044,27.1166,27.1354,27.1354,4299836.6872601
2001-05-08,27.5001,27.6552,27.2322,27.5001,27.5001,4618888.8127047
2001-05-09,27.5001,28.4252,27.4822,28.4252,28.4252,6221308.5329949
2001-05-10,28.4252,28.5399,27.8391,27.9913,27.9913,5066429.2567268
2001-05-11,27.9913,28.8551,27.9913,28.7316,28.7316,4793228.3097322
2001-05-14,28.8096,28.9827,28.2413,28.6644,28.6644,3019893.8422778
2001-05-15,28.6644,29.0509,28.3757,28.8383,28.8383,2996504.3689132
2001-05-16,28.7612,29.8476,28.7612,29.7042,29.7042,3261915.906987
2001-05-17,29.2713,29.3197,28.7513,29.0419,29.0419,7044657.8580981
2001-05-18,29.0419,29.1655,28.8749,28.9531,28.9531,3116267.4163472
2001-05-21,29.032,29.551,28.9827,29.3197,29.3197,2917600.5602468
2001-05-22,29.3197,29.7516,28.8848,29.1941,29.1941,1778007.7081098
2001-05-23,29.3098,29.3098,28.7999,28.8848,28.8848,2131361.9663059
2001-05-24,28.7316,29.1941,28.7316,29.032,29.032,3044535.8534062
2001-05-25,28.9342,28.9342,28.2413,28.4252,28.4252,3347989.937893
2001-05-29,28.4252,29.0597,28.3184,29.0419,29.0419,2111402.3015194
2001-05-30,28.7316,29.0419,28.4252,28.7415,28.7415,2300088.3134837
2001-05-31,28.7513,29.4166,28.4726,29.1844,29.1844,2959395.6612368
2001-06-01,29.1941,29.1941,28.607,28.8096,28.8096,2581714.0439676
2001-06-04,28.5793,28.8096,28.5201,28.8096,28.8096,2642525.8653211
2001-06-05,28.6842,28.8294,28.348,28.5793,28.5793,3883794.8362935
2001-06-06,28.6555,28.8551,28.5596,28.8383,28.8383,3378243.0753853
2001-06-07,28.9045,29.1941,28.694,29.0509,29.0509,2225235.5235624
2001-06-08,29.3,29.5411,29.1457,29.3967,29.3967,1177646.5277225
2001-06-11,29.4364,29.5886,29.1457,29.1557,29.1557,1606164.1809236
2001-06-12,29.1655,29.5313,28.9244,29.4828,29.4828,2233969.9003924
2001-06-13,29.551,30.0314,29.4739,29.4828,29.4828,1770211.2169883
2001-06-14,29.3197,29.3197,28.617,28.6456,28.6456,1882173.7263289
2001-06-15,28.2127,28.7029,28.2127,28.5982,28.5982,3500499.0574317
2001-06-18,28.7128,28.9728,28.617,28.7809,28.7809,1514469.9179671
2001-06-19,28.8294,29.0785,28.6743,28.7227,28.7227,1140843.3664149
2001-06-20,28.7415,29.3296,28.7415,29.0025,29.0025,2058383.9360587
2001-06-21,29.0025,29.7042,29.0025,29.387,29.387,2122941.2297884
2001-06-22,29.3,29.5026,29.2041,29.3,29.3,1498877.9474671
2001-06-25,29.2812,29.551,29.0025,29.0025,29.0025,1578093.3729602
2001-06-26,29.0025,29.5786,28.9244,29.1457,29.1457,2099549.732938
2001-06-27,29.1557,29.7141,29.1557,29.4551,29.4551,1789235.0195522
2001-06-28,29.4551,30.2626,29.4551,29.6083,29.6083,2661862.2964544
2001-06-29,29.551,29.887,29.3,29.7042,29.7042,3943673.8306532
2001-07-02,29.6567,29.8287,29.4828,29.5984,29.5984,1356036.0317522
2001-07-03,29.7239,29.9157,29.6469,29.7042,29.7042,833645.83303766
2001-07-05,29.7042,29.7042,29.2139,29.3296,29.3296,2596055.5001897
2001-07-06,29.2713,29.4364,28.8651,28.8947,28.8947,2233032.0146838
2001-07-09,28.8947,29.3,28.8096,29.2713,29.2713,1613024.8098225
2001-07-10,29.3,29.3,29.0874,29.1072,29.1072,2226171.385785
2001-07-11,29.2041,29.7615,29.0785,29.377,29.377,2217440.0441838
2001-07-12,29.6083,30.0125,29.3,29.9255,29.9255,2185942.4628712
2001-07-13,30.8487,31.848,30.819,30.9456,30.9456,5610341.2513325
2001-07-16,31.251,31.2995,30.8783,31.1086,31.1086,2563934.6852241
2001-07-17,31.0791,31.4428,30.9456,31.0988,31.0988,2581714.0439676
2001-07-18,31.1551,31.5416,31.0316,31.4625,31.4625,2321921.7262013
2001-07-19,31.4527,31.7433,31.251,31.5317,31.5317,1310814.1574129
2001-07-20,31.5317,31.6464,30.9555,30.9842,30.9842,1721555.4870994
2001-07-23,30.9742,31.0988,30.6669,30.7252,30.7252,1073788.0793581
2001-07-24,30.571,31.0039,30.2241,30.4554,30.4554,1882795.9482391
2001-07-25,30.0699,30.4267,29.7615,30.3299,30.3299,1710327.1639139
2001-07-26,30.1668,30.8487,30.1094,30.819,30.819,1673839.6664047
2001-07-27,30.7529,31.0603,30.4454,30.8783,30.8783,1568738.7977059
2001-07-30,30.8972,32.2148,30.7726,31.3479,31.3479,2173465.6488937
2001-07-31,31.3479,31.6849,31.0039,31.0988,31.0988,3987338.6326026
2001-08-01,27.3479,27.8767,26.8092,26.8674,26.8674,17894523.419364
2001-08-02,26.8674,27.4349,26.8191,27.3755,27.3755,7597616.8581032
2001-08-03,27.3755,27.5099,27.3755,27.4724,27.4724,4111776.9441779
2001-08-06,27.4349,27.8855,27.4349,27.7512,27.7512,3013661.5057466
2001-08-07,27.7512,28.0397,27.6918,27.8668,27.8668,3194551.0265895
2001-08-08,27.7609,27.9913,27.7115,27.8292,27.8292,2377122.4211909
2001-08-09,27.7808,27.9331,27.3676,27.6355,27.6355,2629740.4697459
2001-08-10,27.6355,28.1357,27.5296,27.8588,27.8588,1983531.1461374
2001-08-13,28.0595,28.1741,27.4349,27.4349,27.4349,2030625.7566648
2001-08-14,27.3755,27.8855,27.3755,27.7996,27.7996,1689434.6721336
2001-08-15,27.7996,28.1644,27.7512,27.9331,27.9331,1688497.7981681
2001-08-16,27.9044,28.1158,27.8094,28.0694,28.0694,1619884.4269784
2001-08-17,27.9815,28.0298,27.8767,27.9528,27.9528,1279629.2046699
2001-08-20,27.9044,28.02,27.8855,27.9142,27.9142,1069733.0136411
2001-08-21,27.9044,28.2997,27.9044,27.9044,27.9044,1503556.2468372
2001-08-22,27.9044,28.367,27.7609,28.2611,28.2611,1400010.4270422
2001-08-23,28.1158,28.4726,27.9616,28.4054,28.4054,1738709.588704
2001-08-24,28.4054,28.4054,27.8292,27.9231,27.9231,2039670.7385784
2001-08-27,27.7808,28.2413,27.6918,28.0497,28.0497,1708146.8578709
2001-08-28,28.1158,28.3184,28.0595,28.2127,28.2127,1790794.1154279
2001-08-29,28.3086,28.6268,28.2413,28.348,28.348,1961078.5467384
2001-08-30,28.3184,28.4726,28.1158,28.2127,28.2127,1751182.3557095
2001-08-31,28.27,28.357,27.9044,27.9044,27.9044,1738086.3550509
2001-09-04,27.9331,28.4726,27.9044,28.27,28.27,2009417.6010861
2001-09-05,28.27,28.367,27.7314,28.1257,28.1257,1742452.0258513
2001-09-06,28.106,28.2127,27.7512,27.8588,27.8588,1613648.0434756
2001-09-07,27.5969,27.5969,26.6638,26.8388,26.8388,3166791.8354526
2001-09-10,26.8388,27.8193,26.8289,27.6256,27.6256,2259545.7502574
2001-09-17,27.0681,27.078,26.2507,26.6066,26.6066,4311689.2558416
2001-09-18,26.6066,27.1067,26.5393,26.9624,26.9624,2776634.4159488
2001-09-19,26.9911,27.0395,26.2992,26.5295,26.5295,4192551.4655466
2001-09-20,26.058,26.1627,25.4808,25.6271,25.6271,3579405.901327
2001-09-21,25.1832,25.3286,24.5102,24.867,24.867,4649449.5200517
2001-09-24,24.8769,25.0014,24.0189,24.2789,24.2789,4726170.9991895
2001-09-25,24.2602,24.2602,23.4902,24.1445,24.1445,6800149.9409771
2001-09-26,24.1445,24.9539,24.0861,24.8967,24.8967,5321855.9036925
2001-09-27,24.9718,24.9916,24.7415,24.9441,24.9441,5028380.639856
2001-09-28,25.202,25.8277,25.0193,25.808,25.808,3758418.6390099
2001-10-01,25.9799,26.1341,25.3661,25.799,25.799,3145584.6916168
2001-10-02,25.799,25.895,25.6735,25.8761,25.8761,2212139.5229036
2001-10-03,25.8761,26.6836,25.7694,26.3555,26.3555,2966565.8834764
2001-10-04,26.5106,26.5779,26.1341,26.3753,26.3753,1487024.3671427
2001-10-05,26.5295,26.6066,25.6538,26.3852,26.3852,2200597.5594057
2001-10-08,26.394,26.394,25.5203,25.6458,25.6458,2070858.7265502
2001-10-09,25.5203,26.2606,25.4808,26.1727,26.1727,2129178.6250342
2001-10-10,26.4237,26.5779,26.058,26.4326,26.4326,1489522.3604699
2001-10-11,26.4622,26.741,26.1727,26.1727,26.1727,1855352.4209006
2001-10-12,26.1727,26.1825,25.5105,25.886,25.886,2221183.4930742
2001-10-15,25.8277,26.1341,25.6171,25.9898,25.9898,1664484.0794075
2001-10-16,26.1054,26.5106,25.9711,26.3456,26.3456,1333584.4440962
2001-10-17,26.3753,26.3852,25.5203,25.9799,25.9799,2245509.8404043
2001-10-18,25.8277,25.9799,24.8186,25.0113,25.0113,2761664.6673589
2001-10-19,24.8473,25.0193,24.52,24.9065,24.9065,2490644.0264072
2001-10-22,24.867,24.9629,24.2699,24.9254,24.9254,3353915.7163122
2001-10-23,24.9441,24.9539,24.5872,24.6941,24.6941,1625809.1936547
2001-10-24,24.5102,24.5399,23.9616,24.1158,24.1158,3754054.9916952
2001-10-25,24.0861,24.2699,23.6542,24.0576,24.0576,3555701.7759072
2001-10-26,24.0576,24.1445,23.8074,23.9804,23.9804,1917105.1631913
2001-10-29,23.9419,23.9706,23.2687,23.6839,23.6839,2887662.0748099
2001-10-30,23.6839,23.7413,23.0573,23.162,23.162,2142899.8828321
2001-10-31,23.3369,23.3369,22.4029,22.6817,22.6817,4050337.8421995
2001-11-01,22.6817,22.6817,21.7406,22.2863,22.2863,8118762.6129974
2001-11-02,23.8074,25.3849,23.8074,24.867,24.867,11245632.083648
2001-11-05,25.127,25.6735,25.117,25.1744,25.1744,3770583.8361608
2001-11-06,25.1922,26.3653,25.1922,25.9799,25.9799,3136538.6979603
2001-11-07,25.9799,26.1243,24.9254,24.9254,24.9254,5049275.1551222
2001-11-08,24.9718,25.7892,24.9718,25.4422,25.4422,2464756.5597156
2001-11-09,25.4422,25.6271,25.1922,25.2219,25.2219,2618825.7868729
2001-11-12,25.2999,25.8574,24.8967,25.4906,25.4906,1952969.4270473
2001-11-13,25.6735,26.4425,25.6735,26.1727,26.1727,2180638.9063621
2001-11-14,26.2992,26.7025,26.0383,26.1153,26.1153,2356223.8589529
2001-11-15,26.2706,26.4326,25.9711,26.1529,26.1529,1855974.6428108
2001-11-16,26.5106,26.8674,26.3357,26.7123,26.7123,3076659.7036007
2001-11-19,26.7608,27.6918,26.6066,27.4349,27.4349,3283744.26099
2001-11-20,27.3854,27.7609,27.0098,27.3577,27.3577,2849925.0747656
2001-11-21,27.415,28.0101,27.1937,27.4902,27.4902,2318175.242082
2001-11-23,27.4902,27.9231,27.4902,27.7709,27.7709,738212.16816259
2001-11-26,28.0101,28.0101,27.5969,28.0101,28.0101,3238835.0152202
2001-11-27,27.6157,28.2898,27.5396,28.1257,28.1257,3247252.7165089
2001-11-28,27.8489,28.2898,27.8489,28.098,28.098,2513721.8829452
2001-11-29,27.9428,28.4726,27.7709,28.367,28.367,1852541.7990039
2001-11-30,28.3184,28.6268,28.1929,28.3857,28.3857,2175646.9666796
2001-12-03,28.0694,28.5596,27.9715,28.367,28.367,2848366.9906329
2001-12-04,28.3757,28.5497,28.0101,28.4726,28.4726,2480662.1705281
2001-12-05,28.1644,28.5696,27.9231,28.367,28.367,2684942.1764784
2001-12-06,28.5201,29.032,28.3757,28.9244,28.9244,1706897.355336
2001-12-07,28.6268,29.5313,28.6268,29.3484,29.3484,2275449.3375841
2001-12-10,28.9431,29.1557,28.5696,28.5696,28.5696,2105788.1399267
2001-12-11,28.7029,28.7712,28.5299,28.607,28.607,1590568.1634517
2001-12-12,28.607,28.694,28.1357,28.2898,28.2898,1474237.9598246
2001-12-13,28.1841,28.2028,27.9231,28.02,28.02,1889033.343485
2001-12-14,28.0397,28.0397,27.7709,27.9142,27.9142,2500934.4638841
2001-12-17,27.7115,28.1357,27.6068,27.7906,27.7906,3146518.5303536
2001-12-18,28.0783,28.2127,27.9428,28.1644,28.1644,2255801.2896241
2001-12-19,27.7906,28.6842,27.7906,28.6644,28.6644,2023454.5226823
2001-12-20,28.6644,28.8096,28.2315,28.8096,28.8096,1895270.7387307
2001-12-21,28.4341,28.5112,27.9815,28.0881,28.0881,3370445.5725209
2001-12-24,27.7906,28.2028,27.7906,28.1357,28.1357,566678.23431706
2001-12-26,28.0595,28.444,28.0595,28.3086,28.3086,1077842.1333321
2001-12-27,28.106,28.5893,28.106,28.5497,28.5497,1198229.4261621
2001-12-28,28.6268,29.0785,28.607,29.0025,29.0025,1398142.7495688
2001-12-31,28.7909,29.3197,28.6842,28.9342,28.9342,1247502.3192465
2002-01-02,28.8848,28.8848,28.1644,28.7612,28.7612,1641404.1993836
2002-01-03,28.6842,28.7612,28.2028,28.5893,28.5893,1230977.5217528
2002-01-04,28.6367,28.8848,28.5112,28.8096,28.8096,1632672.8577826
2002-01-07,28.694,28.8473,28.5112,28.5696,28.5696,1416540.2832509
2002-01-08,28.4637,28.4914,27.9528,28.4154,28.4154,1955777.0137152
2002-01-09,28.4914,29.465,28.4826,29.1072,29.1072,1860965.5707503
2002-01-10,28.8848,29.1171,28.6555,28.8848,28.8848,1776446.5887482
2002-01-11,28.7612,29.29,28.5299,29.1072,29.1072,1589321.6961455
2002-01-14,29.1072,29.5313,28.9827,29.1941,29.1941,1566865.0497748
2002-01-15,29.2139,29.5124,28.9145,29.4828,29.4828,1674462.9000578
2002-01-16,29.4166,29.6755,29.2041,29.3573,29.3573,1471433.4083856
2002-01-17,29.2338,29.3573,28.9342,29.2041,29.2041,1303019.6897774
2002-01-18,29.0874,29.3384,28.8196,29.0785,29.0785,1847555.929779
2002-01-22,29.0419,29.0419,28.4914,28.6555,28.6555,1486092.5518919
2002-01-23,28.6842,28.7316,28.4154,28.607,28.607,2955962.81743
2002-01-24,28.5399,29.0687,28.4826,29.0687,29.0687,1857535.7621724
2002-01-25,29.0687,29.29,28.8196,29.1655,29.1655,1912738.4806478
2002-01-28,28.5893,28.617,27.8855,28.367,28.367,3187997.9675453
2002-01-29,28.2413,28.5299,27.6651,27.9231,27.9231,1949226.9899
2002-01-30,27.6829,27.9428,27.4822,27.8094,27.8094,3076347.0750312
2002-01-31,27.7906,28.7316,27.7808,28.7316,28.7316,2184068.7149401
2002-02-01,28.4914,29.0874,28.444,29.0874,29.0874,2344998.5709964
2002-02-04,29.0597,29.0597,28.1158,28.1454,28.1454,1533495.744017
2002-02-05,28.1544,28.5399,27.9528,27.9815,27.9815,1745259.6125192
2002-02-06,28.0101,28.1357,27.8855,27.9715,27.9715,1598056.0729755
2002-02-07,27.9715,28.1544,27.7906,28.0012,28.0012,1903065.2063664
2002-02-08,28.3857,28.8551,27.7906,28.4054,28.4054,3447166.0399156
2002-02-11,28.0298,28.8096,28.0298,28.5696,28.5696,1769584.9481063
2002-02-12,28.7415,29.1072,28.3383,28.4826,28.4826,1389408.3727388
2002-02-13,28.7316,29.6943,28.607,29.4067,29.4067,2485964.7152943
2002-02-14,29.4067,29.6667,29.1844,29.5411,29.5411,1506988.0789011
2002-02-15,29.5411,29.6667,28.9925,29.2623,29.2623,1601485.8815535
2002-02-19,29.2623,29.5697,28.694,28.7809,28.7809,1784557.7319251
2002-02-20,28.7809,29.2812,28.3283,29.2525,29.2525,1669162.3787776
2002-02-21,28.9145,29.3573,28.9145,29.0597,29.0597,1636415.2949299
2002-02-22,29.0123,29.0419,28.694,28.8196,28.8196,1394398.2889355
2002-02-25,28.6367,29.0123,28.6367,28.8848,28.8848,1627683.9533288
2002-02-26,28.9342,29.5609,28.9145,29.29,29.29,2340007.6430567
2002-02-27,29.3573,29.8099,29.0419,29.3197,29.3197,1947042.6368852
2002-02-28,29.5124,30.3594,27.4052,28.0101,28.0101,16580587.023229
2002-03-01,28.5696,29.5124,28.3383,29.5124,29.5124,7928829.121984
2002-03-04,29.6667,30.6867,29.3573,29.7615,29.7615,4078404.6031912
2002-03-05,29.7615,30.6184,29.6667,30.1184,30.1184,2710203.3742881
2002-03-06,30.2626,30.6096,30.0609,30.3299,30.3299,2287299.8826797
2002-03-07,30.321,30.321,29.6083,30.0609,30.0609,1885604.5466499
2002-03-08,30.2923,30.7252,30.1184,30.1568,30.1568,2357474.3732308
2002-03-11,30.2044,30.4178,30.1272,30.321,30.321,1409057.4324418
2002-03-12,30.2428,30.408,30.1568,30.408,30.408,1282747.3964214
2002-03-13,30.408,30.408,29.9552,30.2044,30.2044,2187499.5352611
2002-03-14,30.0512,30.3022,29.8573,30.1184,30.1184,1717504.4683541
2002-03-15,30.1184,30.1767,30.0026,30.0798,30.0798,1895270.7387307
2002-03-18,30.1471,30.1767,29.9829,30.1767,30.1767,1555014.5046793
2002-03-19,30.1954,30.4741,30.1371,30.3022,30.3022,2307572.1760357
2002-03-20,30.3022,31.1739,30.2725,30.9555,30.9555,3979850.7230788
2002-03-21,30.819,31.339,30.7726,31.1463,31.1463,2094560.8284843
2002-03-22,30.994,31.0988,30.8685,30.994,30.994,2873628.1884426
2002-03-25,30.8685,31.1463,30.8023,30.8685,30.8685,1435254.4924741
2002-03-26,30.8685,31.1739,30.6767,30.9456,30.9456,1524450.7621034
2002-03-27,30.8685,31.4241,30.8389,31.2708,31.2708,1357597.1511138
2002-03-28,31.251,31.8085,31.2322,31.7729,31.7729,1302081.8040689
2002-04-01,31.4527,31.9755,31.4051,31.9755,31.9755,2008795.3791759
2002-04-02,31.7996,32.8206,31.7996,32.7534,32.7534,2604164.6198806
2002-04-03,32.7049,33.1665,32.4835,32.9461,32.9461,3492076.2974282
2002-04-04,32.7435,33.3889,32.7435,33.1863,33.1863,2230850.696898
2002-04-05,33.0617,33.4966,33.0222,33.1764,33.1764,2164109.0501536
2002-04-08,32.8987,33.3691,32.8887,33.2259,33.2259,2234907.7861009
2002-04-09,33.206,33.3119,32.9649,32.9936,32.9936,2082708.2599028
2002-04-10,33.1388,34.0907,33.0222,33.9454,33.9454,3527629.9562007
2002-04-11,34.0423,34.1865,33.7625,33.8495,33.8495,2056513.2233564
2002-04-12,33.8495,34.3882,33.726,34.2537,34.2537,2633171.2900668
2002-04-15,34.157,34.1865,33.3593,33.4868,33.4868,1920222.3431998
2002-04-16,33.4966,33.7448,33.2842,33.6874,33.6874,1991329.6607448
2002-04-17,33.6874,34.3882,33.638,33.9839,33.9839,2212139.5229036
2002-04-18,34.062,34.3407,33.889,34.0521,34.0521,2379303.7389768
2002-04-19,34.062,34.2636,33.7823,33.889,33.889,2383045.1643812
2002-04-22,34.0323,34.138,33.7448,33.899,33.899,2072417.822426
2002-04-23,33.889,33.889,33.2159,33.2159,33.2159,1848489.7685158
2002-04-24,32.9936,33.3593,32.879,32.9174,32.9174,2793165.2839003
2002-04-25,32.9174,33.9088,32.9174,33.6281,33.6281,5400136.4787059
2002-04-26,33.4966,33.9187,33.3691,33.6775,33.6775,1606164.1809236
2002-04-29,33.6775,33.9187,33.4374,33.5332,33.5332,1726233.7864693
2002-04-30,33.6104,34.487,33.4078,34.157,34.157,3824538.0638441
2002-05-01,34.3407,34.7835,33.8791,34.7272,34.7272,2249872.475976
2002-05-02,34.157,34.3407,32.5893,32.5893,32.5893,9093063.9852495
2002-05-03,32.7435,33.0519,31.9162,32.6387,32.6387,3441553.9018087
2002-05-06,32.5122,32.9936,31.5693,31.6069,31.6069,2614145.464017
2002-05-07,31.5693,31.838,30.9456,31.1086,31.1086,2548650.2845788
2002-05-08,31.5218,32.272,30.9555,32.0872,32.0872,2729853.445734
2002-05-09,31.9755,32.9362,31.9656,32.1465,32.1465,2007548.9118697
2002-05-10,32.4361,32.8107,32.0496,32.107,32.107,1536301.3071989
2002-05-13,32.107,32.5507,32.0684,32.3195,32.3195,2148204.451084
2002-05-14,32.5893,32.956,32.0399,32.6387,32.6387,2536175.4940872
2002-05-15,32.7435,33.1003,32.5409,32.7049,32.7049,2031874.2474569
2002-05-16,32.7711,33.1003,31.8964,32.3195,32.3195,3256923.9673044
2002-05-17,32.5893,32.9936,32.5705,32.7534,32.7534,2998379.1285873
2002-05-20,32.5122,32.7711,32.1169,32.5794,32.5794,2071170.3433768
2002-05-21,32.5794,32.869,31.8866,31.8866,31.8866,2128867.0082077
2002-05-22,31.8183,32.4648,31.8183,32.272,32.272,1459892.4566307
2002-05-23,32.4746,32.7138,32.4361,32.6387,32.6387,1361340.6000043
2002-05-24,32.5992,32.8987,32.4648,32.8403,32.8403,1097804.8333475
2002-05-28,32.8503,32.9362,32.4361,32.8987,32.8987,1681325.5524426
2002-05-29,32.8403,33.206,32.7711,32.9174,32.9174,1461451.5525064
2002-05-30,32.869,33.5145,32.8403,33.1962,33.1962,1655751.7260633
2002-05-31,33.2159,33.5915,33.119,33.2357,33.2357,2081461.7925966
2002-06-03,33.2357,33.5145,33.0617,33.1103,33.1103,2151633.247919
2002-06-04,33.042,33.0716,32.2622,32.4548,32.4548,2931013.2364468
2002-06-05,32.3867,32.6674,32.2435,32.5409,32.5409,2271395.2836101
2002-06-06,32.5992,32.6487,32.1268,32.4361,32.4361,1895897.0076126
2002-06-07,32.4361,32.7435,32.0399,32.0496,32.0496,3742827.6802527
2002-06-10,32.1268,32.3768,31.936,32.1366,32.1366,2449163.5774725
2002-06-11,32.6288,32.791,32.272,32.3966,32.3966,2471620.2238433
2002-06-12,32.3966,33.0034,32.2522,32.8403,32.8403,2330964.684629
2002-06-13,32.531,32.869,32.1949,32.2048,32.2048,1506674.4385886
2002-06-14,32.2048,32.2048,31.0603,31.0889,31.0889,4092438.4895584
2002-06-17,31.3094,32.1762,31.2905,32.107,32.107,1947668.9057671
2002-06-18,32.0596,32.4746,31.7906,32.3581,32.3581,1868139.8399616
2002-06-19,32.0596,32.2997,31.6464,31.6464,31.6464,1778319.3249364
2002-06-20,31.4625,31.6948,31.0129,31.2025,31.2025,3299026.6381493
2002-06-21,31.0415,31.4338,30.7439,30.916,30.916,3236340.0571219
2002-06-24,30.6481,31.0415,30.2142,30.3981,30.3981,3379490.5544344
2002-06-25,30.3981,30.906,30.3694,30.4841,30.4841,3269709.3628796
2002-06-26,30.4939,30.4939,29.8199,30.3299,30.3299,2841502.3147622
2002-06-27,30.3981,30.9644,30.2428,30.8023,30.8023,1908370.7863613
2002-06-28,30.7628,31.3094,30.5907,30.6283,30.6283,2707085.1825366
2002-07-01,30.6481,30.7923,30.1668,30.2142,30.2142,2486902.6010026
2002-07-02,30.1471,30.4741,29.5984,29.6755,29.6755,3145896.3084435
2002-07-03,29.6469,30.1371,29.6469,29.974,29.974,2026570.6909478
2002-07-05,30.1767,30.8873,30.0896,30.6965,30.6965,901633.94708829
2002-07-08,30.6481,30.9357,30.3022,30.4267,30.4267,1635165.7923949
2002-07-09,30.3891,30.6481,29.1844,29.2041,29.2041,1584642.3850325
2002-07-10,29.2812,29.8099,28.1929,28.2413,28.2413,3977981.0221195
2002-07-11,28.2413,28.8551,27.7215,28.1357,28.1357,4314495.8307664
2002-07-12,28.2898,28.2898,27.7709,28.0595,28.0595,3915918.686488
2002-07-15,28.0595,28.0595,26.4326,27.7609,27.7609,4825660.7415244
2002-07-16,27.6355,27.8193,26.9723,27.1354,27.1354,3431262.4525889
2002-07-17,27.164,27.6453,26.5779,26.8289,26.8289,3205463.6859766
2002-07-18,27.0395,27.587,25.9324,26.0283,26.0283,3492388.9259978
2002-07-19,26.0283,26.3259,25.7022,25.8277,25.8277,3296845.3203634
2002-07-22,25.8277,26.7222,24.8373,24.9629,24.9629,3820795.6266967
2002-07-23,24.8967,25.4225,24.1632,24.3471,24.3471,3748440.8301025
2002-07-24,23.8944,26.0976,23.595,25.7496,25.7496,4418036.5918465
2002-07-25,25.9324,26.394,24.9718,25.5489,25.5489,3887848.8902675
2002-07-26,26.0976,26.394,25.4125,26.0096,26.0096,5021207.3823876
2002-07-29,26.1727,27.2233,26.1243,27.1354,27.1354,2928830.906918
2002-07-30,26.8774,27.8944,26.5206,27.001,27.001,5161862.9216019
2002-07-31,27.001,28.2898,26.8961,28.2898,28.2898,4218127.3154117
2002-08-01,28.2898,28.2898,27.2698,27.5001,27.5001,4068424.7707979
2002-08-02,27.2233,27.2322,26.1054,26.394,26.394,6541914.6956006
2002-08-05,25.9324,25.9424,24.9441,24.9816,24.9816,4904876.1670175
2002-08-06,25.1832,25.6824,24.8087,25.039,25.039,3546967.399077
2002-08-07,25.3098,25.4522,24.3382,24.7691,24.7691,3858224.0451431
2002-08-08,25.0676,25.8574,24.8473,25.8178,25.8178,3919347.4833231
2002-08-09,25.8178,26.3753,25.4323,26.2122,26.2122,2646267.2907255
2002-08-12,26.0976,26.2803,25.6271,26.0777,26.0777,1622692.0136462
2002-08-13,25.7121,26.0877,25.0676,25.202,25.202,1998813.5232968
2002-08-14,25.2802,25.8474,24.7227,25.8377,25.8377,2372755.7386474
2002-08-15,25.9324,26.404,25.6538,26.1825,26.1825,2331898.5233657
2002-08-16,26.2211,26.5878,25.9996,26.2706,26.2706,2884543.8830584
2002-08-19,26.2992,27.0296,26.1825,26.9624,26.9624,1678517.9657748
2002-08-20,26.8961,26.9525,26.4326,26.7608,26.7608,1530687.1456063
2002-08-21,27.0395,27.4447,26.404,27.1937,27.1937,2021272.1931534
2002-08-22,27.1937,28.0298,26.9723,27.8944,27.8944,2513721.8829452
2002-08-23,27.7115,27.7412,27.338,27.3755,27.3755,1641404.1993836
2002-08-26,27.5969,27.8292,27.1937,27.7609,27.7609,1655439.0974939
2002-08-27,27.7609,27.8944,27.0583,27.1254,27.1254,2046843.9960467
2002-08-28,27.1254,27.1937,26.6263,26.7993,26.7993,1802332.0319539
2002-08-29,26.7509,27.0967,26.4425,26.8388,26.8388,1559380.1754798
2002-08-30,26.6935,27.2698,26.6541,26.7608,26.7608,896018.77375266
2002-09-03,26.6935,26.6935,25.9711,25.9799,25.9799,2808757.2544005
2002-09-04,23.8944,25.2219,23.8944,25.1457,25.1457,12577657.431869
2002-09-05,24.8373,25.117,24.4618,24.7227,24.7227,6217876.700931
2002-09-06,25.3098,25.3098,24.2206,24.2789,24.2789,3717876.0757836
2002-09-09,24.2699,24.7503,24.1158,24.6654,24.6654,3759042.8844059
2002-09-10,24.7415,24.9065,24.5487,24.7128,24.7128,2430451.3917352
2002-09-11,25.0676,25.0676,24.8473,24.9154,24.9154,1590880.7920212
2002-09-12,24.8473,25.2119,24.7038,24.7227,24.7227,2039045.4814393
2002-09-13,24.6554,25.0973,24.5299,24.8284,24.8284,1762725.3309504
2002-09-16,24.7503,24.9154,24.3086,24.8373,24.8373,1580276.7142319
2002-09-17,25.1557,25.2416,24.2502,24.3184,24.3184,2215880.9483081
2002-09-18,24.3184,24.4321,23.9616,24.2502,24.2502,1594623.2291687
2002-09-19,24.106,24.1543,23.7413,23.7778,23.7778,1928642.0679744
2002-09-20,23.7778,23.9419,22.7786,22.9692,22.9692,3682011.8119275
2002-09-23,22.9219,23.3271,22.8546,23.2292,23.2292,2586075.6677965
2002-09-24,23.2292,23.2687,22.5363,22.5857,22.5857,2983096.7514279
2002-09-25,22.7291,22.816,22.2863,22.479,22.479,3038924.7270423
2002-09-26,22.826,23.5386,22.6727,23.3271,23.3271,4620135.2800109
2002-09-27,23.1245,23.595,22.5947,22.7192,22.7192,2435752.9247584
2002-09-30,22.576,22.7291,21.8445,22.3347,22.3347,3121257.3325438
2002-10-01,22.576,23.2786,22.3051,23.1995,23.1995,2689930.0691891
2002-10-02,23.1907,23.4229,22.654,22.654,22.654,2386166.3913616
2002-10-03,22.7587,23.1046,21.8741,21.8741,21.8741,2823102.7575943
2002-10-04,21.883,21.883,19.3913,19.6325,19.6325,10070171.932426
2002-10-07,19.7006,19.8054,18.2496,18.304,18.304,5265095.1010843
2002-10-08,18.392,19.4506,18.3436,19.2292,19.2292,5477170.5864132
2002-10-09,18.8635,18.8635,18.0372,18.1509,18.1509,5481223.6286442
2002-10-10,18.7072,18.8921,18.2496,18.4217,18.4217,5460331.1368639
2002-10-11,18.6233,19.5456,18.6233,19.4605,19.4605,4146706.3575542
2002-10-14,19.4605,19.9221,19.4209,19.7482,19.7482,2182822.2476339
2002-10-15,20.1247,20.6614,20.0169,20.5952,20.5952,3659243.5487303
2002-10-16,20.5379,20.5952,20.1345,20.1811,20.1811,2710829.64317
2002-10-17,20.7108,20.7405,18.8823,19.0651,19.0651,7559255.6126628
2002-10-18,19.498,20.1998,19.1135,19.9508,19.9508,4667540.4956219
2002-10-21,19.8252,20.2857,19.7195,20.1345,20.1345,4009480.626918
2002-10-22,20.1444,21.2395,20.1444,20.8264,20.8264,4621694.3758867
2002-10-23,20.7692,20.8076,20.1247,20.5379,20.5379,3208581.8777279
2002-10-24,20.518,20.5566,19.8934,20.0752,20.0752,2766654.5835556
2002-10-25,13.3027,13.8889,10.9563,11.6779,11.6779,115117578.11065
2002-10-28,12.4656,12.5743,11.4565,12.178,12.178,31560005.852187
2002-10-29,12.1207,12.3904,11.5336,11.583,11.583,19283620.175277
2002-10-30,11.6117,11.7549,11.3507,11.3991,11.3991,9765157.7403206
2002-10-31,11.5059,11.6492,11.331,11.4091,11.4091,10296906.561261
2002-11-01,11.4091,12.1207,10.7824,12.1207,12.1207,14485715.58966
2002-11-04,12.1968,12.602,11.8894,12.2739,12.2739,7926334.1638857
2002-11-05,12.2739,12.3707,12.0811,12.1968,12.1968,4006984.6570766
2002-11-06,12.3124,12.3707,11.8598,12.178,12.178,5573541.1252538
2002-11-07,12.2067,12.2739,11.8311,11.8311,11.8311,3483971.2247089
2002-11-08,11.8311,11.9655,11.3892,11.4466,11.4466,5461575.5806842
2002-11-11,11.4861,11.6018,11.3023,11.3892,11.3892,2798152.1648681
2002-11-12,11.2746,11.583,11.2746,11.496,11.496,3400386.0814436
2002-11-13,11.5147,11.8598,11.4466,11.6878,11.6878,3505801.6021979
2002-11-14,11.7451,11.9942,11.7362,11.8034,11.8034,3468996.4174043
2002-11-15,11.8123,12.0811,11.8034,12.0229,12.0229,3802395.0577858
2002-11-18,12.0712,12.1305,11.9744,11.9842,11.9842,2693360.88951
2002-11-19,12.1207,12.3421,11.9378,12.1681,12.1681,3461515.5900812
2002-11-20,12.1681,12.5833,12.0614,12.5833,12.5833,4384043.0406928
2002-11-21,12.9469,12.9469,12.6869,12.776,12.776,5676769.2577644
2002-11-22,12.9569,13.2731,12.8511,13.1208,13.1208,3859156.872137
2002-11-25,12.8323,13.0053,12.6119,12.7562,12.7562,4883045.7895286
2002-11-26,12.7859,13.0053,12.7562,12.7948,12.7948,2869572.1109827
2002-11-27,13.0241,13.4372,12.9469,13.4273,13.4273,3129366.4522349
2002-11-29,13.5727,14.1399,13.5537,13.7466,13.7466,2573914.5176173
2002-12-02,13.8602,13.9769,13.4273,13.6487,13.6487,3903755.512823
2002-12-03,13.621,13.786,13.5252,13.621,13.621,3514845.5723685
2002-12-04,13.5727,13.786,13.4856,13.5727,13.5727,4499752.0341527
2002-12-05,13.5727,13.6972,13.4856,13.6299,13.6299,2513098.649292
2002-12-06,13.5727,13.8039,13.544,13.7169,13.7169,2553642.2242613
2002-12-09,13.6784,13.7466,13.4955,13.5054,13.5054,2454464.0987529
2002-12-10,13.5054,13.6487,13.5054,13.6487,13.6487,2357784.9783145
2002-12-11,13.6685,13.794,13.6487,13.7269,13.7269,1476112.7194986
2002-12-12,13.707,13.9769,13.6487,13.7663,13.7663,1510727.4808197
2002-12-13,13.283,13.5537,13.1398,13.371,13.371,3501745.5247379
2002-12-16,13.3898,13.6487,13.3898,13.6111,13.6111,1944237.0737033
2002-12-17,13.6487,13.7466,13.6389,13.6784,13.6784,2198417.2533629
2002-12-18,13.7466,13.8336,13.6586,13.6685,13.6685,2440430.2123855
2002-12-19,13.6487,13.8435,13.5627,13.5627,13.5627,2751373.2181391
2002-12-20,13.7565,13.8978,13.5537,13.6586,13.6586,4670658.6873734
2002-12-23,13.6487,13.7466,13.5627,13.6299,13.6299,2538360.8588447
2002-12-24,13.6299,13.6972,13.5824,13.6389,13.6389,927518.37855113
2002-12-26,13.6389,13.786,13.3997,13.5252,13.5252,2410802.3320323
2002-12-27,13.544,13.5824,13.4758,13.5252,13.5252,2280126.6252112
2002-12-30,13.4955,13.4955,12.9865,13.1021,13.1021,6624562.9649004
2002-12-31,13.0725,13.199,13.0241,13.0824,13.0824,2856787.7271504
2003-01-02,13.0824,13.5252,13.0626,13.5252,13.5252,4028503.417739
2003-01-03,13.283,13.3798,13.1495,13.1595,13.1595,5736650.27561
2003-01-06,13.1595,13.371,13.0725,13.199,13.199,5104791.5139101
2003-01-07,13.199,13.3027,13.0725,13.1398,13.1398,4654442.4714772
2003-01-08,13.199,13.707,13.1792,13.544,13.544,5065182.7894206
2003-01-09,13.544,14.0342,13.544,13.8692,13.8692,3118763.3861885
2003-01-10,13.8237,14.2842,13.5924,14.0925,14.0925,5198040.8257704
2003-01-13,14.1014,14.3041,14.0342,14.1875,14.1875,2967502.757442
2003-01-14,14.1399,14.8517,14.0728,14.5531,14.5531,5209892.3826089
2003-01-15,14.5531,14.6014,14.3327,14.478,14.478,2813435.5537705
2003-01-16,14.5729,14.7746,14.4869,14.7172,14.7172,3186438.8716696
2003-01-17,14.6014,14.8427,14.5333,14.7073,14.7073,3131861.4103331
2003-01-21,14.7843,14.824,14.3614,14.3712,14.3712,3238522.3866507
2003-01-22,14.3712,14.3712,14.0441,14.0728,14.0728,2761351.0270465
2003-01-23,14.0629,14.3524,14.0629,14.2744,14.2744,2706772.5539671
2003-01-24,14.2655,14.2744,13.8336,13.8435,13.8435,2896082.8113274
2003-01-27,13.8435,13.8435,13.4372,13.4372,13.4372,3294658.9438628
2003-01-28,13.5252,13.621,13.1891,13.3414,13.3414,3764657.0459986
2003-01-29,13.3414,13.7269,13.1694,13.6685,13.6685,3689182.0341672
2003-01-30,13.6685,13.8138,13.6299,13.6685,13.6685,3650200.5903026
2003-01-31,13.6487,13.9472,13.6487,13.8889,13.8889,3347058.1226422
2003-02-03,13.9769,13.9867,13.4273,13.4856,13.4856,4109278.9508506
2003-02-04,13.4955,13.4955,12.9172,13.0241,13.0241,7754180.0316158
2003-02-05,13.0339,13.2168,12.9569,12.9569,12.9569,6148015.8506923
2003-02-06,12.9964,13.0053,12.4359,12.4755,12.4755,4790418.6995785
2003-02-07,13.199,13.9373,13.199,13.6873,13.6873,13777445.953906
2003-02-10,13.6873,13.8503,13.5537,13.621,13.621,4893024.610179
2003-02-11,13.621,14.1301,13.621,13.7269,13.7269,5257920.831873
2003-02-12,13.6111,13.7565,13.4372,13.4668,13.4668,3904378.7464761
2003-02-13,13.5252,13.6487,13.2355,13.3898,13.3898,3030189.3384694
2003-02-14,13.3798,13.4372,13.1308,13.371,13.371,4196296.9379229
2003-02-18,13.4273,13.9956,13.4273,13.8237,13.8237,3133421.5179518
2003-02-19,13.8889,13.9472,13.7466,13.8336,13.8336,3772765.1539466
2003-02-20,13.8692,13.8692,13.5627,13.6111,13.6111,4158557.9143928
2003-02-21,13.5824,13.7763,13.4184,13.7366,13.7366,4347868.1717531
2003-02-24,13.6784,13.6972,13.3611,13.4758,13.4758,4230910.6875011
2003-02-25,13.3611,13.4372,13.2544,13.371,13.371,3983281.5433998
2003-02-26,13.371,13.4273,13.2355,13.3611,13.3611,4369074.3038458
2003-02-27,13.3898,13.4955,13.2257,13.4273,13.4273,3578467.0038756
2003-02-28,13.4955,13.6784,13.4273,13.6685,13.6685,2850235.6798492
2003-03-03,13.707,13.8978,13.621,13.6685,13.6685,2613522.2303638
2003-03-04,13.6299,13.6299,13.3997,13.4085,13.4085,2339070.7690912
2003-03-05,13.4372,13.5627,13.3027,13.5054,13.5054,3064184.9131091
2003-03-06,13.4758,13.4955,13.3027,13.3611,13.3611,3899699.4353632
2003-03-07,13.3127,13.5153,13.199,13.4856,13.4856,3864770.0219867
2003-03-10,13.4668,13.4668,12.9172,13.0053,13.0053,3039235.3321259
2003-03-11,13.0053,13.1308,12.7859,12.8234,12.8234,3501745.5247379
2003-03-12,12.8234,13.0241,12.6772,13.0053,13.0053,3107845.6680867
2003-03-13,13.1111,13.3511,13.0923,13.3511,13.3511,3761227.2374206
2003-03-14,13.4955,13.7269,13.371,13.4273,13.4273,3806136.4831903
2003-03-17,13.3997,13.9769,13.3324,13.9175,13.9175,4967255.1781901
2003-03-18,13.9077,13.9669,13.6972,13.7663,13.7663,3694487.6141622
2003-03-19,13.8435,14.2655,13.8039,14.1785,14.1785,3997316.44151
2003-03-20,14.2368,14.4691,13.9769,14.4295,14.4295,3619946.4410673
2003-03-21,14.5917,14.8714,14.4493,14.8427,14.8427,3862277.0873743
2003-03-24,14.5817,14.6499,14.2842,14.3228,14.3228,2659995.6307239
2003-03-25,14.3614,14.7843,14.3041,14.6104,14.6104,2457897.9543026
2003-03-26,14.6301,14.6796,14.3998,14.5531,14.5531,2439183.7450793
2003-03-27,14.3712,14.7073,14.3524,14.6014,14.6014,2206211.7209985
2003-03-28,14.6014,14.8042,14.478,14.6885,14.6885,2317865.6487413
2003-03-31,14.1014,14.7943,14.1014,14.6598,14.6598,4209706.5788942
2003-04-01,14.6885,15.0156,14.5917,14.8615,14.8615,3964255.7173499
2003-04-02,14.9959,15.2262,14.9662,15.1225,15.1225,2132611.468841
2003-04-03,15.1225,15.3705,14.9376,15.2855,15.2855,3153692.7995649
2003-04-04,15.3606,15.497,15.2657,15.4575,15.4575,3193611.117395
2003-04-07,15.757,15.9497,15.3892,15.3991,15.3991,2278881.169648
2003-04-08,15.3991,15.4475,15.1225,15.1965,15.1965,2624437.9249797
2003-04-09,15.1965,15.4189,14.8427,14.9662,14.9662,2177831.3196944
2003-04-10,14.9662,15.1225,14.6499,15.075,15.075,3546034.5720834
2003-04-11,15.075,15.3428,14.9762,15.0651,15.0651,1492015.2950823
2003-04-14,15.0651,15.2362,15.0059,15.2262,15.2262,2098302.2538888
2003-04-15,15.2262,15.5544,14.9,15.5267,15.5267,1935192.0917897
2003-04-16,15.583,15.67,14.986,15.0354,15.0354,3904689.3515597
2003-04-21,15.3151,15.3606,15.0354,15.0948,15.0948,2647206.188177
2003-04-22,15.0948,15.6601,14.9287,15.6501,15.6501,3472428.2494683
2003-04-23,15.7293,15.8241,15.3892,15.8044,15.8044,2468186.3682936
2003-04-24,16.0466,16.1612,15.5454,15.9873,15.9873,4442677.591232
2003-04-25,15.9686,16.0367,15.6501,15.6601,15.6601,2185627.8108159
2003-04-28,15.67,16.1514,15.6601,16.1415,16.1415,2481600.0562367
2003-04-29,16.2176,16.2669,15.9111,16.1514,16.1514,3172715.5903859
2003-04-30,16.2373,16.9292,16.1978,16.7652,16.7652,4505989.4293986
2003-05-01,16.775,17.2959,16.4092,17.2,17.2,6521955.030814
2003-05-02,16.6692,16.9292,15.6996,16.2868,16.2868,14069671.715208
2003-05-05,16.2571,16.6495,16.2176,16.5072,16.5072,4839384.0228081
2003-05-06,16.517,17.2959,16.3628,17.121,17.121,5998627.9581339
2003-05-07,17.121,17.2276,16.9786,17.0073,17.0073,3209518.7516935
2003-05-08,17.0073,17.035,16.6011,16.6692,16.6692,2874248.3868669
2003-05-09,16.6692,16.7652,16.4488,16.4972,16.4972,3805824.8663638
2003-05-12,16.4972,16.6298,16.353,16.5072,16.5072,4502556.5855916
2003-05-13,16.5072,16.7849,16.4488,16.6395,16.6395,2322231.319542
2003-05-14,16.6395,16.9786,16.6298,16.9292,16.9292,2656250.1583477
2003-05-15,17.0923,17.0923,16.7553,16.9876,16.9876,2860214.5004996
2003-05-16,16.9786,17.4579,16.8314,17.4312,17.4312,4419911.3515207
2003-05-19,17.286,17.3621,16.9973,16.9973,16.9973,2857411.9725465
2003-05-20,17.1506,17.6043,17.0923,17.372,17.372,4328531.7406196
2003-05-21,17.372,17.797,17.3236,17.6705,17.6705,4531250.6272082
2003-05-22,17.6705,17.9393,17.5648,17.6892,17.6892,3016465.0454427
2003-05-23,17.6241,17.6794,17.4115,17.5361,17.5361,1942053.7324315
2003-05-27,17.4679,17.8821,17.3819,17.8821,17.8821,2050897.0382778
2003-05-28,17.9393,18.1123,17.8918,17.969,17.969,2452594.3977935
2003-05-29,17.9591,18.0837,17.5074,17.6141,17.6141,2795033.9731167
2003-05-30,17.6705,17.9888,17.6438,17.9888,17.9888,4055637.3517369
2003-06-02,18.0372,18.4118,16.9786,17.3137,17.3137,9159494.0151672
2003-06-03,17.3137,17.3137,16.1612,16.4972,16.4972,9978793.3332681
2003-06-04,16.4785,16.9104,16.4192,16.8907,16.8907,4150137.1778751
2003-06-05,16.5536,16.8907,16.5536,16.6692,16.6692,3565991.2016411
2003-06-06,16.6395,16.8709,16.4005,16.4884,16.4884,3137788.2004953
2003-06-09,16.4884,16.6011,15.9972,16.1415,16.1415,4961640.0048546
2003-06-10,16.094,16.2176,15.5642,15.9211,15.9211,4966628.9093082
2003-06-11,15.8241,15.9211,15.6601,15.9111,15.9111,4261475.4418197
2003-06-12,15.8717,16.0367,15.2459,15.4189,15.4189,6535991.9524101
2003-06-13,15.3804,15.4575,14.9762,15.0256,15.0256,5163424.0409635
2003-06-16,15.0256,15.2362,14.7459,15.1501,15.1501,6506986.293967
2003-06-17,15.2262,15.5919,15.1313,15.5919,15.5919,7214321.0792413
2003-06-18,15.6996,15.6996,15.3053,15.5454,15.5454,4170408.4594883
2003-06-19,15.5454,15.6501,15.4475,15.6205,15.6205,6985090.480565
2003-06-20,15.7095,15.833,15.5544,15.7194,15.7194,4638846.4540054
2003-06-23,15.583,15.6304,15.1501,15.1965,15.1965,2639722.325625
2003-06-24,15.2262,15.3705,15.0453,15.3151,15.3151,2479102.0629094
2003-06-25,15.2954,15.4772,15.0848,15.1412,15.1412,2479102.0629094
2003-06-26,15.1412,15.2262,15.0256,15.1876,15.1876,1634542.5587418
2003-06-27,15.2657,15.3892,15.0553,15.1225,15.1225,1886227.7803029
2003-06-30,15.1778,15.2559,14.9573,15.0553,15.0553,2520895.1404136
2003-07-01,15.0553,15.0651,14.8337,15.0354,15.0354,2750748.9727431
2003-07-02,15.0354,15.3428,15.0354,15.3151,15.3151,2688372.9967992
2003-07-03,15.3151,15.4575,14.9573,15.0256,15.0256,2603543.4097135
2003-07-07,15.1036,15.3241,15.0848,15.3241,15.3241,2431075.6371313
2003-07-08,15.2855,15.6117,15.1679,15.6018,15.6018,2932573.3440654
2003-07-09,15.6018,16.0367,15.5919,15.7293,15.7293,4057509.0761821
2003-07-10,15.4872,15.5267,14.7656,14.9475,14.9475,5341815.568479
2003-07-11,15.0256,15.2459,14.1113,14.2655,14.2655,11953590.102575
2003-07-14,13.3027,13.8237,13.1495,13.1595,13.1595,25912239.217637
2003-07-15,13.2079,13.535,13.1694,13.2355,13.2355,8372941.780914
2003-07-16,13.2544,13.3511,12.861,12.8708,12.8708,5037425.6217696
2003-07-17,12.861,13.1595,12.8234,13.0053,13.0053,5777509.5143774
2003-07-18,13.0241,13.2355,13.0142,13.1792,13.1792,4066866.6866652
2003-07-21,13.1694,13.1792,12.9371,13.0053,13.0053,2268587.6969423
2003-07-22,13.0626,13.1398,12.8887,13.1111,13.1111,3089757.7277455
2003-07-23,13.2445,13.3027,13.0537,13.0824,13.0824,2688997.2421953
2003-07-24,13.2168,13.4273,13.0725,13.0824,13.0824,4856224.4841003
2003-07-25,13.0725,13.3414,13.0626,13.3127,13.3127,1592752.5164665
2003-07-28,13.3324,13.4856,13.2445,13.3511,13.3511,3284992.7517819
2003-07-29,13.457,13.5153,13.3027,13.3997,13.3997,3503620.2844119
2003-07-30,13.4758,14.5917,13.4758,14.5432,14.5432,20967752.302644
2003-07-31,14.7843,15.2262,14.4869,14.9959,14.9959,10634356.220388
2003-08-01,14.2842,14.814,14.2842,14.6014,14.6014,5327781.6821118
2003-08-04,14.5333,14.6104,14.0925,14.3426,14.3426,5174960.9457465
2003-08-05,14.3426,14.6499,14.3129,14.3998,14.3998,4716193.1902821
2003-08-06,14.3998,14.3998,13.9572,14.0243,14.0243,7218684.726556
2003-08-07,14.0243,14.2556,13.9956,14.1972,14.1972,5162800.8073104
2003-08-08,14.1972,14.3228,14.1598,14.2655,14.2655,2600735.8230456
2003-08-11,14.2457,14.5333,14.1498,14.2269,14.2269,2450721.6616053
2003-08-12,14.3426,14.3426,14.1498,14.3129,14.3129,2549589.1820302
2003-08-13,14.3129,14.4691,14.2072,14.2655,14.2655,2715505.9190542
2003-08-14,14.3041,14.5917,14.2655,14.5531,14.5531,2080837.5472006
2003-08-15,14.5432,14.5432,14.3426,14.4098,14.4098,1296158.0491355
2003-08-18,14.4098,14.5057,14.3129,14.3426,14.3426,2266715.972497
2003-08-19,14.4295,14.4493,14.2941,14.4197,14.4197,2114519.4815279
2003-08-20,14.4197,15.1125,14.3998,14.9287,14.9287,6082521.6829971
2003-08-21,15.1501,15.4189,15.0256,15.075,15.075,4710889.633773
2003-08-22,15.1036,15.2262,14.8615,14.8615,14.8615,1938935.5406802
2003-08-25,14.8912,14.9573,14.736,14.7746,14.7746,2614771.7328988
2003-08-26,14.6697,14.9762,14.4197,14.9475,14.9475,3650200.5903026
2003-08-27,14.9662,15.3991,14.9199,15.0848,15.0848,5520831.3413908
2003-08-28,15.0948,15.4091,15.075,15.2657,15.2657,4113959.2737066
2003-08-29,15.2657,15.3705,15.2459,15.2855,15.2855,1606785.3910909
2003-09-02,15.1965,15.2756,14.8812,15.2262,15.2262,3349860.6505953
2003-09-03,15.2459,15.757,15.1965,15.7194,15.7194,4552771.4113565
2003-09-04,15.7194,15.9497,15.6798,15.833,15.833,5059567.616085
2003-09-05,15.833,15.8617,15.6798,15.7293,15.7293,3538861.314615
2003-09-08,15.757,15.7668,15.5167,15.6304,15.6304,3324600.4645285
2003-09-09,15.5356,15.6018,15.2657,15.4091,15.4091,3194236.374534
2003-09-10,15.3705,15.4575,15.3606,15.4091,15.4091,2229602.2061059
2003-09-11,15.4189,15.4189,15.2855,15.2855,15.2855,3049215.1645192
2003-09-12,15.2756,15.4475,15.2362,15.3606,15.3606,2565493.7810997
2003-09-15,15.3528,15.3892,15.2262,15.3705,15.3705,1435878.7378702
2003-09-16,15.3606,15.4091,15.2559,15.3705,15.3705,1412798.8578463
2003-09-17,15.3705,15.3705,15.2065,15.3241,15.3241,1781125.8998612
2003-09-18,15.2262,15.2559,15.0354,15.159,15.159,3558818.9559156
2003-09-19,15.1679,15.1679,15.0553,15.1225,15.1225,3552894.1892394
2003-09-22,15.1036,15.1501,14.9959,15.0256,15.0256,3309007.4822855
2003-09-23,15.0453,15.1313,14.9959,15.0553,15.0553,2601048.4516151
2003-09-24,15.075,15.1125,14.736,14.7459,14.7459,2732970.6257424
2003-09-25,14.7459,14.7459,14.2941,14.3129,14.3129,4848738.5980624
2003-09-26,14.2368,14.3426,14.0826,14.2072,14.2072,3041727.2549954
2003-09-29,14.2072,14.3327,14.1498,14.2368,14.2368,3470872.1888214
2003-09-30,14.2368,14.4197,14.0243,14.3129,14.3129,3276260.3984379
2003-10-01,14.3129,14.3614,14.1498,14.2655,14.2655,4334456.5072959
2003-10-02,14.2655,14.2655,14.1399,14.1875,14.1875,3141219.0208163
2003-10-03,14.4592,14.9475,14.4493,14.736,14.736,9251186.2546378
2003-10-06,14.736,14.7943,14.5917,14.7843,14.7843,3627120.7102786
2003-10-07,14.7557,14.8517,14.6204,14.7943,14.7943,4296720.5189945
2003-10-08,14.7656,14.9376,14.727,14.8714,14.8714,5818984.9045974
2003-10-09,14.9099,15.0948,14.9099,15.0059,15.0059,5232659.6340633
2003-10-10,14.9662,15.075,14.8615,14.9573,14.9573,2094872.4453108
2003-10-13,14.9573,15.0948,14.9573,15.0354,15.0354,2785990.0029461
2003-10-14,15.0553,15.3339,15.0156,15.2954,15.2954,5317489.2211491
2003-10-15,15.2954,15.2954,15.0059,15.1036,15.1036,3084145.5896386
2003-10-16,15.0848,15.2262,15.0059,15.1679,15.1679,3274075.0336803
2003-10-17,15.1679,15.1965,15.0948,15.1501,15.1501,2251433.5953376
2003-10-20,15.1313,15.1876,15.0354,15.1225,15.1225,2348428.3795743
2003-10-21,15.1225,15.2855,15.1036,15.1876,15.1876,2385230.5291389
2003-10-22,15.1876,15.2262,14.7656,15.075,15.075,2447604.4815968
2003-10-23,15.075,15.2262,15.0256,15.159,15.159,2152882.7504541
2003-10-24,15.159,15.1876,14.814,14.9959,14.9959,3449039.7878467
2003-10-27,14.9959,15.1965,14.8912,15.0948,15.0948,4581461.4060011
2003-10-28,15.1679,15.6018,15.1125,15.583,15.583,3803641.525092
2003-10-29,15.5544,16.007,15.4872,16.007,16.007,4595808.9326808
2003-10-30,16.007,16.0367,15.0354,15.3804,15.3804,8537299.4220623
2003-10-31,16.7187,18.3525,16.6891,18.2952,18.2952,27011913.751944
2003-11-03,18.2952,18.4217,17.5944,17.9097,17.9097,11168521.083477
2003-11-04,17.9097,17.9888,17.8544,17.9196,17.9196,5406140.1613317
2003-11-05,17.8821,18.6332,17.8346,18.4979,18.4979,7205901.3544667
2003-11-06,18.5274,18.7854,18.3723,18.6618,18.6618,3554453.285115
2003-11-07,18.6618,18.6618,18.3723,18.5363,18.5363,4888659.9511213
2003-11-10,18.4217,18.4217,18.0837,18.1212,18.1212,3253805.775553
2003-11-11,18.1509,18.1805,17.9591,18.0837,18.0837,2931950.1104124
2003-11-12,18.0837,18.0837,17.797,18.056,18.056,3702907.3389367
2003-11-13,18.0659,18.2102,17.9196,17.9492,17.9492,2834954.3144327
2003-11-14,17.9591,18.2793,17.8821,17.969,17.969,3313060.5245167
2003-11-17,17.969,17.969,17.4876,17.6338,17.6338,2066179.4154373
2003-11-18,17.6338,17.6338,17.026,17.2563,17.2563,5443175.0117733
2003-11-19,17.2465,17.3137,16.9786,17.2089,17.2089,3636789.9375883
2003-11-20,17.0725,17.2189,16.9973,17.1506,17.1506,3423776.566551
2003-11-21,16.9006,17.2762,16.6791,17.2762,17.2762,3356099.057584
2003-11-24,17.2465,17.3137,17.121,17.1902,17.1902,2795662.2654846
2003-11-25,17.2189,17.4579,17.1802,17.2276,17.2276,3072604.6378837
2003-11-26,17.2465,17.4115,17.0725,17.3433,17.3433,2213074.3733832
2003-11-28,17.2465,17.286,17.1605,17.2,17.2,1484843.0493568
2003-12-01,17.2959,17.4115,17.2089,17.3532,17.3532,1968562.4092904
2003-12-02,17.3532,18.0372,17.3532,17.9295,17.9295,4826595.5920041
2003-12-03,17.9097,18.3436,17.7377,17.8444,17.8444,3579717.5181536
2003-12-04,17.8346,17.9295,17.7081,17.8721,17.8721,1826971.0078535
2003-12-05,17.8148,17.9295,17.7278,17.7871,17.7871,1224425.4744515
2003-12-08,17.7575,18.1706,17.7475,18.1024,18.1024,2310069.1576199
2003-12-09,17.9977,18.0659,17.7772,17.8721,17.8721,2008169.110294
2003-12-10,17.8721,17.8918,17.4579,17.5459,17.5459,1771145.055725
2003-12-11,17.5163,17.9977,17.5074,17.9888,17.9888,1711264.0378794
2003-12-12,17.9888,18.2952,17.9492,18.1212,18.1212,2254551.7870891
2003-12-15,18.2496,18.2496,17.797,17.8247,17.8247,2896394.4281539
2003-12-16,17.7871,17.8346,17.5549,17.6892,17.6892,2792228.4099348
2003-12-17,17.7081,17.7871,17.5262,17.7179,17.7179,1581835.8101076
2003-12-18,17.797,17.8444,17.6705,17.7674,17.7674,2489394.5238722
2003-12-19,17.8148,17.8148,17.6705,17.6705,17.6705,1664169.4273521
2003-12-22,17.5163,17.7772,17.5074,17.7674,17.7674,2087701.2113283
2003-12-23,17.7278,17.9393,17.7278,17.9295,17.9295,2340319.2598833
2003-12-24,17.9295,17.9977,17.8622,17.9591,17.9591,659617.95283675
2003-12-26,17.9492,17.9788,17.9097,17.9393,17.9393,582272.22830301
2003-12-29,18.0075,18.1024,17.9097,17.9788,17.9788,3010229.6736829
2003-12-30,18.0372,18.2793,17.9977,18.2793,18.2793,3833270.4171882
2003-12-31,18.2952,18.5936,18.2952,18.4415,18.4415,2105788.1399267
2004-01-02,18.4612,18.5176,18.3822,18.392,18.392,1783309.241133
2004-01-05,18.4415,18.4415,18.0737,18.2299,18.2299,3527006.7225477
2004-01-06,18.22,18.4513,18.1607,18.392,18.392,2237089.1038868
2004-01-07,18.3822,18.5363,18.22,18.4415,18.4415,3170845.8894267
2004-01-08,18.5176,18.5274,18.3525,18.4019,18.4019,3814868.8365344
2004-01-09,18.3436,18.4809,18.3238,18.3624,18.3624,1621128.8707988
2004-01-12,18.3822,18.5749,18.3436,18.5363,18.5363,2004428.6966324
2004-01-13,18.5462,18.6332,18.3822,18.4712,18.4712,2747626.7340198
2004-01-14,18.5936,18.5936,18.2496,18.392,18.392,4276134.5853261
2004-01-15,18.4217,18.5076,18.0372,18.4415,18.4415,2659367.3383561
2004-01-16,18.4415,18.7272,18.4315,18.7272,18.7272,3974239.5967149
2004-01-20,18.7567,19.0454,18.7369,18.7765,18.7765,3798028.3752423
2004-01-21,18.7765,18.7765,18.4415,18.7469,18.7469,3521395.5961838
2004-01-22,18.7567,18.9782,18.6895,18.9298,18.9298,2831211.8772854
2004-01-23,19.3043,19.6225,19.1896,19.4111,19.4111,3720995.279278
2004-01-26,19.4012,19.5356,19.0177,19.5356,19.5356,2776946.0327754
2004-01-27,19.498,19.584,19.2094,19.5079,19.5079,2497192.0267367
2004-01-28,19.5079,19.8351,19.2746,19.3043,19.3043,3014906.96131
2004-01-29,19.3043,19.7105,19.1996,19.5266,19.5266,3119388.6433275
2004-01-30,19.5266,20.007,19.4793,19.8835,19.8835,3092253.6975866
2004-02-02,19.8835,20.5082,19.8449,20.2285,20.2285,4180076.675055
2004-02-03,20.2285,20.2285,19.8252,20.1811,20.1811,3434382.6678263
2004-02-04,20.007,20.1998,19.8835,20.1049,20.1049,2135728.6488495
2004-02-05,20.1544,20.266,19.8835,19.9131,19.9131,2824663.8769559
2004-02-06,18.3238,19.1402,18.1212,18.1311,18.1311,29392151.329657
2004-02-09,17.9393,18.2596,17.5361,17.5845,17.5845,12358720.305898
2004-02-10,17.4778,17.6141,17.3918,17.4115,17.4115,6607409.8750388
2004-02-11,17.4115,17.4215,17.2465,17.3918,17.3918,5826159.1738087
2004-02-12,17.3918,17.5845,17.112,17.1506,17.1506,6568426.4076882
2004-02-13,17.1506,17.2,16.9589,17.0073,17.0073,5458457.3889329
2004-02-17,17.0073,17.5262,17.0073,17.4778,17.4778,3668288.5306438
2004-02-18,17.4312,17.6615,17.2762,17.5944,17.5944,4592064.4720475
2004-02-19,17.7475,17.7475,17.6141,17.6528,17.6528,4496631.8189154
2004-02-20,17.6241,17.6992,17.4778,17.6615,17.6615,3770894.4412444
2004-02-23,17.6438,17.6992,17.5944,17.6438,17.6438,2270148.8163038
2004-02-24,17.6438,17.7871,17.6043,17.7278,17.7278,3588759.4648384
2004-02-25,17.7278,17.8998,17.6528,17.8544,17.8544,2788797.5896138
2004-02-26,17.8544,17.8918,17.6043,17.6338,17.6338,3286552.8594006
2004-02-27,17.6992,17.8998,17.6043,17.7772,17.7772,2657183.9970843
2004-03-01,17.8544,18.0372,17.7377,17.969,17.969,2734531.745104
2004-03-02,17.9393,18.1024,17.8721,17.8918,17.8918,2756051.5175092
2004-03-03,17.8622,18.2399,17.797,18.1706,18.1706,2515281.9905638
2004-03-04,18.2003,18.22,18.0737,18.1024,18.1024,1278692.3307044
2004-03-05,17.9591,18.2003,17.9393,18.0075,18.0075,2220247.6308516
2004-03-08,18.056,18.056,17.8444,17.969,17.969,1556886.2291244
2004-03-09,17.8821,17.9977,17.7475,17.9295,17.9295,2056823.8284401
2004-03-10,17.8918,17.8918,17.5845,17.5845,17.5845,2060877.8824141
2004-03-11,17.5459,17.6794,17.4579,17.4679,17.4679,3611839.3448622
2004-03-12,17.7278,17.8049,17.5262,17.6794,17.6794,2008795.3791759
2004-03-15,17.7278,17.8721,17.6338,17.7475,17.7475,2952219.3685397
2004-03-16,17.7575,18.141,17.7475,17.969,17.969,5561064.3112763
2004-03-17,17.969,18.392,17.797,18.3337,18.3337,2898576.7576828
2004-03-18,18.2793,18.4979,18.2299,18.4513,18.4513,2155063.0564971
2004-03-19,18.3822,18.5274,18.2299,18.3337,18.3337,2491579.8886299
2004-03-22,18.3436,18.4415,17.9788,18.056,18.056,2037487.3973066
2004-03-23,18.046,18.1805,17.8444,17.9977,17.9977,2798462.7699517
2004-03-24,18.0174,18.4118,17.797,18.304,18.304,3234780.9612461
2004-03-25,18.2873,18.3525,17.9788,18.1706,18.1706,2779752.6077003
2004-03-26,18.1607,18.5838,18.0174,18.4118,18.4118,2012537.8163234
2004-03-29,18.4315,18.4809,18.2695,18.2952,18.2952,1898703.5825374
2004-03-30,18.2793,18.7469,18.2695,18.6718,18.6718,2265155.8648783
2004-03-31,18.6985,19.0651,18.6233,18.9198,18.9198,3245698.6793479
2004-04-01,18.9198,19.1896,18.8635,19.1798,19.1798,3271581.0873248
2004-04-02,19.2391,19.4506,19.1798,19.4506,19.4506,3320859.039124
2004-04-05,21.0854,22.1222,21.0854,21.6626,21.6626,18609652.672275
2004-04-06,21.6439,21.6439,21.3947,21.6063,21.6063,5159681.603816
2004-04-07,21.6439,22.1518,21.547,22.1222,22.1222,5844248.1258931
2004-04-08,22.1222,22.6144,21.9612,21.9612,21.9612,5440055.808279
2004-04-12,22.1222,22.2764,22.0175,22.1716,22.1716,2563934.6852241
2004-04-13,22.2567,22.5463,22.0372,22.1321,22.1321,3592503.9254717
2004-04-14,22.0559,22.2478,21.7595,21.883,21.883,4350050.5012819
2004-04-15,21.883,21.883,20.9618,21.1645,21.1645,6428081.4735576
2004-04-16,21.1645,21.1645,20.8176,20.9125,20.9125,4304515.9983731
2004-04-19,20.9816,21.2218,20.9223,21.2031,21.2031,4025387.2494734
2004-04-20,21.2485,21.4798,21.1645,21.2218,21.2218,3512350.6142701
2004-04-21,21.1931,21.287,20.8541,21.1348,21.1348,3640843.9915624
2004-04-22,21.1348,21.5667,21.0469,21.4798,21.4798,4122381.021967
2004-04-23,21.4511,21.5767,21.3067,21.4047,21.4047,3902508.0337738
2004-04-26,21.375,21.5667,21.0666,21.1051,21.1051,3089448.1344048
2004-04-27,21.1051,21.2218,20.9905,21.2031,21.2031,2996504.3689132
2004-04-28,21.8257,21.8257,20.6417,21.1832,21.1832,3715695.7697407
2004-04-29,21.1832,21.3454,20.7206,20.7879,20.7879,3488026.2904259
2004-04-30,20.7879,20.9421,20.007,20.6812,20.6812,6906497.2769821
2004-05-03,20.605,21.1348,20.4893,21.1348,21.1348,4006050.81834
2004-05-04,21.1348,21.2307,20.863,21.1151,21.1151,3908433.8121932
2004-05-05,21.1151,21.4511,21.0666,21.3157,21.3157,4145461.9137339
2004-05-06,21.3157,21.4047,21.0854,21.3067,21.3067,4531874.8726043
2004-05-07,21.2772,21.3067,21.1249,21.1545,21.1545,4464508.9804638
2004-05-10,20.9994,21.0291,20.3935,20.5082,20.5082,6007982.5333882
2004-05-11,20.4796,20.614,20.4311,20.605,20.605,4457023.0944259
2004-05-12,20.605,20.8541,20.276,20.8541,20.8541,3283121.0273368
2004-05-13,20.779,21.4709,20.779,21.4511,21.4511,4878368.5019016
2004-05-14,21.3257,21.624,21.1645,21.4709,21.4709,2921968.2545332
2004-05-17,21.4324,21.4422,21.0764,21.1545,21.1545,3083834.984555
2004-05-18,21.1545,21.2772,20.9994,21.0469,21.0469,3866329.1178624
2004-05-19,21.1348,21.2485,20.8728,20.8828,20.8828,3394147.6744549
2004-05-20,20.863,20.9994,20.7206,20.8828,20.8828,2294160.5115786
2004-05-21,20.8728,21.1447,20.8541,21.0192,21.0192,2207461.2235334
2004-05-24,21.1151,21.1832,21.0092,21.0854,21.0854,2334395.50495
2004-05-25,20.9718,21.2307,20.779,21.1931,21.1931,2529941.1340702
2004-05-26,21.1645,21.4047,21.1545,21.3553,21.3553,2415481.6431453
2004-05-27,21.375,21.5964,21.287,21.5667,21.5667,3730663.4948447
2004-05-28,21.5667,21.797,21.4709,21.7406,21.7406,2365269.8526094
2004-06-01,21.7406,21.8346,21.6537,21.7683,21.7683,3924962.6566588
2004-06-02,21.7506,21.9512,21.6162,21.8445,21.8445,2259232.109945
2004-06-03,21.8445,22.0559,21.6922,21.9127,21.9127,2801272.3801055
2004-06-04,21.9512,22.228,21.9127,22.0748,22.0748,1836327.6065937
2004-06-07,22.0273,22.2665,21.9612,22.1222,22.1222,2073352.6729056
2004-06-08,22.0461,22.0936,21.9225,22.0748,22.0748,2087075.9541893
2004-06-09,22.0273,22.1321,21.8543,21.8543,21.8543,2170347.4571424
2004-06-10,21.8069,22.1034,21.8069,22.0846,22.0846,1672905.8276681
2004-06-14,21.9612,21.9986,21.8257,21.883,21.883,2184382.3552525
2004-06-15,21.9512,22.2665,21.9512,22.1034,22.1034,2751683.8232228
2004-06-16,22.0559,22.4326,21.9986,22.228,22.228,2758545.4638646
2004-06-17,22.228,22.228,21.7219,21.9423,21.9423,3628679.8061544
2004-06-18,21.9512,22.2764,21.9225,22.1716,22.1716,1887473.2358663
2004-06-21,22.1222,22.1222,21.4798,21.5667,21.5667,4687502.1838943
2004-06-22,21.4798,21.7219,21.4798,21.5865,21.5865,3479603.5304226
2004-06-23,21.5767,21.9028,21.5667,21.883,21.883,1823851.8043592
2004-06-24,21.8643,21.9423,21.4511,21.5283,21.5283,2541481.0740821
2004-06-25,21.3651,21.547,21.2218,21.547,21.547,3996071.9976896
2004-06-28,21.6439,21.9028,21.3651,21.4224,21.4224,2251746.2239071
2004-06-29,21.3848,22.1133,21.3553,22.0086,22.0086,3149636.722105
2004-06-30,22.0748,22.1618,21.9028,22.0659,22.0659,1794848.169402
2004-07-01,21.9986,22.0461,21.7219,21.8741,21.8741,2643463.7510295
2004-07-02,21.8158,22.0936,21.7595,22.0659,22.0659,1824476.0497553
2004-07-06,21.9512,21.9699,21.6824,21.7219,21.7219,2131673.5831325
2004-07-07,21.7219,21.9512,21.547,21.7406,21.7406,2569547.8350737
2004-07-08,21.6725,21.7309,21.3257,21.3553,21.3553,2213388.0136957
2004-07-09,21.4047,21.4224,20.9223,20.9905,20.9905,4452968.028709
2004-07-12,20.9905,21.3157,20.9125,21.2673,21.2673,3770894.4412444
2004-07-13,21.3157,21.6725,21.1645,21.2673,21.2673,2611651.5176615
2004-07-14,21.1051,21.4324,21.0666,21.1151,21.1151,2155063.0564971
2004-07-15,21.1151,21.2395,20.8828,21.1051,21.1051,2905437.3865817
2004-07-16,21.1447,21.2307,20.8927,20.8927,20.8927,1962327.0375305
2004-07-19,20.9421,21.1832,20.8076,21.1151,21.1151,1919909.7146303
2004-07-20,21.1151,21.1249,20.7306,20.8927,20.8927,2199352.1038424
2004-07-21,20.8927,21.1249,20.7306,20.7306,20.7306,1729977.2353598
2004-07-22,20.6812,20.6812,20.2285,20.5082,20.5082,2148516.0679105
2004-07-23,20.4499,20.4499,20.1148,20.1811,20.1811,2281997.3379135
2004-07-26,20.1899,20.2285,20.0169,20.2196,20.2196,2833083.6017305
2004-07-27,20.2196,20.2196,19.1501,19.6522,19.6522,6480788.2221918
2004-07-28,19.5079,19.6908,19.1896,19.4793,19.4793,3430326.5903664
2004-07-29,19.7195,20.0555,19.5939,19.9785,19.9785,2961887.5841063
2004-07-30,19.9785,19.9785,19.7195,19.8835,19.8835,1702531.6845354
2004-08-02,19.8638,19.9508,19.6612,19.8934,19.8934,2487525.8346559
2004-08-03,19.8835,20.3737,19.8252,20.0654,20.0654,3614021.6743911
2004-08-04,20.6812,20.6812,19.4111,19.4309,19.4309,10152820.201726
2004-08-05,19.4793,19.9695,19.2292,19.2746,19.2746,3427207.3868719
2004-08-06,19.1037,19.2746,18.8921,18.9782,18.9782,3030812.5721225
2004-08-09,19.1135,19.5079,18.9782,19.4111,19.4111,2968748.2130052
2004-08-10,19.4605,20.007,19.4605,19.9882,19.9882,3256923.9673044
2004-08-11,19.9418,20.1544,19.6908,20.1049,20.1049,2854291.7573091
2004-08-12,20.1049,20.1049,19.7482,20.0466,20.0466,3102545.1468064
2004-08-13,20.0654,20.1899,20.0268,20.1622,20.1622,2139159.4691704
2004-08-16,20.1247,20.4796,20.0752,20.4114,20.4114,2725485.7514474
2004-08-17,20.4114,20.5952,20.3649,20.4409,20.4409,3063871.2727966
2004-08-18,20.4212,20.4893,20.1049,20.4212,20.4212,3359531.9013909
2004-08-19,20.4212,20.605,20.3935,20.5665,20.5665,1762725.3309504
2004-08-20,20.4696,20.6812,20.3253,20.6614,20.6614,2162861.5711044
2004-08-23,20.6417,20.7592,20.4499,20.5566,20.5566,2459457.0501783
2004-08-24,20.5665,20.7306,20.518,20.7009,20.7009,2595432.2665367
2004-08-25,20.691,21.0764,20.6238,21.0469,21.0469,2193737.9422498
2004-08-26,21.0469,21.1734,20.9223,21.1447,21.1447,1812312.8760902
2004-08-27,21.1348,21.3454,21.0567,21.2574,21.2574,2220869.8527618
2004-08-30,21.287,21.3848,21.2119,21.2395,21.2395,2060566.2655874
2004-08-31,21.2772,21.3848,21.1734,21.3454,21.3454,3018649.3984574
2004-09-01,21.287,21.6537,21.1832,21.624,21.624,2592940.3436671
2004-09-02,21.624,22.0559,21.4896,21.9986,21.9986,2989958.3920697
2004-09-03,21.9986,22.1716,21.9612,22.0748,22.0748,2012849.4331499
2004-09-07,22.2665,22.4227,22.0748,22.1222,22.1222,4884294.2803208
2004-09-08,22.0273,22.1222,21.8346,21.8643,21.8643,3627434.3505911
2004-09-09,21.883,22.0086,21.7219,21.7595,21.7595,2931950.1104124
2004-09-10,21.7309,21.9799,21.6922,21.797,21.797,1961391.1753078
2004-09-13,21.634,22.0175,21.538,22.0175,22.0175,2558008.9068047
2004-09-14,22.0559,22.142,21.8257,21.9612,21.9612,2764470.2305409
2004-09-15,22.0748,22.1518,21.8929,22.1222,22.1222,2901384.3443506
2004-09-16,22.1222,22.3644,22.0748,22.228,22.228,2517777.9604052
2004-09-17,22.228,22.3743,22.0559,22.2764,22.2764,3856348.2737262
2004-09-20,22.2012,22.5077,22.2012,22.4603,22.4603,2709891.7574615
2004-09-21,22.5077,22.576,22.3051,22.4889,22.4889,3595309.4886537
2004-09-22,22.3544,22.3544,21.9986,22.0372,22.0372,2271083.6667835
2004-09-23,22.0372,22.0372,21.6162,21.7121,21.7121,3556010.3575049
2004-09-24,21.7121,21.7121,21.538,21.5767,21.5767,4307945.8069511
2004-09-27,21.6439,21.883,21.6162,21.6725,21.6725,2395834.6069283
2004-09-28,21.7406,22.0461,21.6725,22.0175,22.0175,2619448.0087831
2004-09-29,22.0175,22.2012,21.8346,22.1518,22.1518,1914296.5647805
2004-09-30,22.0936,22.4425,22.0559,22.3249,22.3249,4162611.9683668
2004-10-01,22.3249,22.6342,22.2665,22.6342,22.6342,2731723.1466933
2004-10-04,22.6639,23.1521,22.6342,23.0849,23.0849,5663983.8621892
2004-10-05,23.1046,23.3369,22.8645,22.903,22.903,3092878.9547257
2004-10-06,23.0671,23.0671,22.6441,23.0375,23.0375,2540852.7817143
2004-10-07,23.0079,23.2885,22.4889,22.5463,22.5463,4567114.8910643
2004-10-08,22.5463,22.5947,22.3249,22.4227,22.4227,3207647.0272483
2004-10-11,22.4978,22.7291,22.2962,22.3544,22.3544,2387723.4637513
2004-10-12,22.2863,22.3347,22.0086,22.1716,22.1716,3118450.757619
2004-10-13,22.2863,22.3249,21.9423,22.0748,22.0748,2325660.116377
2004-10-14,22.228,22.3644,21.883,21.9127,21.9127,4552144.1307315
2004-10-15,21.9028,21.9127,21.0092,21.5093,21.5093,6825721.7438704
2004-10-18,21.538,21.547,21.3067,21.3454,21.3454,3144958.422735
2004-10-19,21.2574,21.2574,18.5936,19.1501,19.1501,26924898.800101
2004-10-20,19.1037,19.6028,18.6895,19.1996,19.1996,15658994.423096
2004-10-21,19.1996,19.4309,18.7567,18.7765,18.7765,7537424.2234311
2004-10-22,18.7854,19.333,18.6618,18.8734,18.8734,3461201.9497687
2004-10-25,18.8338,19.4209,18.7953,19.1798,19.1798,3671719.3509648
2004-10-26,19.8835,20.4409,19.7856,20.3649,20.3649,6160802.2580105
2004-10-27,20.2285,20.6614,19.9982,20.5763,20.5763,3768712.1117156
2004-10-28,20.5379,20.5467,19.9595,20.2285,20.2285,5185876.6403624
2004-10-29,20.1811,20.4499,20.1444,20.3451,20.3451,3174589.338317
2004-11-01,20.3649,20.4014,20.1544,20.2473,20.2473,2982163.9244341
2004-11-02,20.2196,20.5467,20.1345,20.3451,20.3451,3081960.2248809
2004-11-03,20.6812,21.624,20.5566,20.9322,20.9322,9210017.4225295
2004-11-04,20.8453,21.3157,20.8453,21.287,21.287,4744571.5681003
2004-11-05,21.3067,21.3848,20.7978,21.0854,21.0854,4207832.8309631
2004-11-08,21.0854,21.4136,21.0764,21.375,21.375,2539920.9664634
2004-11-09,22.2102,22.6727,22.0559,22.1716,22.1716,10065494.644799
2004-11-10,22.1716,22.4425,22.0273,22.3051,22.3051,3242264.8237981
2004-11-11,22.3841,22.5077,22.1716,22.4603,22.4603,2219937.025768
2004-11-12,22.4128,22.4514,21.8069,22.4227,22.4227,4848738.5980624
2004-11-15,22.3841,23.0473,22.3644,22.6727,22.6727,4937623.2508652
2004-11-16,22.5265,22.7014,22.2102,22.2863,22.2863,2856787.7271504
2004-11-17,22.2863,22.5166,22.0659,22.1815,22.1815,3627743.9439318
2004-11-18,22.315,22.4425,21.8929,21.9512,21.9512,3748129.2132759
2004-11-19,21.9512,22.1618,21.8069,21.8445,21.8445,3444674.1170461
2004-11-22,21.7683,22.2478,21.4511,22.1618,22.1618,4253679.9624413
2004-11-23,22.1618,22.5561,22.1618,22.5166,22.5166,3963010.2617866
2004-11-24,22.5363,22.5463,22.2863,22.4514,22.4514,1939247.1575067
2004-11-26,22.3941,22.654,22.3941,22.5363,22.5363,479353.68913299
2004-11-29,22.4889,22.6639,21.9127,22.4691,22.4691,3701347.231318
2004-11-30,22.3644,22.5363,22.1716,22.4514,22.4514,3493325.7999633
2004-12-01,23.2786,24.8373,23.2786,24.3086,24.3086,15515218.668645
2004-12-02,24.3382,24.4321,23.8074,24.009,24.009,5480601.406734
2004-12-03,24.009,24.0861,23.8647,23.9992,23.9992,2478169.2359157
2004-12-06,23.855,24.2206,23.6928,24.1919,24.1919,3245698.6793479
2004-12-07,24.1919,24.3658,24.0576,24.1257,24.1257,3924650.0280892
2004-12-08,24.1732,24.7503,24.1632,24.7415,24.7415,4350672.723192
2004-12-09,24.7316,25.6824,24.5577,25.6538,25.6538,6379117.1620709
2004-12-10,26.1153,26.1153,25.5105,25.9711,25.9711,5784992.3651864
2004-12-13,25.9711,26.1825,25.808,25.8761,25.8761,4626996.9206529
2004-12-14,25.8761,26.0185,25.7496,25.8761,25.8761,3099113.3147426
2004-12-15,25.9711,26.2309,25.8574,26.068,26.068,3550399.231141
2004-12-16,25.9996,26.058,25.3286,25.6171,25.6171,5762850.3708711
2004-12-17,25.4125,25.5886,25.2802,25.3661,25.3661,4127369.9264208
2004-12-20,25.4906,25.7793,25.4906,25.6538,25.6538,3688248.1954304
2004-12-21,25.5687,25.9324,25.4619,25.8761,25.8761,3502059.1650503
2004-12-22,25.8574,25.8761,25.6271,25.6637,25.6637,3219184.9437743
2004-12-23,25.6369,25.721,25.5005,25.6458,25.6458,2161615.1037982
2004-12-27,25.6538,25.7496,25.5391,25.6637,25.6637,1810754.7919574
2004-12-28,25.6538,26.7025,25.5886,26.3555,26.3555,3624313.1236109
2004-12-29,26.1924,26.3259,26.1054,26.1825,26.1825,1950161.8403795
2004-12-30,26.1825,26.1825,25.9324,26.0185,26.0185,1730602.4924988
2004-12-31,26.0185,26.2803,25.7694,26.1529,26.1529,1403440.2356203
2005-01-03,26.143,26.2803,25.6171,25.6538,25.6538,2698353.8409354
2005-01-04,25.6369,25.6369,25.2999,25.4619,25.4619,4343501.4892095
2005-01-05,25.5292,25.7398,25.29,25.3098,25.3098,4035990.3155198
2005-01-06,25.2603,25.3473,25.0479,25.3196,25.3196,4718376.5315538
2005-01-07,25.2999,25.4906,25.1557,25.2702,25.2702,3326784.8175433
2005-01-10,25.2317,25.6735,25.2317,25.6637,25.6637,3878492.2915273
2005-01-11,25.6271,26.0877,25.4709,25.9711,25.9711,3999188.1659552
2005-01-12,26.1924,26.4819,26.0877,26.4524,26.4524,4857160.3463229
2005-01-13,26.5206,26.6164,26.4524,26.4919,26.4919,3861027.5848392
2005-01-14,26.4919,26.7509,26.4425,26.7222,26.7222,3162112.5243395
2005-01-18,26.4919,26.7805,26.4425,26.5976,26.5976,3026447.9130648
2005-01-19,26.5976,26.6066,26.2409,26.2706,26.2706,2367762.7872219
2005-01-20,26.2409,26.2992,25.721,25.9898,25.9898,2923217.7570682
2005-01-21,25.8673,26.143,25.6735,25.7022,25.7022,1648266.8517684
2005-01-24,25.7121,25.9226,25.5292,25.6735,25.6735,2135104.4034534
2005-01-25,25.6735,25.9137,25.5203,25.5886,25.5886,2034681.8341247
2005-01-26,25.5687,25.6637,25.5005,25.5974,25.5974,2006300.4210776
2005-01-27,25.6171,25.9898,25.5786,25.8277,25.8277,2144462.0139365
2005-01-28,25.808,25.8574,25.202,25.202,25.202,2886724.1891014
2005-01-31,25.3661,25.7595,25.3661,25.7298,25.7298,2370258.7570631
2005-02-01,25.8574,26.4919,25.8574,26.4722,26.4722,3516094.0631607
2005-02-02,26.4722,26.5106,26.2309,26.3259,26.3259,2121696.7859681
2005-02-03,26.2122,26.3357,26.1243,26.2706,26.2706,1962014.408961
2005-02-04,26.309,26.7321,26.2309,26.6738,26.6738,3378243.0753853
2005-02-07,26.5106,26.7321,26.1341,26.5976,26.5976,4282997.2377108
2005-02-08,26.5878,26.9238,26.4524,26.9051,26.9051,2962511.8295024
2005-02-09,27.2322,28.2127,27.0098,27.3676,27.3676,10262286.741225
2005-02-10,27.9913,28.1357,27.5199,27.8855,27.8855,4956647.0534291
2005-02-11,27.9428,28.7809,27.8391,28.7513,28.7513,5051458.496394
2005-02-14,28.4726,28.7513,28.4637,28.6644,28.6644,6113083.402087
2005-02-15,28.5497,28.9925,28.5399,28.9045,28.9045,3992951.7824523
2005-02-16,28.9045,28.9342,28.7128,28.7612,28.7612,3889723.6499416
2005-02-17,28.5201,28.694,28.3283,28.444,28.444,4591130.6333108
2005-02-18,28.4539,29.0785,28.444,28.8473,28.8473,3368888.500131
2005-02-22,28.5893,28.607,28.106,28.2799,28.2799,5241079.3588378
2005-02-23,28.2513,28.7316,28.2315,28.7029,28.7029,3109093.1471358
2005-02-24,28.617,28.8651,28.4726,28.7612,28.7612,2263285.1521761
2005-02-25,28.6456,29.3296,28.617,29.3098,29.3098,2975300.2603063
2005-02-28,28.8294,29.3098,28.694,29.1171,29.1171,3051085.8772215
2005-03-01,28.9728,29.628,28.9728,29.4264,29.4264,2327530.8290793
2005-03-02,29.1744,29.7339,29.0222,29.4551,29.4551,2534929.026781
2005-03-03,29.4551,29.5697,28.8383,28.8473,28.8473,3573479.1111649
2005-03-04,28.9728,29.1557,28.8383,28.9145,28.9145,4399638.0464217
2005-03-07,28.9145,28.9244,28.617,28.7809,28.7809,4058758.5787171
2005-03-08,28.8096,28.8551,28.4054,28.4539,28.4539,3099738.5718816
2005-03-09,28.3757,28.5893,27.9231,28.0694,28.0694,3438124.0932308
2005-03-10,28.0595,28.2611,27.9913,28.2028,28.2028,3218250.0932945
2005-03-11,28.2315,28.3283,27.9231,27.9616,27.9616,3037675.2245072
2005-03-14,28.0101,28.2799,27.7314,27.7512,27.7512,3779939.423158
2005-03-15,27.7709,28.2413,27.7709,27.8855,27.8855,4492576.7531985
2005-03-16,27.7808,27.8094,27.1739,27.3676,27.3676,3050460.6200824
2005-03-17,27.4645,27.7314,27.1166,27.5396,27.5396,2096431.5411865
2005-03-18,27.4822,27.6552,27.3854,27.6157,27.6157,2591689.8293891
2005-03-21,27.6157,27.7709,27.3676,27.6918,27.6918,3035179.254666
2005-03-22,27.6068,28.0012,27.1254,27.251,27.251,3081649.6197972
2005-03-23,27.251,27.8489,27.251,27.6157,27.6157,4200662.6087234
2005-03-24,27.5396,27.8944,27.4447,27.6552,27.6552,1870009.540921
2005-03-28,27.6552,28.0397,27.5296,27.8588,27.8588,2364960.2592687
2005-03-29,28.02,28.106,27.5001,27.5782,27.5782,2401760.3853474
2005-03-30,27.7314,28.3383,27.4546,28.3383,28.3383,3407559.3389121
2005-03-31,28.367,28.7612,28.2611,28.6367,28.6367,3895334.7763055
2005-04-01,28.6644,28.8651,28.4539,28.5201,28.5201,3856660.9022956
2005-04-04,28.4914,28.4914,28.1357,28.2127,28.2127,3971119.3814777
2005-04-05,28.1741,28.6743,28.1544,28.5893,28.5893,3001807.9254223
2005-04-06,28.6644,29.29,28.6644,29.1557,29.1557,3159618.5779842
2005-04-07,29.0974,29.3296,28.9244,29.2436,29.2436,1808569.4271997
2005-04-08,29.2436,29.465,28.9531,28.9629,28.9629,2012849.4331499
2005-04-11,28.9629,29.127,28.8294,28.9629,28.9629,2040603.5655722
2005-04-12,29.0597,29.7704,29.032,29.6667,29.6667,5232034.3769243
2005-04-13,29.6667,29.7339,29.2436,29.3671,29.3671,2649387.5059629
2005-04-14,29.3671,29.3671,28.4539,28.7415,28.7415,4187563.5728358
2005-04-15,28.7415,29.3573,28.5793,28.8651,28.8651,4181949.4112431
2005-04-18,28.5696,28.9342,27.4645,27.8855,27.8855,6317676.0366067
2005-04-19,27.9616,28.4539,27.8944,28.4054,28.4054,2628181.3738701
2005-04-20,28.4054,28.4726,27.9428,28.1741,28.1741,2931324.8532734
2005-04-21,28.348,28.5893,28.0397,28.5696,28.5696,2184382.3552525
2005-04-22,28.4637,28.6456,28.1454,28.2127,28.2127,1874062.5831521
2005-04-25,28.2898,28.7029,28.2799,28.5596,28.5596,1931448.6428993
2005-04-26,28.5696,28.6367,28.0595,28.0595,28.0595,1796408.2770206
2005-04-27,28.0595,29.1072,27.9331,29.032,29.032,3673589.0519242
2005-04-28,29.0597,29.1171,28.5013,28.5112,28.5112,2073352.6729056
2005-04-29,28.6555,29.6083,28.5696,29.4926,29.4926,4048465.1060113
2005-05-02,29.5026,29.974,29.3098,29.5609,29.5609,3081336.9912278
2005-05-03,29.5313,30.3299,29.4739,30.2824,30.2824,4713074.9985306
2005-05-04,30.916,31.7433,30.571,31.0316,31.0316,8208583.1280228
2005-05-05,30.8389,31.2609,30.6669,30.906,30.906,3217316.2545579
2005-05-06,30.9842,31.3776,30.9456,31.251,31.251,2606661.601465
2005-05-09,30.9357,31.6267,30.7826,31.5317,31.5317,3283434.6676493
2005-05-10,31.3094,31.6167,31.1086,31.1838,31.1838,2572356.4334845
2005-05-11,31.0415,31.2995,30.8389,31.0791,31.0791,3447793.3205404
2005-05-12,31.1551,31.2025,30.9258,30.9842,30.9842,2896707.0567235
2005-05-13,31.0129,31.0129,29.8476,30.3793,30.3793,3149013.4884519
2005-05-16,30.3299,30.6382,30.3299,30.581,30.581,3583769.5486417
2005-05-17,30.4841,31.0889,30.2824,30.9644,30.9644,3261290.6498479
2005-05-18,31.2025,31.4428,30.7439,30.9456,30.9456,3803019.3031819
2005-05-19,30.8972,31.0889,30.7628,30.9742,30.9742,3017404.9546372
2005-05-20,30.9742,31.251,30.9456,31.2322,31.2322,2876747.3919369
2005-05-23,31.2609,31.2708,30.8487,31.0791,31.0791,3650200.5903026
2005-05-24,30.9357,31.1463,30.9258,31.0988,31.0988,3103481.0090291
2005-05-25,31.0889,31.2807,30.906,31.1086,31.1086,2359967.3078432
2005-05-26,31.1938,31.7334,31.1739,31.6553,31.6553,2243638.1159591
2005-05-27,31.589,31.7729,31.4625,31.7047,31.7047,2081775.4329091
2005-05-31,31.7047,31.7244,31.1838,31.1838,31.1838,4374998.0587792
2005-06-01,31.1938,31.6849,31.0702,31.5604,31.5604,3364833.4344141
2005-06-02,31.4241,31.5317,31.1176,31.2609,31.2609,3089757.7277455
2005-06-03,31.0889,31.7334,31.0702,31.6069,31.6069,2830277.0268056
2005-06-06,31.5218,32.2435,31.3577,32.1268,32.1268,4729290.2026839
2005-06-07,32.0596,32.4548,31.9854,32.2899,32.2899,3711951.3091074
2005-06-08,32.2899,32.3768,32.0872,32.2435,32.2435,2537113.3797956
2005-06-09,32.1851,33.0321,32.1851,33.0321,33.0321,4050651.482512
2005-06-10,32.9748,33.2842,32.9174,33.0806,33.0806,4655997.5203811
2005-06-13,32.9649,33.129,32.869,33.129,33.129,3736274.6212086
2005-06-14,33.119,33.7823,33.1103,33.6974,33.6974,6236901.5152379
2005-06-15,33.7161,33.9741,33.5243,33.9454,33.9454,3212637.9551879
2005-06-16,33.8317,34.1667,33.7823,34.0719,34.0719,2961264.3504532
2005-06-17,34.2933,34.4178,34.148,34.2261,34.2261,3575662.4524366
2005-06-20,34.0323,34.312,33.6974,34.1303,34.1303,2828094.6972768
2005-06-21,34.148,34.3981,34.0719,34.1964,34.1964,2239584.0619851
2005-06-22,34.4672,34.5622,34.1006,34.2933,34.2933,2500312.241974
2005-06-23,34.2537,34.4573,34.1303,34.312,34.312,2521831.0026362
2005-06-24,34.1767,34.4178,34.0225,34.2537,34.2537,2583271.1163574
2005-06-27,34.2162,34.2162,33.8218,33.9187,33.9187,3062937.4340599
2005-06-28,33.9938,34.6491,33.8791,34.5156,34.5156,3181450.9789588
2005-06-29,34.5997,34.8991,34.4475,34.6294,34.6294,1989456.9245566
2005-06-30,34.8211,35.092,34.3219,34.3219,34.3219,2511540.5651594
2005-07-01,34.3022,34.3882,34.0027,34.2359,34.2359,2166916.6368214
2005-07-05,34.2736,34.8023,34.1303,34.6985,34.6985,2301022.1522204
2005-07-06,34.6491,35.427,34.5255,34.7272,34.7272,3853855.3391138
2005-07-07,34.3407,34.9674,34.312,34.831,34.831,2503428.4102396
2005-07-08,34.746,35.1897,34.6688,34.9851,34.9851,2185627.8108159
2005-07-11,35.254,35.4645,35.1503,35.3509,35.3509,3309318.0873691
2005-07-12,35.3113,35.5506,35.1404,35.427,35.427,2793165.2839003
2005-07-13,35.4645,35.5703,34.8705,34.9575,34.9575,3549773.9740021
2005-07-14,35.0326,35.2441,34.7084,34.8705,34.8705,2952844.6256786
2005-07-15,34.919,35.427,34.919,35.254,35.254,3105038.0814189
2005-07-18,35.2066,35.5308,35.1117,35.3607,35.3607,2189372.2714492
2005-07-19,35.4458,35.4932,34.7835,34.9674,34.9674,3084145.5896386
2005-07-20,34.8991,35.1897,34.6491,34.6985,34.6985,2113585.6427911
2005-07-21,33.8317,33.9454,32.9936,33.2644,33.2644,7144773.869315
2005-07-22,33.2644,33.4571,33.0222,33.3216,33.3216,3592503.9254717
2005-07-25,33.3978,33.6281,33.3119,33.3593,33.3593,2585142.8408026
2005-07-26,33.3593,33.5915,33.1665,33.2842,33.2842,2445733.7688946
2005-07-27,33.2644,33.4275,32.9649,33.1863,33.1863,2985902.3146098
2005-07-28,33.3504,34.6788,33.3504,34.2162,34.2162,4228418.7646315
2005-07-29,34.1667,34.4672,34.0225,34.2261,34.2261,1842878.6421519
2005-08-01,34.4573,34.7925,34.3219,34.5156,34.5156,2222427.9368945
2005-08-02,34.7361,35.003,34.571,34.7558,34.7558,4088385.4473274
2005-08-03,36.2354,37.6597,35.8302,37.0539,37.0539,10693923.59792
2005-08-04,36.3897,36.6506,36.1474,36.351,36.351,6307696.2042135
2005-08-05,36.0615,36.1871,35.5802,35.6761,35.6761,2846184.661104
2005-08-08,35.5901,35.849,35.0128,35.092,35.092,2404565.9485295
2005-08-09,35.1799,35.341,34.9931,35.2066,35.2066,2999004.3857263
2005-08-10,35.3706,36.2256,35.3113,36.0714,36.0714,4326969.6095151
2005-08-11,35.8224,36.5033,35.8125,36.4559,36.4559,2775075.3200731
2005-08-12,36.0714,36.9561,35.9162,36.37,36.37,3471495.4224744
2005-08-15,36.2454,36.7929,36.2256,36.449,36.449,2383358.8046938
2005-08-16,36.3313,36.4648,35.9558,36.11,36.11,2014405.4937968
2005-08-17,36.0418,36.3413,35.9558,36.0912,36.0912,1724053.4804265
2005-08-18,35.9064,36.1673,35.7927,35.9745,35.9745,1492639.5404784
2005-08-19,35.9745,36.3897,35.9162,36.197,36.197,1638596.6127159
2005-08-22,36.197,36.5033,36.1574,36.2731,36.2731,2509045.607061
2005-08-23,36.36,36.4747,36.1673,36.2631,36.2631,2210891.0321114
2005-08-24,36.1474,36.4391,36.0615,36.1871,36.1871,2053393.0081191
2005-08-25,36.1871,36.3797,36.0912,36.2731,36.2731,1484530.4207874
2005-08-26,36.2454,36.4559,36.1199,36.1673,36.1673,3038924.7270423
2005-08-29,36.0418,36.6308,35.9458,36.3215,36.3215,2362461.2541986
2005-08-30,36.3313,36.7929,36.2454,36.7356,36.7356,2751995.4400492
2005-08-31,36.5529,37.0727,36.4648,36.9758,36.9758,2650946.6018385
2005-09-01,36.9758,37.2368,36.8216,37.0153,37.0153,3863523.5546805
2005-09-02,36.9461,37.2268,36.7258,37.0638,37.0638,2254241.1820055
2005-09-06,37.0539,37.2743,36.8216,37.2268,37.2268,2994012.4460438
2005-09-07,37.0815,37.2743,36.8029,37.1004,37.1004,4119572.4235564
2005-09-08,36.2354,36.9461,36.2256,36.706,36.706,3944610.7046187
2005-09-09,36.8711,37.1685,36.8512,36.9372,36.9372,3149951.3741605
2005-09-12,37.044,37.0727,36.5913,36.7752,36.7752,2955962.81743
2005-09-13,36.8117,36.8512,36.1673,36.3313,36.3313,4164481.6693261
2005-09-14,36.4559,36.8789,36.4094,36.7455,36.7455,3449039.7878467
2005-09-15,36.7455,36.9561,36.4935,36.5232,36.5232,3350798.5363038
2005-09-16,36.5429,37.044,36.5132,36.9076,36.9076,2465068.1765422
2005-09-19,36.8216,36.8611,36.5132,36.7258,36.7258,2069609.2240152
2005-09-20,36.7555,36.7929,36.0615,36.1199,36.1199,2846184.661104
2005-09-21,36.0418,36.1377,35.8025,35.8974,35.8974,3045784.3441983
2005-09-22,35.849,36.2068,35.7631,36.2068,36.2068,4450162.465527
2005-09-23,36.0714,37.1784,36.0714,36.706,36.706,4441429.1004399
2005-09-26,36.8789,36.9561,36.3897,36.7258,36.7258,2255489.6727976
2005-09-27,36.8711,37.1004,36.5626,36.8414,36.8414,2995883.1587461
2005-09-28,37.0539,37.3118,36.8512,37.2368,37.2368,3131237.1649372
2005-09-29,36.7158,37.7082,36.5726,37.6597,37.6597,3045471.7156287
2005-09-30,37.6795,37.9108,37.5816,37.7932,37.7932,2499376.3797514
2005-10-03,37.1971,38.0542,37.1971,37.9009,37.9009,2960327.4764877
2005-10-04,37.8426,38.4188,37.8426,38.2558,38.2558,3800211.716514
2005-10-05,37.9662,38.1124,37.13,37.2071,37.2071,5333395.8437045
2005-10-06,37.2931,37.3118,36.7158,37.1102,37.1102,2917914.2005592
2005-10-07,37.1487,37.2743,36.8789,37.1201,37.1201,2336264.1941664
2005-10-10,37.044,37.2931,36.8117,36.8117,36.8117,3014906.96131
2005-10-11,36.8711,36.9372,36.0042,36.0418,36.0418,3965507.2433709
2005-10-12,36.0418,36.0615,34.5434,34.9091,34.9091,7756362.3611447
2005-10-13,34.9091,35.2244,34.9091,35.1404,35.1404,3996071.9976896
2005-10-14,35.4735,35.8392,35.4547,35.7828,35.7828,3574413.9616445
2005-10-17,35.9458,36.1673,35.5032,36.0813,36.0813,2266405.3674135
2005-10-18,36.2256,36.4747,35.9162,36.0042,36.0042,2667788.0748737
2005-10-19,35.8787,36.8216,35.7145,36.785,36.785,2456962.09208
2005-10-20,36.5726,37.1389,36.3996,36.449,36.449,2493449.5895892
2005-10-21,36.5429,36.7929,36.1474,36.6684,36.6684,2395210.3615322
2005-10-24,36.9372,37.0815,36.6407,37.044,37.044,2393652.2773994
2005-10-25,36.6506,36.7158,35.4832,35.849,35.849,4199725.7347579
2005-10-26,35.8125,36.0338,35.2441,35.3024,35.3024,4059068.1720577
2005-10-27,35.3904,36.0338,35.2936,35.3213,35.3213,2794722.3562902
2005-10-28,35.4645,36.9076,35.4645,36.8512,36.8512,4651322.2562399
2005-10-31,36.8117,37.391,36.6872,37.1487,37.1487,4743014.4957104
2005-11-01,36.8711,37.8526,36.6012,37.6884,37.6884,5413547.1314202
2005-11-02,34.6294,35.5999,33.6677,35.3904,35.3904,22591379.16677
2005-11-03,35.4735,36.0912,35.092,35.8589,35.8589,5854539.5751128
2005-11-04,35.6375,35.9064,35.4458,35.7828,35.7828,3381984.5007899
2005-11-07,35.7828,35.9361,35.5308,35.8589,35.8589,3686378.4944711
2005-11-08,35.5901,36.11,35.3213,35.8125,35.8125,3778380.3272822
2005-11-09,35.8302,35.8302,34.7925,35.254,35.254,4702782.5375679
2005-11-10,35.341,35.7235,34.9851,35.5308,35.5308,2906376.2840332
2005-11-11,35.5999,35.9558,35.5032,35.9458,35.9458,2168787.3495237
2005-11-14,35.9458,36.2918,35.9361,36.1474,36.1474,2440119.6073019
2005-11-15,36.2256,36.8711,36.2256,36.706,36.706,3832335.5667086
2005-11-16,36.706,36.785,36.11,36.5529,36.5529,2617264.6675113
2005-11-17,36.621,36.7158,36.4292,36.6506,36.6506,1835391.7443711
2005-11-18,36.6506,36.9758,36.197,36.5232,36.5232,3577532.1533959
2005-11-21,36.7652,36.7652,36.2068,36.5232,36.5232,2718935.7276321
2005-11-22,36.2157,36.2918,35.8688,35.9458,35.9458,4800710.1487982
2005-11-23,36.024,36.6783,36.024,36.4747,36.4747,2804702.1886835
2005-11-25,36.5814,36.7258,36.5132,36.5626,36.5626,598487.43245619
2005-11-28,36.6783,36.7752,36.11,36.11,36.11,2165355.5174598
2005-11-29,36.2731,37.1389,36.2731,36.9758,36.9758,2419223.0685499
2005-11-30,36.8711,37.2664,36.0813,36.0813,36.0813,4448604.3813943
2005-12-01,36.36,36.9955,36.3313,36.9955,36.9955,2967814.3742684
2005-12-02,36.8711,37.1784,36.7929,36.9658,36.9658,3209205.111381
2005-12-05,36.8029,37.0351,36.7258,36.8711,36.8711,2730787.2844706
2005-12-06,36.9175,37.0351,36.1771,36.2533,36.2533,4879614.9692078
2005-12-07,36.1,36.6111,35.9458,36.2354,36.2354,3417226.5427358
2005-12-08,36.3413,36.5033,35.8886,36.0338,36.0338,3173963.0694351
2005-12-09,36.1199,36.3017,35.9162,36.0418,36.0418,2729853.445734
2005-12-12,36.1474,36.3116,35.6573,36.0042,36.0042,2515281.9905638
2005-12-13,36.1,36.1287,35.4645,35.6573,35.6573,4519710.6871963
2005-12-14,35.6573,36.37,35.5802,36.2454,36.2454,3174276.7097475
2005-12-15,36.197,36.3797,35.9558,36.2068,36.2068,2277007.4217169
2005-12-16,36.2631,36.3116,35.6276,35.7048,35.7048,4017276.1062965
2005-12-19,35.7335,35.7335,34.6591,35.1304,35.1304,4223427.836692
2005-12-20,35.1304,35.9943,35.1304,35.8787,35.8787,3455275.1596066
2005-12-21,35.9361,36.449,35.8886,36.351,36.351,2916977.3265936
2005-12-22,36.3897,36.6111,36.0615,36.3116,36.3116,2344373.3138573
2005-12-23,36.36,36.4193,35.8974,36.2454,36.2454,1752746.5103001
2005-12-27,36.1871,36.4391,35.9558,36.11,36.11,1993824.618843
2005-12-28,36.2256,36.4292,36.1,36.2354,36.2354,1298341.3904072
2005-12-29,36.0813,36.6308,36.0714,36.3996,36.3996,1620507.6606315
2005-12-30,36.0912,36.2731,35.6573,35.8125,35.8125,1345122.3606222
2006-01-03,35.8787,36.0338,35.1404,36.0042,36.0042,3383546.6318944
2006-01-04,36.1673,36.8711,36.1474,36.8216,36.8216,3773078.794259
2006-01-05,36.8711,37.5629,36.8611,37.3711,37.3711,3387290.0807848
2006-01-06,37.5431,37.641,37.2565,37.5135,37.5135,2821546.6969474
2006-01-09,37.5046,37.553,36.9076,37.0055,37.0055,3010851.895593
2006-01-10,36.9561,37.1971,36.8789,36.9955,36.9955,1910242.5108064
2006-01-11,37.0815,37.2664,36.7752,36.9561,36.9561,2607596.4519446
2006-01-12,36.7752,37.13,36.7158,36.9274,36.9274,2541481.0740821
2006-01-13,36.2354,36.785,36.2354,36.6783,36.6783,3296220.0632245
2006-01-17,36.6012,36.7752,36.4094,36.7356,36.7356,2238336.5829359
2006-01-18,36.7455,37.467,36.7455,36.8216,36.8216,3543536.5787562
2006-01-19,36.9561,36.9955,36.2354,36.7356,36.7356,2810006.7569355
2006-01-20,36.5529,36.5529,35.8886,35.9162,35.9162,3491455.087261
2006-01-23,36.0418,36.1871,35.418,35.418,35.418,2538050.2537612
2006-01-24,35.7335,35.9261,35.4547,35.6375,35.6375,2884232.2662319
2006-01-25,35.8974,36.1,35.6099,35.8302,35.8302,1779877.4090691
2006-01-26,36.0714,36.449,36.0615,36.2157,36.2157,2024700.9899885
2006-01-27,37.2743,37.9563,37.2268,37.8526,37.8526,5836452.6465144
2006-01-30,37.8526,38.2855,37.6113,38.2371,38.2371,3091314.8001351
2006-01-31,38.0739,39.0534,37.9859,38.9872,38.9872,5079217.6875308
2006-02-01,38.8419,39.4101,38.747,39.3055,39.3055,5057386.2982991
2006-02-02,38.4771,39.1314,38.3537,39.0159,39.0159,3966131.4887669
2006-02-03,38.7945,39.2857,38.6224,38.9002,38.9002,2809693.116623
2006-02-06,38.7174,38.7272,38.0739,38.2458,38.2458,2984342.2069912
2006-02-07,38.2855,38.9486,38.2755,38.3921,38.3921,3745945.8720042
2006-02-08,38.064,38.8606,37.5135,38.8142,38.8142,4713696.2086979
2006-02-09,38.9288,39.4864,38.8804,39.2955,39.2955,4171655.9385374
2006-02-10,39.3627,39.7848,39.1513,39.6404,39.6404,2259545.7502574
2006-02-13,38.8804,38.9872,38.1036,38.3823,38.3823,3751247.4050273
2006-02-14,38.4287,39.2758,38.3348,39.0159,39.0159,3361090.9972665
2006-02-15,38.9675,39.3539,38.9388,39.2857,39.2857,1919909.7146303
2006-02-16,38.6501,38.9772,38.5058,38.9772,38.9772,1930203.187336
2006-02-17,38.9872,39.1988,38.7272,39.1888,39.1888,2164733.2955496
2006-02-21,39.2758,39.428,38.6403,38.669,38.669,2063062.2354288
2006-02-22,38.8142,39.3055,38.747,39.2561,39.2561,2309132.2836543
2006-02-23,39.1414,39.7848,39.0059,39.7462,39.7462,2440119.6073019
2006-02-24,39.6691,40.0823,39.603,39.939,39.939,2064619.3078187
2006-02-27,39.0346,40.0239,39.0346,39.6593,39.6593,3455899.4050027
2006-02-28,39.3341,39.6978,39.2955,39.3627,39.3627,3602794.3629486
2006-03-01,39.2955,39.4665,39.1414,39.3914,39.3914,1521644.1871785
2006-03-02,39.3153,39.5743,39.2659,39.5358,39.5358,1776134.9719217
2006-03-03,39.3539,39.9291,39.3539,39.603,39.603,2276070.5477514
2006-03-06,39.5545,39.6691,39.0919,39.1216,39.1216,1867515.5945656
2006-03-07,39.1216,39.7462,39.1216,39.603,39.603,2100799.235473
2006-03-08,39.603,40.4668,39.5643,40.2741,40.2741,3343937.9074049
2006-03-09,40.0438,40.4283,39.939,40.2741,40.2741,2579528.67921
2006-03-10,40.5448,41.3909,40.5251,40.882,40.882,4706834.568056
2006-03-13,40.8048,40.9679,40.3225,40.535,40.535,2495009.6972079
2006-03-14,40.535,40.9106,40.4955,40.8048,40.8048,2083020.8884724
2006-03-15,40.9778,41.9978,40.9393,41.9978,41.9978,4239645.064331
2006-03-16,41.9978,42.7558,41.9879,42.4001,42.4001,3771207.0698139
2006-03-17,42.5919,42.6511,42.2182,42.4989,42.4989,4169163.0039249
2006-03-20,42.4891,42.7371,42.2182,42.4298,42.4298,1999751.4090053
2006-03-21,42.5542,42.6215,41.8248,41.9978,41.9978,2166916.6368214
2006-03-22,41.816,42.3714,41.816,42.2953,42.2953,2685253.7933048
2006-03-23,42.161,42.1797,41.7576,42.0373,42.0373,1885292.9298233
2006-03-24,41.9593,42.2182,41.9593,42.0473,42.0473,1379427.5286027
2006-03-27,42.1233,42.6412,42.1135,42.5168,42.5168,1772703.1398578
2006-03-28,42.2568,42.574,42.2182,42.2469,42.2469,2113275.0377077
2006-03-29,42.2469,42.7461,42.1698,42.5078,42.5078,2348114.7392619
2006-03-30,42.3438,42.8914,42.2568,42.7282,42.7282,2564555.8953912
2006-03-31,42.5642,42.6215,41.6994,41.8832,41.8832,3169911.038947
2006-04-03,41.8832,42.3438,41.7291,42.2469,42.2469,2033435.3668184
2006-04-04,42.2953,42.5168,42.152,42.3803,42.3803,2539295.7093244
2006-04-05,42.4001,42.6897,42.0077,42.2469,42.2469,2531190.6366052
2006-04-06,42.1995,42.2182,41.2762,41.7863,41.7863,2707709.4279327
2006-04-07,41.7478,41.8733,40.7465,40.7465,40.7465,2406749.2898011
2006-04-10,40.5548,40.7366,39.4101,40.5745,40.5745,4640405.5498811
2006-04-11,40.5647,40.7168,39.3914,39.603,39.603,4275200.7465894
2006-04-12,39.5446,40.0142,39.4181,39.6307,39.6307,3765592.9082213
2006-04-13,39.7749,40.3324,39.7077,40.2265,40.2265,1725299.9477327
2006-04-17,40.1791,40.1891,39.4764,39.8223,39.8223,1780189.0258957
2006-04-18,40.1406,40.4568,39.2758,40.3324,40.3324,4546221.3875411
2006-04-19,40.3324,40.4094,39.4567,39.6128,39.6128,3353605.1112287
2006-04-20,39.6404,40.1891,39.1414,39.2955,39.2955,3618076.7401081
2006-04-21,39.3727,39.3727,38.4188,38.5058,38.5058,4241206.1836926
2006-04-24,38.4574,38.8043,38.2855,38.3921,38.3921,2239584.0619851
2006-04-25,38.315,38.4574,37.9375,38.0937,38.0937,2337824.3017851
2006-04-26,38.2656,38.2855,37.8526,38.0058,38.0058,3076659.7036007
2006-04-27,36.1474,37.0351,33.5817,34.1767,34.1767,12839631.06742
2006-04-28,33.9839,34.9575,33.7922,34.312,34.312,8327408.2897483
2006-05-01,34.5434,34.7084,33.6014,33.726,33.726,7126059.6600918
2006-05-02,33.9543,33.9641,32.5507,33.8317,33.8317,8748126.416599
2006-05-03,32.0596,32.0596,28.8196,28.8551,28.8551,26283682.427917
2006-05-04,29.1744,29.6567,28.5399,28.9244,28.9244,15002182.033442
2006-05-05,29.1744,29.5026,28.9342,29.465,29.465,7747939.6011413
2006-05-08,29.9255,30.2044,29.5886,29.8099,29.8099,9005112.1594404
2006-05-09,29.7902,29.7902,28.2413,28.4539,28.4539,13216067.229126
2006-05-10,28.7316,29.9829,28.2315,29.6667,29.6667,13304329.660019
2006-05-11,29.5026,30.233,29.4926,30.1094,30.1094,9882736.4347399
2006-05-12,30.0412,30.2241,29.4739,29.9829,29.9829,7745756.2598696
2006-05-15,29.9453,30.1094,29.5697,29.6755,29.6755,5707331.9885973
2006-05-16,29.6755,30.7529,29.6755,30.312,30.312,9514096.7641555
2006-05-17,30.1272,30.4267,29.8099,29.8771,29.8771,6983844.0132588
2006-05-18,29.897,30.233,29.7516,29.9355,29.9355,5121631.9752022
2006-05-19,30.0026,30.2626,29.6755,29.897,29.897,6894647.7436295
2006-05-22,29.2338,29.8673,29.1941,29.6943,29.6943,5252930.9156764
2006-05-23,29.6854,30.0125,29.5786,29.6469,29.6469,4401509.7708669
2006-05-24,29.5026,29.8573,29.2436,29.7141,29.7141,6218498.9228413
2006-05-25,29.7803,30.0512,29.7141,29.7516,29.7516,3443111.9859416
2006-05-26,29.8199,29.9453,29.5026,29.7141,29.7141,3298090.7759267
2006-05-30,29.7516,30.2044,29.5026,29.5313,29.5313,4216878.8246196
2006-05-31,29.6567,29.9157,29.4166,29.7339,29.7339,4185066.5912516
2006-06-01,29.8771,31.2609,29.8771,31.1651,31.1651,5000623.472205
2006-06-02,31.1374,31.6167,30.8873,31.2412,31.2412,5080775.7716637
2006-06-05,31.0415,31.0415,29.9255,29.9255,29.9255,6020146.7187962
2006-06-06,30.1568,30.4554,29.8476,30.0896,30.0896,3631488.4045651
2006-06-07,30.0896,30.6382,29.9552,30.3891,30.3891,4418036.5918465
2006-06-08,30.3891,30.571,30.0225,30.3694,30.3694,5497441.8680262
2006-06-09,30.3497,30.6481,30.2528,30.3694,30.3694,4146082.1121583
2006-06-12,30.1767,30.3497,28.9145,29.0419,29.0419,6046343.7788286
2006-06-13,29.3384,30.2725,29.0785,29.1557,29.1557,6921158.4439742
2006-06-14,29.0785,29.3296,28.3955,28.6555,28.6555,4714943.6877471
2006-06-15,28.7513,29.3,28.5696,29.2436,29.2436,4054702.5012571
2006-06-16,29.1457,30.1668,29.1457,29.9652,29.9652,6832273.7911716
2006-06-19,30.0412,30.4178,29.897,30.0798,30.0798,5522704.0775789
2006-06-20,29.9652,30.1272,29.127,29.2238,29.2238,4434879.0766247
2006-06-21,29.1744,29.7141,29.1655,29.5786,29.5786,2869572.1109827
2006-06-22,29.4166,29.9453,29.3967,29.5786,29.5786,2598865.1103434
2006-06-23,29.8199,30.5236,29.8199,30.1865,30.1865,4159491.7531295
2006-06-26,30.0798,30.2241,29.9255,30.0026,30.0026,2826845.1947417
2006-06-27,30.0026,30.2044,29.551,29.6667,29.6667,3040792.4045158
2006-06-28,29.7437,29.897,28.694,29.387,29.387,5004363.8858666
2006-06-29,29.8,30.9456,29.7803,30.8685,30.8685,5852981.49098
2006-06-30,30.9742,32.0596,30.9555,31.589,31.589,5833332.4312771
2006-07-03,31.838,32.0141,31.597,31.936,31.936,1746817.696652
2006-07-05,31.6651,32.0596,31.6464,31.8085,31.8085,4343501.4892095
2006-07-06,31.8085,32.2335,31.8085,32.0309,32.0309,4730227.0766494
2006-07-07,31.838,32.0496,31.6751,31.936,31.936,2830591.678861
2006-07-10,32.2048,32.6387,32.0773,32.4746,32.4746,2862713.5055697
2006-07-11,32.4164,32.8601,32.3581,32.7336,32.7336,5008419.9633266
2006-07-12,32.6861,32.956,32.3867,32.5705,32.5705,3386040.5782497
2006-07-13,32.5507,33.2644,32.531,33.1388,33.1388,4541853.6932546
2006-07-14,33.0222,33.1103,32.0971,32.3966,32.3966,3510168.2847413
2006-07-17,32.2997,32.879,32.1366,32.3491,32.3491,2440744.864441
2006-07-18,31.9063,32.6861,31.597,31.9854,31.9854,4515656.6332222
2006-07-19,32.3867,33.4275,32.3392,33.1586,33.1586,4489458.561447
2006-07-20,33.2357,33.2842,32.8305,32.8601,32.8601,2165668.1460293
2006-07-21,33.1103,33.1764,32.4164,32.7711,32.7711,2864895.8350985
2006-07-24,32.9936,33.552,32.9461,33.2357,33.2357,2350299.0922766
2006-07-25,33.3019,33.8317,33.206,33.6578,33.6578,2277943.2839395
2006-07-26,33.5915,33.7448,33.2159,33.4078,33.4078,2123878.103754
2006-07-27,31.4241,31.4241,30.3022,30.6007,30.6007,10411054.43536
2006-07-28,30.0125,30.4267,29.2139,29.387,29.387,11892153.024083
2006-07-31,29.5124,29.9829,29.2041,29.2623,29.2623,15377058.087529
2006-08-01,29.2623,29.8,29.1941,29.7141,29.7141,6021705.8146719
2006-08-02,32.5409,33.9187,32.4925,32.7336,32.7336,15223927.757823
2006-08-03,32.2245,33.5055,32.2048,32.7138,32.7138,5578842.6582769
2006-08-04,32.9936,33.8218,32.9748,33.6775,33.6775,4378119.2857594
2006-08-07,33.5055,34.1767,33.2456,33.889,33.889,5615331.1675291
2006-08-08,34.0323,34.6294,34.0225,34.4672,34.4672,5718249.7066992
2006-08-09,34.5532,35.003,34.3981,34.4475,34.4475,5987401.6584344
2006-08-10,34.2162,34.9851,34.2063,34.8409,34.8409,4219060.1424055
2006-08-11,34.5799,34.919,33.7071,33.9641,33.9641,4189433.2737951
2006-08-14,34.2933,34.487,33.5717,33.6677,33.6677,5325597.3290971
2006-08-15,33.9543,34.2359,33.7448,34.0225,34.0225,4023513.5015424
2006-08-16,34.2449,35.2836,34.157,35.2342,35.2342,3690432.5484452
2006-08-17,34.9773,35.7729,34.9575,35.4832,35.4832,3291229.1352848
2006-08-18,35.4735,35.8125,35.2836,35.8125,35.8125,2926334.9370767
2006-08-21,35.686,36.1,35.6188,35.8974,35.8974,2121379.0986838
2006-08-22,35.686,35.9261,35.254,35.2738,35.2738,3420035.1411466
2006-08-23,35.341,35.6188,34.9931,35.1117,35.1117,3531060.7765217
2006-08-24,35.3509,35.9361,35.331,35.6375,35.6375,3447166.0399156
2006-08-25,35.5109,35.8302,35.082,35.2738,35.2738,3607471.6505757
2006-08-28,35.2066,36.0042,35.2066,35.9064,35.9064,3589073.1051509
2006-08-29,35.9943,36.9274,35.9361,36.9175,36.9175,4883670.0349248
2006-08-30,37.3514,37.6113,36.5814,36.6961,36.6961,5605663.9637053
2006-08-31,36.5132,36.7652,36.0714,36.2533,36.2533,4829715.8072414
2006-09-01,36.5814,36.7356,36.1474,36.37,36.37,2125125.5828031
2006-09-05,36.1871,36.8117,36.0813,36.2918,36.2918,2439183.7450793
2006-09-06,36.0418,36.2631,35.5109,35.5209,35.5209,3386665.8353887
2006-09-07,35.5209,36.0418,35.5032,35.7927,35.7927,2868326.6554194
2006-09-08,35.7927,36.3313,35.7729,36.0813,36.0813,2099549.732938
2006-09-11,35.849,36.7929,35.8125,36.7455,36.7455,3201409.6320026
2006-09-12,36.6308,37.7171,36.6111,37.7171,37.7171,4416479.5194569
2006-09-13,37.641,37.7438,37.0727,37.5046,37.5046,3240704.7161795
2006-09-14,37.3415,37.5629,36.9274,37.1389,37.1389,2360904.1818088
2006-09-15,37.4197,37.5728,36.8878,36.9561,36.9561,4761726.6814478
2006-09-18,37.2565,37.4769,36.8878,36.8878,36.8878,3100675.4458471
2006-09-19,37.0055,37.7536,36.9461,37.6795,37.6795,3042978.7810163
2006-09-20,37.6014,38.2371,37.6014,38.1036,38.1036,3705403.308778
2006-09-21,38.0255,38.325,37.725,37.8129,37.8129,3541667.8895398
2006-09-22,37.9286,38.1124,37.4868,37.553,37.553,3190808.5894419
2006-09-25,37.6795,38.3052,37.4581,38.1036,38.1036,3142149.8243242
2006-09-26,37.8129,38.1036,37.5046,37.6884,37.6884,3284367.494643
2006-09-27,37.6113,37.8327,37.2268,37.391,37.391,4580527.5672645
2006-09-28,37.391,37.5046,37.2071,37.391,37.391,3354539.9617084
2006-09-29,37.3118,37.5333,37.2071,37.2931,37.2931,3422843.7395573
2006-10-02,37.302,37.4769,36.9858,37.3316,37.3316,2065867.7986106
2006-10-03,35.5032,37.381,35.5032,36.9175,36.9175,2868637.2605031
2006-10-04,36.7929,37.13,36.621,37.0055,37.0055,2973116.9190346
2006-10-05,37.0638,38.3348,37.0638,38.0838,38.0838,4029751.908531
2006-10-06,37.9958,38.3437,37.6113,37.7438,37.7438,3184569.1707104
2006-10-09,37.7438,38.3823,37.4769,38.0937,38.0937,2475983.871158
2006-10-10,38.1036,38.1698,37.6213,37.7833,37.7833,3260665.392709
2006-10-11,37.6113,38.1224,37.5333,37.8327,37.8327,3061688.9432678
2006-10-12,38.0452,38.4959,37.8426,38.1501,38.1501,3388846.1414317
2006-10-13,37.9958,38.3052,37.4581,37.7932,37.7932,3021769.6136947
2006-10-16,37.6795,38.0155,37.4197,37.5916,37.5916,1637351.1571525
2006-10-17,37.5916,37.7349,37.1685,37.2841,37.2841,2283557.4455322
2006-10-18,37.5629,38.1124,37.2841,38.0155,38.0155,3059193.9851696
2006-10-19,38.1875,38.411,37.8713,38.2656,38.2656,2318175.242082
2006-10-20,38.3724,38.5355,38.2755,38.4474,38.4474,2203095.5527328
2006-10-23,38.3823,38.8518,38.1698,38.4387,38.4387,2014722.1693382
2006-10-24,38.2371,38.3537,37.4384,37.725,37.725,2916357.1281694
2006-10-25,37.6697,37.6884,36.9175,37.2841,37.2841,2831523.4941118
2006-10-26,38.1599,38.402,37.7635,38.0058,38.0058,3215443.5183697
2006-10-27,37.9286,38.315,37.6508,37.9009,37.9009,2199352.1038424
2006-10-30,37.8229,38.1777,37.4769,37.6014,37.6014,3876308.9502557
2006-10-31,37.8229,37.9286,37.2368,37.5046,37.5046,3040480.7876892
2006-11-01,40.0725,40.3522,37.13,38.1501,38.1501,10338696.603537
2006-11-02,37.8229,39.1988,37.8032,39.0059,39.0059,4556824.4535875
2006-11-03,39.0258,39.0258,38.411,38.6975,38.6975,2286052.4036305
2006-11-06,38.6975,39.4665,38.4861,39.3341,39.3341,2775075.3200731
2006-11-07,39.1988,39.4864,38.9288,39.1988,39.1988,2756671.7159335
2006-11-08,38.6975,38.7756,37.9009,38.2953,38.2953,5083270.7297619
2006-11-09,38.2953,38.5928,37.5916,37.7349,37.7349,3809256.6984277
2006-11-10,37.9286,38.3052,37.9009,38.2074,38.2074,2768525.2962579
2006-11-13,38.1124,38.6887,38.1036,38.4771,38.4771,1894649.5285634
2006-11-14,38.6887,39.0346,38.583,38.9486,38.9486,3152444.3087729
2006-11-15,38.7174,39.1216,38.5256,38.832,38.832,5091379.8494529
2006-11-16,39.0534,39.2659,38.7559,38.7657,38.7657,2587636.787158
2006-11-17,38.6501,38.9961,38.5058,38.9585,38.9585,1908682.4031878
2006-11-20,38.7371,39.6494,38.7371,39.4665,39.4665,3022393.8590908
2006-11-21,39.7077,40.2455,39.593,39.7848,39.7848,3506424.835851
2006-11-22,39.7077,40.1119,39.7077,40.0142,40.0142,1345433.9774488
2006-11-24,39.8223,40.1594,39.688,39.9785,39.9785,651197.21631919
2006-11-27,39.8036,40.1219,39.3153,39.3153,39.3153,2269209.9188523
2006-11-28,39.0919,39.8609,39.0534,39.2758,39.2758,2940368.8234441
2006-11-29,39.3539,39.9489,39.2758,39.428,39.428,3996071.9976896
2006-11-30,39.5358,40.5054,39.5358,40.4194,40.4194,4112086.5375185
2006-12-01,40.4194,40.6694,39.7946,40.2078,40.2078,2100174.990077
2006-12-04,40.3996,41.0362,40.3808,40.7949,40.7949,2745135.8228933
2006-12-05,40.7663,40.9778,40.5548,40.7949,40.7949,1565304.9421561
2006-12-06,40.7168,41.2575,40.5745,40.9867,40.9867,1933009.7622609
2006-12-07,41.1893,41.3247,40.8533,41.0164,41.0164,1398452.3429095
2006-12-08,41.1606,41.2388,40.7267,41.0459,41.0459,1319860.1510696
2006-12-11,41.1893,41.3811,41.0164,41.2862,41.2862,1291166.109453
2006-12-12,41.3909,41.641,41.1221,41.4502,41.4502,1902756.6247687
2006-12-13,41.5085,41.5738,40.872,41.1606,41.1606,2413299.3136164
2006-12-14,41.4888,41.7091,40.7366,41.5738,41.5738,2458831.7930394
2006-12-15,41.6509,41.8634,41.4404,41.5738,41.5738,2416417.5053679
2006-12-18,41.4601,41.8733,41.1992,41.6025,41.6025,1483591.523336
2006-12-19,41.219,42.3803,41.2091,42.1896,42.1896,2710517.0146005
2006-12-20,42.1036,42.4495,42.066,42.2953,42.2953,1951097.7026022
2006-12-21,42.2953,42.4792,42.0077,42.3052,42.3052,1817927.0376829
2006-12-22,41.7962,41.7962,41.641,41.7962,41.7962,1567801.9237403
2006-12-26,41.8446,42.1797,41.7478,41.9404,41.9404,1377555.8041573
2006-12-27,42.0176,42.3239,42.0077,42.2666,42.2666,1260914.9954467
2006-12-28,42.3142,42.5168,42.1233,42.3616,42.3616,956836.66556371
2006-12-29,42.2765,42.5355,42.1896,42.1896,42.1896,1154876.2410393
2007-01-03,42.5919,42.6412,41.8634,42.2568,42.2568,2249563.8943783
2007-01-04,42.2568,42.2568,41.2961,41.4601,41.4601,3077594.5540804
2007-01-05,41.2665,41.3346,40.7861,41.1705,41.1705,2906685.8773738
2007-01-08,41.0846,41.3633,40.7564,41.2486,41.2486,2787861.7273913
2007-01-09,40.7366,41.556,40.7366,41.0262,41.0262,1896205.5892103
2007-01-10,40.8533,41.3909,40.7168,41.2762,41.2762,1383169.9657501
2007-01-11,41.2762,41.892,41.1221,41.8733,41.8733,2314745.4335041
2007-01-12,41.816,42.0759,41.7091,41.9307,41.9307,1400010.4270422
2007-01-16,41.7764,42.0956,41.6894,41.9307,41.9307,1545970.5345086
2007-01-17,41.9404,42.2469,41.7478,42.1698,42.1698,2125437.1996297
2007-01-18,41.3909,41.892,41.1893,41.5085,41.5085,2886412.5722748
2007-01-19,41.7191,41.8347,41.4305,41.6607,41.6607,1998190.2896437
2007-01-22,41.6607,41.9207,41.2862,41.3811,41.3811,2027821.2052258
2007-01-23,41.3811,41.9504,41.1705,41.8832,41.8832,1697854.3969082
2007-01-24,41.5283,41.5649,40.8048,41.5362,41.5362,5066429.2567268
2007-01-25,41.6707,42.0077,41.5085,41.6311,41.6311,1910866.7562026
2007-01-26,41.6796,41.7665,41.4888,41.6707,41.6707,2203717.7746431
2007-01-29,41.9108,42.2855,41.7665,42.0373,42.0373,2693986.1466489
2007-01-30,42.0176,42.4792,41.8733,42.4298,42.4298,2556137.1823596
2007-01-31,42.4298,42.6412,42.1333,42.4495,42.4495,2344998.5709964
2007-02-01,42.5168,43.1987,42.3239,43.1513,43.1513,2616329.8170316
2007-02-02,43.1137,43.2866,42.9111,42.9487,42.9487,2031562.6306303
2007-02-05,43.094,43.6029,43.0751,43.4498,43.4498,3149013.4884519
2007-02-06,43.4883,44.0576,43.3342,43.9697,43.9697,3639283.8839438
2007-02-07,45.0105,45.6519,44.0755,44.8741,44.8741,8404127.7454
2007-02-08,44.7308,45.1043,44.4995,44.6339,44.6339,2427332.1882408
2007-02-09,44.6339,44.8552,44.0655,44.2494,44.2494,1977607.391204
2007-02-12,44.1317,44.8938,44.1317,44.8642,44.8642,2889066.3740152
2007-02-13,45.1429,45.2881,44.7505,45.2496,45.2496,3005834.6623368
2007-02-14,45.2496,45.8139,45.1527,45.7853,45.7853,3659213.196442
2007-02-15,45.6143,46.2953,45.5284,46.1421,46.1421,2821233.056635
2007-02-16,45.9109,46.2391,45.8723,46.1421,46.1421,3287486.6981373
2007-02-20,46.3913,46.7678,46.2094,46.672,46.672,3123129.0569891
2007-02-21,46.3448,46.6333,46.2953,46.3636,46.3636,2146642.3199794
2007-02-22,46.5266,46.7975,46.3636,46.4881,46.4881,3421592.2135363
2007-02-23,46.4694,46.4694,46.0265,46.1322,46.1322,2640967.7811883
2007-02-26,45.7665,45.8624,45.307,45.7191,45.7191,2172158.4770109
2007-02-27,47.0376,47.0376,43.9884,44.5182,44.5182,3004616.5238331
2007-02-28,44.3443,45.8536,44.2593,45.6905,45.6905,5135976.4666532
2007-03-01,45.5462,45.9109,44.8256,45.7478,45.7478,4063867.880581
2007-03-02,46.0651,46.0651,45.2121,45.2121,45.2121,3300898.3625945
2007-03-05,44.9027,45.1043,44.5855,44.6042,44.6042,3408520.4947082
2007-03-06,44.8839,45.0668,44.5568,44.8642,44.8642,3908122.1953666
2007-03-07,45.3356,45.3356,44.5656,44.8454,44.8454,2726421.6136701
2007-03-08,44.9708,45.4137,44.7405,44.9214,44.9214,2406749.2898011
2007-03-09,44.9907,45.2971,44.7979,44.8741,44.8741,2042167.7201626
2007-03-12,44.8839,45.2881,44.6438,44.9214,44.9214,2536487.1109136
2007-03-13,44.5953,44.8938,43.9498,43.9498,43.9498,3323039.3451669
2007-03-14,44.104,44.8068,43.9598,44.6042,44.6042,4098676.8965472
2007-03-15,44.4609,45.2407,44.4026,45.1725,45.1725,3100163.5039178
2007-03-16,45.4523,45.729,45.2308,45.6331,45.6331,5289734.076984
2007-03-19,45.8338,46.3151,45.6618,46.152,46.152,2565805.3979263
2007-03-20,46.2677,46.5959,45.8723,46.4604,46.4604,2784744.5473828
2007-03-21,46.3547,47.1731,46.1224,47.0652,47.0652,2596372.1757309
2007-03-22,47.0188,47.2225,46.7095,46.7292,46.7292,3103795.6610844
2007-03-23,46.7975,47.0949,46.5563,46.9418,46.9418,2336873.2634183
2007-03-26,46.7392,47.2412,46.5266,47.1631,47.1631,1537861.4148177
2007-03-27,46.9121,46.9902,46.1026,46.7392,46.7392,2984653.8238177
2007-03-28,46.5464,46.6808,46.0552,46.3823,46.3823,2063062.2354288
2007-03-29,46.3913,46.6333,45.3743,45.4523,45.4523,3621505.5369431
2007-03-30,45.5284,45.9296,45.3743,45.7379,45.7379,2275827.729445
2007-04-02,45.8911,46.2391,45.8139,46.152,46.152,2328157.0979612
2007-04-03,46.3151,47.1137,46.2953,47.0376,47.0376,2101735.0976957
2007-04-04,46.8073,47.3352,46.421,47.2788,47.2788,2239894.6670686
2007-04-05,47.009,47.5101,46.6047,47.3352,47.3352,2024076.7445924
2007-04-09,47.3352,47.607,47.1829,47.345,47.345,1698920.7739705
2007-04-10,47.1631,47.7681,47.1236,47.6267,47.6267,2344061.6970308
2007-04-11,47.4914,47.5873,46.749,47.0949,47.0949,2409242.2244136
2007-04-12,46.3913,47.0278,46.3913,46.8834,46.8834,2045564.1412234
2007-04-13,47.0652,47.8076,46.9121,47.7492,47.7492,2417040.739021
2007-04-16,47.8076,48.7703,47.683,48.5301,48.5301,3005664.6895224
2007-04-17,48.6833,48.9897,48.366,48.7505,48.7505,2854602.3623927
2007-04-18,48.7031,49.1548,48.5775,48.7307,48.7307,3398826.9855679
2007-04-19,48.0092,48.3572,47.8175,48.1061,48.1061,3055936.1728918
2007-04-20,48.6547,48.9433,48.4154,48.8276,48.8276,2215569.3314816
2007-04-23,48.9808,49.2892,48.6151,48.9433,48.9433,1874062.5831521
2007-04-24,48.7989,49.1449,48.5202,48.9808,48.9808,2440430.2123855
2007-04-25,48.54,49.2022,47.9993,49.1943,49.1943,4474178.2077735
2007-04-26,49.2892,49.7014,48.6734,49.3089,49.3089,6459269.4615295
2007-04-27,49.3475,49.5857,48.8959,49.5195,49.5195,1853323.8762992
2007-04-30,49.6817,50.24,49.5294,49.8833,49.8833,3461676.4572093
2007-05-01,50.2005,50.2677,49.642,49.8546,49.8546,2776863.069854
2007-05-02,49.1073,50.9151,48.1061,49.3288,49.3288,6644595.4751789
2007-05-03,49.6817,50.847,49.2792,50.7896,50.7896,4947151.8459056
2007-05-04,50.9616,52.0706,50.7214,51.5882,51.5882,3686178.1693683
2007-05-07,51.942,52.1071,51.2709,51.7513,51.7513,2901771.8418979
2007-05-08,51.6079,52.5973,51.5782,52.4233,52.4233,3020522.1346456
2007-05-09,52.0883,52.2227,51.7611,51.8095,51.8095,4379677.3698922
2007-05-10,51.6267,52.1259,51.5101,51.858,51.858,2160043.8670072
2007-05-11,51.9233,52.463,51.5101,52.4233,52.4233,1803894.1630585
2007-05-14,52.539,52.8979,52.3097,52.7051,52.7051,2349675.8586235
2007-05-15,52.9067,53.6075,52.4925,52.5025,52.5025,3070109.6797854
2007-05-16,53.0698,53.2714,52.7328,52.8188,52.8188,2835577.5480858
2007-05-17,52.7416,53.2517,52.453,53.1183,53.1183,2697105.3501434
2007-05-18,53.222,53.5402,52.8385,53.4434,53.4434,1709649.2961419
2007-05-21,53.0115,53.0797,52.1347,52.4432,52.4432,4166666.0223408
2007-05-22,52.4432,52.7328,52.0706,52.4432,52.4432,2590133.7687422
2007-05-23,52.6172,52.7505,52.203,52.2129,52.2129,2448912.6652226
2007-05-24,52.5875,52.7416,52.193,52.2821,52.2821,3031903.2310155
2007-05-25,52.7416,53.1647,52.5875,52.9354,52.9354,2682133.5780676
2007-05-29,52.7694,54.3191,52.7694,54.1857,54.1857,3680764.3328785
2007-05-30,53.646,53.8872,53.6075,53.6935,53.6935,2695096.0286578
2007-05-31,53.6173,54.0898,53.5601,53.7518,53.7518,2647206.188177
2007-06-01,53.7419,54.0701,53.7123,54.0305,54.0305,1782995.6008206
2007-06-04,54.0305,55.4173,53.7992,53.8872,53.8872,2464136.3612913
2007-06-05,53.905,54.7026,53.5877,53.9248,53.9248,2761831.6049446
2007-06-06,54.3389,54.5207,53.3396,53.6173,53.6173,3474763.3521815
2007-06-07,53.2319,53.8189,52.4233,52.6369,52.6369,2861877.8058984
2007-06-08,52.3759,52.8088,52.1634,52.8088,52.8088,2101319.2713459
2007-06-11,52.8088,53.2033,52.539,52.6952,52.6952,2036072.9806718
2007-06-12,52.3097,52.8879,52.2722,52.3364,52.3364,2271291.074087
2007-06-13,52.3759,52.6172,51.0594,51.7799,51.7799,3855465.0221366
2007-06-14,51.7898,52.0883,51.4449,51.858,51.858,2210552.0982254
2007-06-15,52.9067,52.9067,51.8492,52.3859,52.3859,2611651.5176615
2007-06-18,53.4039,53.4039,52.4728,52.539,52.539,1567767.5244803
2007-06-19,52.9354,53.3298,52.8088,53.1934,53.1934,2511227.9365898
2007-06-20,53.395,53.5699,51.8778,51.8965,51.8965,2035989.0060075
2007-06-21,52.0409,52.3957,51.3579,51.9914,51.9914,2001309.493138
2007-06-22,51.5685,51.8293,50.9527,50.9616,50.9616,3632006.4169521
2007-06-25,50.9714,51.4825,50.3369,50.3853,50.3853,2256839.337884
2007-06-26,50.4051,50.7114,49.8743,50.2302,50.2302,2408827.4098068
2007-06-27,49.7784,50.8854,49.2398,50.7995,50.7995,1710119.7566105
2007-06-28,50.8093,51.174,50.3952,50.7511,50.7511,1931968.6787722
2007-06-29,50.7797,51.2225,49.9425,50.2302,50.2302,1784141.9055753
2007-07-02,50.2302,51.9717,50.0859,51.8195,51.8195,2079176.2652876
2007-07-03,52.0706,52.3364,51.4163,51.4636,51.4636,898309.35977642
2007-07-05,52.9443,52.9443,51.2422,52.0211,52.0211,1501997.1509615
2007-07-06,51.8195,52.6172,51.5685,52.2129,52.2129,1710640.8042263
2007-07-09,52.3759,52.5212,51.9331,52.0211,52.0211,1275367.7433925
2007-07-10,51.5012,52.5776,51.174,51.174,51.174,1985924.9299414
2007-07-11,51.3193,51.9914,51.2996,51.7128,51.7128,1549399.3313437
2007-07-12,51.7038,52.463,51.5486,52.4056,52.4056,1690680.1276969
2007-07-13,52.1833,52.2425,51.5398,51.8392,51.8392,1433716.6432002
2007-07-16,51.8392,52.0508,51.5782,51.858,51.858,1294390.5342136
2007-07-17,52.1546,52.1546,51.4725,51.6841,51.6841,1577259.6967749
2007-07-18,51.9914,52.5973,51.4825,51.942,51.942,1917519.9777981
2007-07-19,51.8679,52.193,51.4725,51.4825,51.4825,2007027.8642539
2007-07-20,51.5101,51.5101,50.2489,50.3754,50.3754,2750541.5654397
2007-07-23,48.9245,51.7424,48.9245,51.4825,51.4825,2025532.6426879
2007-07-24,51.261,52.0804,50.935,51.0496,51.0496,2035167.4707375
2007-07-25,51.0406,51.3292,50.0186,50.414,50.414,2660926.4342319
2007-07-26,50.2203,50.3468,48.971,49.6717,49.6717,2450722.6733483
2007-07-27,49.5392,49.7014,48.2494,48.2791,48.2791,2121276.9126466
2007-07-30,49.0776,50.4338,48.3858,50.2578,50.2578,3054308.278496
2007-07-31,50.7411,50.8568,49.652,49.6717,49.6717,2352688.8291088
2007-08-01,46.9121,48.0962,44.5479,47.0278,47.0278,4879518.8536282
2007-08-02,47.4517,49.3288,47.3549,48.8178,48.8178,3206607.9672454
2007-08-03,46.7194,48.6734,46.0462,46.0462,46.0462,3756603.5721695
2007-08-06,46.411,46.9902,45.988,46.9418,46.9418,3021081.6284933
2007-08-07,48.0962,48.0962,45.6905,46.152,46.152,3381002.0983919
2007-08-08,47.0565,47.5101,44.7891,45.1142,45.1142,4316482.8939072
2007-08-09,45.1142,45.5462,43.3925,43.3925,43.3925,4549233.3462835
2007-08-10,43.094,46.576,41.3722,45.5946,45.5946,4720282.6552592
2007-08-13,45.0855,47.943,45.0855,46.6433,46.6433,3090900.9972714
2007-08-14,47.0188,47.3944,45.9395,46.1421,46.1421,2646992.7104159
2007-08-15,46.152,47.009,45.4236,45.4424,45.4424,2210827.2923061
2007-08-16,44.8642,45.729,43.4123,44.8839,44.8839,2909027.0505448
2007-08-17,45.9682,46.5563,45.047,45.8338,45.8338,2969459.4682944
2007-08-20,46.2953,47.5576,44.4313,46.8933,46.8933,2036344.1277806
2007-08-21,46.2094,47.1049,46.1797,46.7975,46.7975,1789650.845902
2007-08-22,47.3163,48.1941,47.2975,48.0775,48.0775,2485547.8772015
2007-08-23,48.5014,48.8276,47.8076,47.9895,47.9895,1888929.1339618
2007-08-24,47.9895,48.8178,47.3065,48.7307,48.7307,1582875.8818534
2007-08-27,48.4431,48.8672,47.6544,47.693,47.693,1594300.4831698
2007-08-28,47.5001,48.9996,47.5001,48.2692,48.2692,2451245.74445
2007-08-29,48.5875,49.2298,48.3374,49.2298,49.2298,2118055.523115
2007-08-30,48.9808,49.642,48.7219,49.0975,49.0975,1646603.5463695
2007-08-31,49.5758,50.1353,49.3386,49.7103,49.7103,1425793.6842107
2007-09-04,49.9712,50.6354,49.7498,50.3468,50.3468,1245114.6059002
2007-09-05,49.8447,50.5285,49.7973,50.2103,50.2103,1903483.056202
2007-09-06,50.0463,50.6255,49.8743,50.4338,50.4338,1540043.7443464
2007-09-07,50.0087,50.7314,49.8546,49.9227,49.9227,1602938.7444202
2007-09-10,50.24,50.24,48.9808,49.4711,49.4711,1194175.3721881
2007-09-11,49.7696,50.4051,49.5392,50.2302,50.2302,1361340.6000043
2007-09-12,50.1837,52.5677,49.9524,52.1071,52.1071,2910846.1643569
2007-09-13,52.4333,52.5212,51.8195,51.9914,51.9914,1218501.7195182
2007-09-14,51.5486,52.5677,51.011,52.2722,52.2722,1667809.6784622
2007-09-17,51.9717,52.1347,50.6552,51.6465,51.6465,1415607.4562571
2007-09-18,51.6564,51.858,50.9714,51.7701,51.7701,2666126.7929607
2007-09-19,52.0973,52.2722,51.0881,51.3776,51.3776,2220770.7019534
2007-09-20,51.4251,51.4251,49.6134,49.893,49.893,2606452.1706757
2007-09-21,49.6134,50.9714,49.6134,50.8568,50.8568,2381198.7335096
2007-09-24,50.6838,51.2225,50.2677,50.5385,50.5385,1218292.288729
2007-09-25,50.3072,50.9814,49.9989,50.1253,50.1253,1592752.5164665
2007-09-26,50.4614,51.6939,49.7103,51.4636,51.4636,1492535.3309552
2007-09-27,51.7611,51.942,51.0594,51.3876,51.3876,643298.53916041
2007-09-28,51.5685,51.7998,50.9427,51.261,51.261,1338575.3720357
2007-10-01,51.5101,52.7505,50.9151,52.4056,52.4056,1559798.0253154
2007-10-02,52.6556,52.878,51.4825,51.6079,51.6079,1264344.8040246
2007-10-03,51.261,51.4825,50.6552,51.174,51.174,1294908.5466005
2007-10-04,51.0307,51.4063,49.7973,50.1452,50.1452,1322457.2952051
2007-10-05,50.4812,51.0693,50.3952,50.7608,50.7608,847887.12670834
2007-10-08,50.6739,51.174,50.6641,50.7608,50.7608,962554.02493663
2007-10-09,50.6452,51.4923,50.5969,51.3679,51.3679,1898287.7561878
2007-10-10,51.4636,52.0883,51.0209,51.5398,51.5398,1240436.3065301
2007-10-11,51.8679,52.0883,49.8833,50.0859,50.0859,2151841.6669654
2007-10-12,50.0186,51.5398,49.9712,50.8568,50.8568,1516134.235109
2007-10-15,50.8568,51.1463,49.3762,49.7103,49.7103,958707.37826598
2007-10-16,49.567,49.816,49.2398,49.3861,49.3861,935836.9290314
2007-10-17,49.9425,51.3964,49.8743,51.2126,51.2126,2021374.3791908
2007-10-18,51.3193,51.8195,50.8953,51.2126,51.2126,1267673.4383082
2007-10-19,50.8093,50.9912,49.4711,49.4898,49.4898,1631528.5765135
2007-10-22,48.7505,49.6322,48.3374,49.5195,49.5195,890200.24008542
2007-10-23,49.7103,50.0285,49.3959,49.989,49.989,657329.39029887
2007-10-24,49.642,49.8833,48.0863,48.962,48.962,1664276.6721041
2007-10-25,49.652,51.1563,47.7028,50.8854,50.8854,1940385.3683179
2007-10-26,51.174,51.4636,49.2991,50.0859,50.0859,1315078.6539192
2007-10-29,50.3754,51.9144,50.1353,50.2302,50.2302,1541916.4805346
2007-10-30,50.2203,50.8854,49.6134,49.8546,49.8546,1228897.3782611
2007-10-31,50.414,50.6739,49.5095,50.4901,50.4901,2018151.9779161
2007-11-01,49.7014,50.7511,49.5758,49.7784,49.7784,2460287.6911348
2007-11-02,49.2991,49.2991,46.7777,48.028,48.028,4407539.7588093
2007-11-05,48.0379,48.6636,47.1335,48.3572,48.3572,2121577.4003008
2007-11-06,48.3572,48.9897,47.8273,48.887,48.887,1328624.8801878
2007-11-07,48.7703,49.1449,47.5576,47.6168,47.6168,1818083.8578391
2007-11-08,47.6544,48.1259,46.9715,47.9331,47.9331,1650124.4118124
2007-11-09,47.4715,47.9243,47.1335,47.4044,47.4044,1823125.3729258
2007-11-12,47.4142,48.3374,46.7392,47.1631,47.1631,1508674.6543876
2007-11-13,47.4617,47.4617,46.3734,47.0376,47.0376,2054705.2387166
2007-11-14,47.4241,48.8473,46.8539,47.952,47.952,2363988.9860431
2007-11-15,47.856,48.6072,47.2591,47.5873,47.5873,1941117.870209
2007-11-16,47.9993,48.4531,47.0949,47.5279,47.5279,2376917.0373733
2007-11-19,47.2225,47.4517,46.7777,47.0278,47.0278,2199119.4029655
2007-11-20,47.2688,47.9895,47.0001,47.7227,47.7227,1795888.2411477
2007-11-21,47.2324,47.7681,46.7975,46.8933,46.8933,2101827.1663035
2007-11-23,47.1049,47.5476,46.9023,47.1631,47.1631,760676.90847688
2007-11-26,47.3747,48.7407,47.2975,47.434,47.434,1934169.2196739
2007-11-27,47.5873,48.6636,47.1631,48.54,48.54,3544275.1511048
2007-11-28,48.54,49.9524,48.2494,49.6717,49.6717,2849566.9177636
2007-11-29,49.6134,50.6354,49.3386,50.3072,50.3072,2649746.6747077
2007-11-30,50.8854,52.3463,50.3754,51.5685,51.5685,4281597.9972203
2007-12-03,51.8293,53.146,51.349,52.5776,52.5776,3468477.3932744
2007-12-04,52.1634,52.2821,51.1928,51.4923,51.4923,3552564.3610398
2007-12-05,52.366,53.3496,52.2227,53.2517,53.2517,2753762.9549713
2007-12-06,53.2319,53.472,52.6172,53.2714,53.2714,2401656.1758242
2007-12-07,53.2616,54.7323,53.146,53.5789,53.5789,2803078.3412593
2007-12-10,53.8388,53.8388,52.9443,53.1934,53.1934,1765089.774209
2007-12-11,53.386,53.386,51.1276,51.3964,51.3964,3167007.3366995
2007-12-12,52.6556,53.1834,51.2522,51.6663,51.6663,2065092.8035161
2007-12-13,51.5101,53.146,51.0406,53.0995,53.0995,2435919.8623441
2007-12-14,52.6952,52.9917,51.5982,51.6742,51.6742,1880613.6187103
2007-12-17,51.2225,51.4725,50.5088,50.7896,50.7896,1765637.1271414
2007-12-18,51.0594,51.7513,50.3853,51.3579,51.3579,1660429.0136906
2007-12-19,52.2821,52.2821,50.6641,51.1079,51.1079,1110327.1757574
2007-12-20,51.5882,51.9816,50.8281,51.4548,51.4548,1034961.4321639
2007-12-21,51.9717,52.5479,51.6841,52.3296,52.3296,2395052.529633
2007-12-24,52.2722,52.8979,51.9331,52.4233,52.4233,397497.61455777
2007-12-26,52.193,52.6269,51.4923,52.5123,52.5123,921572.36527301
2007-12-27,52.3859,52.7416,51.9816,52.3296,52.3296,1256555.3951038
2007-12-28,52.8879,52.8879,52.0973,52.5212,52.5212,1712515.5639004
2007-12-31,52.1071,52.4146,51.4725,51.6841,51.6841,915576.77659069
2008-01-02,51.7513,52.6369,51.4636,52.0973,52.0973,2305960.4695269
2008-01-03,52.1347,52.5302,51.4825,51.4825,51.4825,1233032.3716707
2008-01-04,51.2522,51.9064,50.7411,51.183,51.183,1442704.967509
2008-01-07,51.3392,52.6853,50.6255,52.5479,52.5479,2028634.6465522
2008-01-08,52.8879,53.6273,52.5479,52.9254,52.9254,2716069.4598736
2008-01-09,52.9541,54.329,52.539,54.2134,54.2134,3103247.2964092
2008-01-10,53.9149,54.8114,53.7903,54.156,54.156,2500571.2481675
2008-01-11,53.5601,53.9643,52.9166,52.9541,52.9541,2571732.1880884
2008-01-14,53.2714,53.9939,52.4728,53.9149,53.9149,3084974.2071092
2008-01-15,53.3593,53.9149,52.1733,52.3364,52.3364,2535345.8648736
2008-01-16,52.3019,54.7323,51.9144,53.7518,53.7518,3121665.0649501
2008-01-17,53.9741,53.9741,50.0859,51.2522,51.2522,5633925.991085
2008-01-18,51.4725,53.4237,49.2022,49.893,49.893,2877563.8684923
2008-01-22,47.6633,49.5591,47.6633,48.7031,48.7031,2861647.1285074
2008-01-23,47.2888,48.1546,46.3349,47.7227,47.7227,4205682.8772084
2008-01-24,47.7325,48.0775,46.6433,47.6633,47.6633,1768794.7768676
2008-01-25,48.028,48.2592,46.5959,46.7194,46.7194,2039373.286153
2008-01-28,46.8834,47.9243,46.1125,47.8462,47.8462,1630439.9411065
2008-01-29,47.8462,49.1943,47.7879,48.4817,48.4817,1432613.843392
2008-01-30,48.4531,49.0679,47.6732,47.8846,47.8846,1609425.02843
2008-01-31,47.2501,48.0478,46.662,47.3163,47.3163,2167766.5008939
2008-02-01,47.8846,48.2889,47.0475,47.8946,47.8946,2003084.0902607
2008-02-04,47.9045,47.9045,47.3253,47.607,47.607,967788.78292555
2008-02-05,47.0278,47.434,45.9682,45.988,45.988,2155741.9360121
2008-02-06,43.8342,47.7227,43.8342,46.922,46.922,3215687.3484191
2008-02-07,46.9121,47.1631,44.7208,46.3913,46.3913,3389796.1680555
2008-02-08,46.2391,46.2588,45.4424,45.7665,45.7665,1378431.9735464
2008-02-11,46.1026,46.1026,44.2978,45.3455,45.3455,1756616.4270583
2008-02-12,45.3653,45.3653,44.6833,45.2595,45.2595,3259587.8864743
2008-02-13,45.0105,45.5846,43.3529,45.0282,45.0282,5595153.9780098
2008-02-14,45.133,45.3653,44.0082,44.104,44.104,1868401.8813839
2008-02-15,44.2197,46.6236,44.0181,46.6236,46.6236,3013693.8815209
2008-02-19,47.2027,47.2027,45.7952,46.0175,46.0175,1785359.0323362
2008-02-20,45.7092,46.5167,45.307,46.3823,46.3823,1504349.4533047
2008-02-21,46.5366,46.5662,45.2595,45.3455,45.3455,1100549.6919528
2008-02-22,45.6143,45.6618,44.3343,45.5659,45.5659,1763884.7883635
2008-02-25,45.643,45.8338,44.8454,45.6233,45.6233,1426590.9376501
2008-02-26,45.4621,46.2291,45.3743,45.9296,45.9296,2520138.356692
2008-02-27,45.5846,46.4604,45.5846,45.9009,45.9009,1076733.2630662
2008-02-28,45.6618,45.8723,44.5282,44.6635,44.6635,1942950.1366794
2008-02-29,44.0952,44.2,42.7094,42.8814,42.8814,2157230.2098817
2008-03-03,42.7461,43.2185,41.9207,43.0356,43.0356,2099597.2848563
2008-03-04,42.5542,42.8617,42.1135,42.4891,42.4891,2827356.1249282
2008-03-05,42.3903,43.4123,42.3714,43.2087,43.2087,1957926.9674699
2008-03-06,42.9397,43.2274,41.5362,41.6114,41.6114,1688055.6665019
2008-03-07,41.1992,42.0956,41.0459,41.2575,41.2575,2910761.1779497
2008-03-10,41.3722,42.8043,41.1705,41.3445,41.3445,1659592.3022763
2008-03-11,38.9585,39.0919,35.3509,37.2841,37.2841,11922577.146133
2008-03-12,35.9745,40.1594,35.5999,38.4287,38.4287,9673379.5026999
2008-03-13,38.4771,39.593,38.2371,39.4764,39.4764,5310882.5397289
2008-03-14,39.7848,39.7848,37.641,38.4188,38.4188,4098739.6246098
2008-03-17,37.8032,38.5157,37.5135,37.9286,37.9286,3161829.2363153
2008-03-18,38.4771,38.6887,36.8878,38.064,38.064,3382327.4816477
2008-03-19,38.4673,39.4961,37.8811,37.8811,37.8811,2672721.3334655
2008-03-20,37.8811,39.7176,37.3613,38.315,38.315,2530311.4319875
2008-03-24,40.3996,40.3996,39.1601,39.8323,39.8323,1973516.914484
2008-03-25,40.9195,41.1606,39.8036,40.3126,40.3126,2015501.2114045
2008-03-26,40.1594,40.1594,39.2857,39.688,39.688,1779911.8083292
2008-03-27,39.7848,40.362,39.4101,40.0339,40.0339,1741609.2439795
2008-03-28,40.3027,40.3027,39.4181,39.5446,39.5446,1621105.600711
2008-03-31,39.7661,39.9291,38.919,39.0258,39.0258,2050924.3553373
2008-04-01,39.4378,42.4989,38.4771,42.4989,42.4989,3274642.6214714
2008-04-02,42.3526,42.8043,41.3247,41.5649,41.5649,3253926.1729633
2008-04-03,41.2486,42.1698,41.132,41.4404,41.4404,2397221.7065036
2008-04-04,41.816,42.1036,41.0549,41.7665,41.7665,1538706.2201753
2008-04-07,42.152,42.6116,41.6796,41.7478,41.7478,1478294.0372846
2008-04-08,41.5462,42.4396,41.3722,41.9307,41.9307,1351038.021612
2008-04-09,42.0858,42.3339,41.0944,41.2486,41.2486,1399018.9189578
2008-04-10,40.9778,41.7291,40.3996,41.219,41.219,1776274.5924478
2008-04-11,41.7291,41.8446,40.199,40.2552,40.2552,1564583.5694376
2008-04-14,40.0922,40.6497,39.7561,40.1021,40.1021,1533352.076519
2008-04-15,39.851,41.5738,39.851,41.0649,41.0649,2473395.8327089
2008-04-16,38.8804,41.6796,38.8804,41.0164,41.0164,1703069.9317812
2008-04-17,41.0846,41.8446,40.8917,41.5085,41.5085,1830663.8695968
2008-04-18,42.2855,42.5542,40.9393,41.0746,41.0746,1676877.9304637
2008-04-21,40.7761,41.3544,40.3719,40.6971,40.6971,2244491.0152604
2008-04-22,39.8708,39.8708,37.9009,38.315,38.315,4430824.0109077
2008-04-23,39.8708,41.6707,38.2458,41.2486,41.2486,5332967.8764395
2008-04-24,41.7962,41.7962,39.9687,40.4757,40.4757,2034312.5479504
2008-04-25,40.5844,41.892,40.2168,41.8347,41.8347,1707244.3831655
2008-04-28,42.2855,42.2855,41.3445,41.6796,41.6796,1322171.9836951
2008-04-29,41.7091,42.3239,41.3722,42.0274,42.0274,1469103.3643871
2008-04-30,41.8248,42.2666,40.7465,41.0846,41.0846,2106747.272237
2008-05-01,40.3027,40.3996,38.7846,39.4378,39.4378,5060107.8868167
2008-05-02,41.2961,41.2961,39.7274,40.8147,40.8147,3188270.1263971
2008-05-05,40.3996,40.6872,39.4101,39.6128,39.6128,3158028.1180772
2008-05-06,39.8323,39.8323,38.6501,39.5743,39.5743,2037664.4523216
2008-05-07,39.9093,39.9093,39.1789,39.428,39.428,1280775.5094248
2008-05-08,39.4665,39.678,39.0534,39.603,39.603,2150450.5204183
2008-05-09,39.1601,39.7364,38.9585,39.5258,39.5258,2040540.8375096
2008-05-12,39.7274,40.1219,39.1314,39.3539,39.3539,2070462.1233165
2008-05-13,39.7946,39.7946,37.9198,38.3537,38.3537,3886335.3228243
2008-05-14,38.4771,38.7272,38.0452,38.5355,38.5355,3080406.18772
2008-05-15,38.4861,38.7272,38.064,38.6787,38.6787,2497096.9229
2008-05-16,39.344,39.344,38.1698,38.919,38.919,3413200.8175641
2008-05-19,39.0159,39.0831,38.0542,38.2855,38.2855,2800185.7681843
2008-05-20,38.4959,38.824,37.391,38.0452,38.0452,4868014.3246192
2008-05-21,37.7635,38.9388,37.7536,38.315,38.315,3188098.1300968
2008-05-22,37.0904,39.4101,37.0815,39.1888,39.1888,3109923.7880924
2008-05-23,38.9388,39.3815,38.7756,39.0445,39.0445,3009732.9078976
2008-05-27,38.7945,39.1216,38.3823,38.9388,38.9388,2782871.8111947
2008-05-28,39.0534,40.3996,38.8903,39.1019,39.1019,1818659.5395738
2008-05-29,38.832,39.7561,38.8142,39.3727,39.3727,2514640.5455378
2008-05-30,39.4567,39.7274,39.0346,39.0534,39.0534,1733631.6508712
2008-06-02,38.9585,39.2955,38.402,38.6224,38.6224,1980257.1459727
2008-06-03,38.6787,39.0919,38.1974,38.669,38.669,2552472.6494188
2008-06-04,38.669,39.7462,38.669,39.1513,39.1513,2879461.898254
2008-06-05,38.9675,40.8147,38.5443,40.6794,40.6794,4174420.0202587
2008-06-06,40.1594,40.5152,39.7364,39.9687,39.9687,2993425.6351366
2008-06-09,40.2552,40.2552,38.9288,39.0445,39.0445,2200448.8331931
2008-06-10,38.6323,39.0159,38.3625,38.8043,38.8043,2748120.4645763
2008-06-11,38.8142,38.8804,38.2855,38.3724,38.3724,3203538.3391553
2008-06-12,38.6027,38.6887,38.2271,38.411,38.411,2920078.318715
2008-06-13,38.8043,39.4181,38.1599,39.1019,39.1019,2330043.9985506
2008-06-16,38.3052,39.1513,37.7082,38.573,38.573,2555246.8485695
2008-06-17,38.9961,39.2362,38.4188,38.573,38.573,2649836.7198297
2008-06-18,38.6501,38.6501,38.0452,38.1875,38.1875,2491648.68715
2008-06-19,36.785,36.8789,34.8705,35.5308,35.5308,8374197.3539068
2008-06-20,35.5032,35.6958,34.7084,34.8122,34.8122,4165213.1594741
2008-06-23,34.8894,34.9377,33.7358,34.0126,34.0126,4492491.7667912
2008-06-24,33.9543,34.919,33.9543,34.5058,34.5058,3345418.0873311
2008-06-25,34.4178,35.5506,34.4178,35.2244,35.2244,2843513.6597336
2008-06-26,34.9091,35.0326,33.8416,33.889,33.889,2294482.2458345
2008-06-27,34.0126,34.6393,33.9277,34.3407,34.3407,4438948.3067428
2008-06-30,34.2359,34.5335,33.9364,34.0423,34.0423,2803266.5254469
2008-07-01,33.9454,34.2933,33.4571,33.6192,33.6192,3190900.6580498
2008-07-02,34.3022,35.3904,34.148,34.3596,34.3596,5504672.7948423
2008-07-03,33.9543,34.3319,32.4361,33.1003,33.1003,3777017.5095376
2008-07-07,33.2555,33.6677,32.5607,33.0617,33.0617,3402891.1569714
2008-07-08,33.042,34.4959,33.0034,34.487,34.487,2371361.5568714
2008-07-09,34.4573,35.0128,34.1964,34.2537,34.2537,3119719.4832699
2008-07-10,34.0027,34.2261,32.2245,32.9837,32.9837,5810602.6143117
2008-07-11,32.5992,33.0806,31.9656,32.5221,32.5221,3168874.00243
2008-07-14,33.0903,33.8317,32.8503,33.1388,33.1388,2532670.8165314
2008-07-15,32.8305,33.1003,31.6553,32.3392,32.3392,3399582.7575466
2008-07-16,32.1268,32.531,31.848,32.4451,32.4451,2687466.475122
2008-07-17,32.2435,32.9837,31.5693,32.8107,32.8107,4093916.6459987
2008-07-18,32.7711,33.7161,32.2622,33.638,33.638,3027727.7678881
2008-07-21,33.6677,34.1006,32.4746,32.8107,32.8107,3261685.2295959
2008-07-22,32.7138,34.8607,32.7138,34.6788,34.6788,3763501.6355573
2008-07-23,36.5529,36.5529,34.7183,36.1474,36.1474,4207317.8538049
2008-07-24,36.2354,36.2354,35.2836,35.4369,35.4369,2430382.593215
2008-07-25,35.6099,36.0615,35.3113,35.686,35.686,2369635.5234101
2008-07-28,35.5604,35.9064,35.17,35.1977,35.1977,1773182.7060129
2008-07-29,35.3607,35.4369,34.5156,35.0425,35.0425,3406374.5879254
2008-07-30,35.1206,35.8224,34.7648,35.4547,35.4547,1720318.1254797
2008-07-31,35.341,36.2454,35.1404,35.6099,35.6099,4094232.3097971
2008-08-01,34.9091,34.9091,32.8008,34.2537,34.2537,5752255.3987683
2008-08-04,34.3022,36.6684,34.3022,36.0517,36.0517,3569873.2593148
2008-08-05,35.9261,37.9563,35.6761,37.8811,37.8811,3520813.8439914
2008-08-06,37.6983,38.7559,37.3316,38.5641,38.5641,4283354.3829699
2008-08-07,38.3348,39.5446,38.1312,39.1117,39.1117,4034070.0274133
2008-08-08,38.8043,40.6497,38.8043,40.5745,40.5745,4769359.2702126
2008-08-11,38.4861,41.0944,38.4861,41.0164,41.0164,2598765.959535
2008-08-12,40.9106,41.6707,39.9785,40.1594,40.1594,3386521.1561479
2008-08-13,40.2078,41.0944,39.9489,40.6309,40.6309,2205260.6826317
2008-08-14,40.3996,41.4691,40.2938,41.0262,41.0262,2331354.2056621
2008-08-15,41.0944,42.4594,40.9294,41.5085,41.5085,2552294.5826607
2008-08-18,41.7962,41.7962,40.2741,40.5933,40.5933,1891775.1668614
2008-08-19,40.4481,40.8246,39.8995,40.3907,40.3907,2383824.2064477
2008-08-20,40.6397,40.6397,39.6404,40.1891,40.1891,1703974.4299725
2008-08-21,39.9193,40.3522,39.5446,39.8995,39.8995,1948897.1617003
2008-08-22,39.9785,40.9007,39.8412,40.6497,40.6497,1975209.5604283
2008-08-25,39.9785,40.707,39.1314,39.4961,39.4961,2106576.2876796
2008-08-26,39.4864,40.2455,39.0346,39.9489,39.9489,1316622.5736509
2008-08-27,40.0626,40.5152,39.2175,40.1891,40.1891,1808198.1175395
2008-08-28,40.2741,41.0065,40.2168,40.8433,40.8433,1380464.5651196
2008-08-29,40.6309,41.2762,40.2642,40.2839,40.2839,1920180.8617391
2008-09-02,40.2938,41.8248,39.9093,40.2741,40.2741,2950657.237435
2008-09-03,40.0142,40.8147,39.6128,40.362,40.362,1800481.5541105
2008-09-04,40.0062,40.1406,38.1411,38.1599,38.1599,2821035.766761
2008-09-05,37.8911,38.402,37.2466,38.3052,38.3052,2157835.2321618
2008-09-08,39.1216,39.6128,38.8419,39.5061,39.5061,2227781.0688079
2008-09-09,39.3539,39.8609,37.7438,37.8614,37.8614,3407796.0867608
2008-09-10,38.0542,38.8706,37.6508,38.402,38.402,2803581.1775022
2008-09-11,37.8426,39.3242,37.5816,39.1117,39.1117,3108100.6273085
2008-09-12,38.7559,39.2758,38.1599,39.1117,39.1117,2572083.2628897
2008-09-15,38.2755,38.8903,37.5135,37.9859,37.9859,2585827.7907753
2008-09-16,37.2368,37.7438,32.6764,36.4935,36.4935,4172099.0819466
2008-09-17,35.7335,36.2631,34.2449,34.2449,34.2449,3162296.6615552
2008-09-18,34.7737,37.8129,32.6951,35.7532,35.7532,5725501.8801171
2008-09-19,40.0626,41.1221,35.0326,35.4458,35.4458,4833812.354419
2008-09-22,34.148,34.919,32.869,33.2159,33.2159,2269108.7445582
2008-09-23,33.2357,33.7358,32.6674,33.1962,33.1962,1790376.2655924
2008-09-24,32.956,33.3593,32.4451,32.4451,32.4451,1353902.2658846
2008-09-25,32.5607,34.7737,32.5607,33.9641,33.9641,1630231.5220601
2008-09-26,33.4078,35.9844,33.4078,35.1404,35.1404,1374806.8985803
2008-09-29,34.4573,35.6573,30.4841,32.0596,32.0596,2053620.6502814
2008-09-30,33.9088,33.9088,31.5416,32.6861,32.6861,1990360.411005
2008-10-01,32.8887,33.9364,31.1275,32.4746,32.4746,1487812.5148955
2008-10-02,32.3392,32.6861,30.1568,30.9456,30.9456,1717147.3230951
2008-10-03,31.6651,33.1665,31.4241,32.1268,32.1268,2188282.6242992
2008-10-06,32.1851,32.7049,27.7709,29.1368,29.1368,3713069.2850598
2008-10-07,30.0125,30.6965,28.5013,29.0974,29.0974,2769704.9885298
2008-10-08,28.0783,28.9531,25.7595,26.5976,26.5976,4745123.9797473
2008-10-09,26.6935,26.8388,23.855,23.855,23.855,6669731.2168637
2008-10-10,23.4902,23.9419,20.4409,21.4136,21.4136,8019705.8966421
2008-10-13,22.1815,26.4524,21.8643,26.4524,26.4524,5069536.3193059
2008-10-14,27.587,29.9355,27.338,29.3573,29.3573,6115248.5319858
2008-10-15,28.8096,29.5984,25.4047,25.4906,25.4906,5924649.3141157
2008-10-16,25.895,27.9616,23.4328,24.7593,24.7593,6942663.0402353
2008-10-17,24.096,26.1924,24.0673,24.2602,24.2602,8337726.0442846
2008-10-20,24.5577,26.7805,24.106,26.741,26.741,2844143.9755873
2008-10-21,26.4326,28.1741,25.3375,26.7993,26.7993,3573149.2829653
2008-10-22,24.5971,25.202,22.8744,23.5,23.5,4942884.3141706
2008-10-23,23.5761,24.5577,22.3249,23.4902,23.4902,4791481.029669
2008-10-24,21.6626,23.5188,21.3157,22.9219,22.9219,3659102.9164611
2008-10-27,22.5363,22.5363,19.4882,19.9418,19.9418,5521822.8494752
2008-10-28,21.624,21.624,19.8449,21.4047,21.4047,6466614.7152982
2008-10-29,21.0764,21.1051,18.5176,19.0937,19.0937,8731440.7519771
2008-10-30,19.7758,19.8153,14.5057,14.986,14.986,18503675.634186
2008-10-31,14.7557,17.3918,9.44706,15.6798,15.6798,53961399.929054
2008-11-03,15.7857,18.6035,15.5167,18.4513,18.4513,15196539.876346
2008-11-04,17.4975,18.0659,16.3628,17.3236,17.3236,10943341.503546
2008-11-05,16.9786,17.8247,16.2966,16.4972,16.4972,6091001.1006053
2008-11-06,16.1702,16.3056,14.4869,14.736,14.736,7707603.4334756
2008-11-07,14.824,15.4575,14.6499,15.2459,15.2459,4337946.0087076
2008-11-10,15.7194,15.9211,13.8692,14.478,14.478,4429873.9842839
2008-11-11,14.5917,14.5917,12.9865,13.6111,13.6111,5572473.7364485
2008-11-12,13.3127,13.3511,12.4359,12.515,12.515,4238842.7521769
2008-11-13,12.6307,12.9272,11.6592,12.7069,12.7069,7609806.3370848
2008-11-14,12.515,13.5054,12.0129,12.4558,12.4558,7655864.9228382
2008-11-17,12.3124,12.8422,11.6976,11.7174,11.7174,5622810.9831093
2008-11-18,11.7174,12.4459,11.3507,12.0712,12.0712,5204616.1431593
2008-11-19,12.0416,12.3707,10.2644,10.4642,10.4642,7811006.5975154
2008-11-20,10.4355,10.5808,8.44562,8.54179,8.54179,9982388.0559458
2008-11-21,8.78228,9.14788,7.69543,8.48427,8.48427,16851591.476293
2008-11-24,8.763,10.2644,8.59962,10.0233,10.0233,8827640.3062603
2008-11-25,10.4552,11.3408,9.69615,11.0997,11.0997,8404794.4839998
2008-11-26,10.8792,11.9942,10.3405,11.8992,11.8992,4931066.1448492
2008-11-28,11.8598,12.178,11.4091,11.6492,11.6492,2234976.5846211
2008-12-01,11.321,11.4763,10.5906,10.7339,10.7339,4183548.9768366
2008-12-02,10.5906,11.7362,10.5906,11.5336,11.5336,6273272.6623087
2008-12-03,11.2835,12.1108,10.8881,11.9655,11.9655,4562597.4588222
2008-12-04,11.3507,12.3025,11.3507,11.84,11.84,5673032.8910746
2008-12-05,11.6679,13.7169,11.0434,13.6013,13.6013,8269208.7886745
2008-12-08,13.9472,14.4197,13.3127,14.1399,14.1399,6612438.2374673
2008-12-09,13.9472,15.6798,13.3611,13.5153,13.5153,8601971.0427446
2008-12-10,13.707,14.1972,13.3414,13.8435,13.8435,3707022.0974872
2008-12-11,13.8435,15.0651,13.8336,14.2368,14.2368,5132394.8966337
2008-12-12,13.794,14.9475,13.2445,14.9475,14.9475,7733323.9625816
2008-12-15,15.0354,15.4189,13.6013,14.0728,14.0728,4832923.0323719
2008-12-16,14.4197,15.4772,13.5924,15.3705,15.3705,7029238.8956413
2008-12-17,15.0453,15.757,14.7172,15.2362,15.2362,4045333.7616017
2008-12-18,15.4475,16.3431,14.814,15.2954,15.2954,4401229.5180716
2008-12-19,14.6598,15.8519,14.6401,15.5642,15.5642,6261652.7946043
2008-12-22,15.5167,16.775,14.5531,14.9376,14.9376,3118431.5345031
2008-12-23,15.1313,15.5454,14.824,14.9199,14.9199,2201468.6700799
2008-12-24,15.0059,15.0059,14.5155,14.814,14.814,715466.16331004
2008-12-26,15.1313,15.3705,15.0354,15.2756,15.2756,1478436.6930395
2008-12-29,15.0059,15.1313,14.5817,14.8042,14.8042,3519177.855652
2008-12-30,14.9376,15.8914,14.9199,15.8617,15.8617,2828383.0440156
2008-12-31,15.842,16.3431,15.6501,16.2076,16.2076,3223352.3129579
2009-01-02,16.2669,17.2276,16.1415,17.112,17.112,3222318.3116699
2009-01-05,17.026,18.0659,16.6198,17.4579,17.4579,4833185.0737942
2009-01-06,16.9876,17.5746,16.8511,17.4778,17.4778,4920570.3235548
2009-01-07,17.1902,17.3621,16.353,16.4389,16.4389,4023871.6585443
2009-01-08,16.3915,16.8511,16.0841,16.7275,16.7275,2822860.9510308
2009-01-09,16.9391,17.0073,15.9012,16.0753,16.0753,3236722.4959544
2009-01-12,16.0367,16.5072,15.2262,15.4189,15.4189,3341013.9702985
2009-01-13,14.2072,15.8815,14.2072,14.8337,14.8337,8934685.7448963
2009-01-14,14.4691,14.4691,13.7663,14.1014,14.1014,3755036.3823502
2009-01-15,14.0826,14.3998,13.4758,14.1598,14.1598,5806460.5387016
2009-01-16,14.2457,15.075,14.1598,14.6885,14.6885,6427205.3041687
2009-01-20,14.6499,15.3606,13.5054,13.5727,13.5727,5561464.9614818
2009-01-21,14.3998,14.4869,13.5054,14.2842,14.2842,4475474.2504839
2009-01-22,13.9669,14.8615,13.5627,14.3801,14.3801,7897042.1821896
2009-01-23,13.5924,15.1778,13.5824,14.7943,14.7943,2424697.6096163
2009-01-26,15.0453,15.497,14.7557,15.0059,15.0059,3064102.9619307
2009-01-27,15.1313,15.9972,15.0553,15.9211,15.9211,4398367.2972848
2009-01-28,15.3991,18.1024,15.3991,17.5944,17.5944,9611590.3376633
2009-01-29,17.4312,17.5549,16.6298,16.9292,16.9292,4719840.5235928
2009-01-30,16.949,17.1022,16.0268,16.6988,16.6988,5233343.5722929
2009-02-02,16.3628,17.3621,16.1514,16.9876,16.9876,6323192.0591339
2009-02-03,17.1902,17.8721,16.9292,17.6705,17.6705,5462712.7797525
2009-02-04,17.6615,17.9196,16.9006,17.3335,17.3335,5443423.9005374
2009-02-05,17.7377,20.9519,17.7377,20.5763,20.5763,13278162.952276
2009-02-06,20.6417,21.6439,19.9032,20.9025,20.9025,5906597.7965203
2009-02-09,21.1645,22.1815,20.5566,21.4047,21.4047,4292206.1219813
2009-02-10,21.0469,21.4047,19.3043,19.7482,19.7482,6931681.5823281
2009-02-11,19.9032,20.4311,19.5456,20.3353,20.3353,4462282.1342455
2009-02-12,19.6325,20.9994,19.2391,20.6712,20.6712,4825507.9683399
2009-02-13,20.6614,21.1249,20.1811,20.4893,20.4893,3867259.9213703
2009-02-17,19.7195,20.1345,18.9979,19.1601,19.1601,5321105.1904286
2009-02-18,19.3143,20.0951,18.8437,19.8153,19.8153,8881685.5908086
2009-02-19,20.1811,20.5763,18.4612,18.4889,18.4889,7104797.882137
2009-02-20,18.0837,18.5936,17.3621,17.9591,17.9591,7786711.6142167
2009-02-23,17.5361,18.2695,16.2176,17.0449,17.0449,9549117.2343969
2009-02-24,17.3335,18.1706,17.1802,18.0837,18.0837,8608979.3861132
2009-02-25,17.9977,18.0372,16.7947,17.2366,17.2366,6271037.7221468
2009-02-26,17.4975,17.4975,15.159,15.7668,15.7668,9916224.1144221
2009-02-27,15.3339,16.4884,14.986,15.159,15.159,7938156.3801788
2009-03-02,15.0553,15.0553,13.0626,13.4955,13.4955,10201113.727641
2009-03-03,13.8978,14.4098,12.525,12.8234,12.8234,9736436.3816447
2009-03-04,13.1694,14.1875,12.7859,13.794,13.794,7154604.9754956
2009-03-05,13.4273,13.6013,12.1968,12.3806,12.3806,6102810.1642402
2009-03-06,12.515,13.1021,12.254,12.9272,12.9272,7924689.0698598
2009-03-09,12.8887,13.6389,12.4191,13.0923,13.0923,5015981.7300851
2009-03-10,13.7169,14.9573,13.3127,14.736,14.736,6725122.1195265
2009-03-11,14.8714,15.2559,14.4098,14.7073,14.7073,6319088.4297556
2009-03-12,14.6984,16.353,14.6014,15.9111,15.9111,6927415.0623361
2009-03-13,16.0169,16.8511,16.0169,16.5823,16.5823,5324491.4940599
2009-03-16,16.6988,17.2663,15.9873,16.0367,16.0367,5577632.6137167
2009-03-17,16.103,16.6011,15.7757,16.5911,16.5911,4539417.416247
2009-03-18,16.4785,18.5936,16.1415,17.797,17.797,8987026.242585
2009-03-19,18.1024,18.4712,16.8413,17.1407,17.1407,5986909.951364
2009-03-20,17.1902,17.2189,16.2076,16.6011,16.6011,4923658.163018
2009-03-23,17.1506,18.1509,16.8907,18.0075,18.0075,5905478.808825
2009-03-24,17.3433,17.9977,17.0537,17.0824,17.0824,4162567.4516772
2009-03-25,17.6528,17.7772,16.7088,17.0725,17.0725,4773064.2728711
2009-03-26,17.3058,17.9977,17.121,17.9295,17.9295,3244590.8208249
2009-03-27,17.7377,17.8148,17.1407,17.2189,17.2189,3279757.993793
2009-03-30,16.6891,16.9292,16.0663,16.4785,16.4785,4911245.0888459
2009-03-31,16.8413,17.5163,16.4092,16.9203,16.9203,4304283.2974962
2009-04-01,16.5437,17.5944,16.1978,17.2089,17.2089,4951641.9610883
2009-04-02,17.7278,18.5176,17.5845,17.8918,17.8918,5047251.6692355
2009-04-03,17.8821,18.2873,17.0923,17.6438,17.6438,4413583.9111529
2009-04-06,17.4392,18.2695,17.035,17.2189,17.2189,4138031.6735579
2009-04-07,16.8214,17.6615,16.2472,17.1704,17.1704,5429881.7212406
2009-04-08,17.5845,18.5274,17.2959,18.304,18.304,5096901.9424378
2009-04-09,18.6718,19.8449,18.5838,19.671,19.671,5350389.0781811
2009-04-13,19.7293,20.4983,19.5266,19.6522,19.6522,4606171.2039067
2009-04-14,19.084,19.6028,18.7272,18.8141,18.8141,3711826.8647254
2009-04-15,18.7854,19.9982,18.7666,19.9595,19.9595,6196143.4507649
2009-04-16,19.8351,20.8176,19.333,20.4114,20.4114,7379317.1301869
2009-04-17,20.5665,20.9718,20.0367,20.5952,20.5952,3891163.3601501
2009-04-20,20.266,20.5379,19.2094,19.2846,19.2846,3379939.7683013
2009-04-21,19.5741,20.0654,18.6816,19.3517,19.3517,3054792.9033659
2009-04-22,18.9782,19.7392,18.7666,19.2589,19.2589,2483897.724461
2009-04-23,19.3517,19.7392,18.2299,18.8239,18.8239,2994712.5721607
2009-04-24,18.7172,19.3715,18.4315,18.8338,18.8338,2824150.9232836
2009-04-27,19.324,19.9982,18.7469,18.7567,18.7567,3858356.5834688
2009-04-28,18.5936,20.3737,18.5936,19.6127,19.6127,4599192.2010835
2009-04-29,19.5643,20.5082,19.074,19.9785,19.9785,3957112.8121698
2009-04-30,19.0454,20.3253,18.6134,18.9584,18.9584,5960004.6712713
2009-05-01,18.9979,19.2391,18.5838,18.7469,18.7469,3036497.5557211
2009-05-04,19.1798,19.1798,17.8444,18.5749,18.5749,5092773.0194859
2009-05-05,18.7567,19.2193,18.2952,18.4979,18.4979,5935803.7800662
2009-05-06,18.7567,19.3913,18.2952,19.3043,19.3043,5356845.0099027
2009-05-07,19.5079,22.5947,19.3814,21.4896,21.4896,11055629.794115
2009-05-08,22.6144,23.6928,22.576,22.7786,22.7786,7446597.0241772
2009-05-11,22.8645,22.8645,20.5566,20.614,20.614,5893833.6475469
2009-05-12,20.8076,21.1645,20.1049,20.6812,20.6812,3224091.8970496
2009-05-13,20.4114,21.4136,20.007,20.4014,20.4014,4431086.05233
2009-05-14,20.9125,21.3848,20.2196,21.0291,21.0291,5529201.4907612
2009-05-15,20.9816,22.1034,20.6614,20.8353,20.8353,4659222.9568845
2009-05-18,21.0666,21.0764,19.9695,20.6515,20.6515,5688262.6576009
2009-05-19,20.6515,21.0854,20.1444,20.1998,20.1998,3743936.5505187
2009-05-20,20.4696,21.1447,20.0555,20.1444,20.1444,3364725.1779191
2009-05-21,19.8252,20.9125,19.671,19.9508,19.9508,4573776.2066034
2009-05-22,19.8638,20.1711,19.1304,19.1699,19.1699,3332487.0007719
2009-05-26,19.0265,19.8835,18.5838,19.6908,19.6908,3883606.6521062
2009-05-27,19.5356,20.2383,19.4209,19.5543,19.5543,3796605.8646639
2009-05-28,19.7482,21.3553,19.7482,21.0567,21.0567,8104684.2099406
2009-05-29,21.0192,21.4511,20.3935,21.3257,21.3257,4915363.8943684
2009-06-01,21.5964,22.5857,21.3947,22.2379,22.2379,5427002.3008238
2009-06-02,21.9512,23.1146,21.7406,22.566,22.566,4735564.0206755
2009-06-03,21.4996,22.4128,21.3257,22.315,22.315,5614614.8535252
2009-06-04,22.576,22.9219,21.634,22.1915,22.1915,4025973.0486376
2009-06-05,22.5947,22.7014,21.8069,21.9699,21.9699,2766275.1799518
2009-06-08,21.8643,21.9127,20.3056,20.4598,20.4598,7345189.0172216
2009-06-09,20.7306,20.7592,19.0937,19.6325,19.6325,9555687.4930711
2009-06-10,19.8835,20.4598,19.4012,19.6908,19.6908,4930255.7387516
2009-06-11,19.4693,20.3154,19.2391,20.1049,20.1049,4951746.1706115
2009-06-12,19.8449,20.355,19.4407,20.0951,20.0951,4236079.6821986
2009-06-15,19.6325,19.9785,19.3814,19.6225,19.6225,3891824.0282921
2009-06-16,19.5266,21.1447,19.498,20.7206,20.7206,7354105.5077813
2009-06-17,20.6327,21.4422,20.2957,21.0092,21.0092,5972815.3604201
2009-06-18,21.1447,22.8358,21.0953,22.7587,22.7587,8458055.6677669
2009-06-19,23.2589,24.4618,23.1422,24.2789,24.2789,11909259.573769
2009-06-22,23.6542,24.1158,22.6916,23.0079,23.0079,6830663.0964057
2009-06-23,23.0671,23.3271,22.6639,22.9692,22.9692,3613685.7757338
2009-06-24,23.3073,23.5188,22.6727,22.8063,22.8063,4979160.3574046
2009-06-25,22.5947,24.6258,22.4029,24.0289,24.0289,6916671.3640205
2009-06-26,23.9517,24.1445,23.4506,23.7313,23.7313,3645687.2050322
2009-06-29,23.7116,23.9419,22.9505,23.3271,23.3271,4420294.8020962
2009-06-30,23.3468,23.6444,22.8546,23.1719,23.1719,4746476.6800626
2009-07-01,22.9692,23.9142,22.6441,23.6344,23.6344,4011250.1653259
2009-07-02,23.1907,23.4605,22.6244,22.7587,22.7587,4555317.9683448
2009-07-06,22.6441,22.9307,22.2191,22.576,22.576,3635982.5667195
2009-07-07,22.6144,24.7038,22.566,24.2789,24.2789,9909152.031248
2009-07-08,24.4419,24.5487,22.4603,23.2095,23.2095,7901954.1941796
2009-07-09,23.2974,23.7116,22.3941,23.1521,23.1521,5248636.0668818
2009-07-10,22.9307,23.7413,22.8932,23.0671,23.0671,3163327.6276146
2009-07-13,23.1907,23.7877,23.0375,23.7413,23.7413,3499562.1834662
2009-07-14,23.7116,24.1158,23.2392,23.6741,23.6741,3434839.9756366
2009-07-15,23.8747,24.1445,22.5947,23.586,23.586,6225368.6574266
2009-07-16,23.5584,24.0289,22.4514,23.8074,23.8074,6029622.7032037
2009-07-17,23.9804,24.0476,23.5188,23.9231,23.9231,4206476.083676
2009-07-20,23.9043,24.0476,23.3646,24.0189,24.0189,3609322.1284191
2009-07-21,23.9419,24.6941,23.3073,23.6928,23.6928,4366744.2598473
2009-07-22,23.6542,23.9616,23.3557,23.4803,23.4803,4948451.9355879
2009-07-23,23.4506,24.5577,23.1818,24.356,24.356,4884540.133856
2009-07-24,24.5399,25.3473,24.3758,25.202,25.202,4259671.5041518
2009-07-27,24.8087,25.9523,24.5872,25.4323,25.4323,3863783.572617
2009-07-28,25.8474,27.8855,25.376,27.3854,27.3854,10083958.953515
2009-07-29,27.078,27.8944,25.0479,25.5687,25.5687,9874820.5579511
2009-07-30,27.1354,28.0497,26.1924,26.7025,26.7025,9811766.7142352
2009-07-31,26.6738,27.5486,26.5206,27.3183,27.3183,5301538.081904
2009-08-03,27.1937,27.6552,26.2803,26.9821,26.9821,6040790.3218124
2009-08-04,26.9821,27.5583,26.3653,26.8674,26.8674,4746271.2962451
2009-08-05,26.9525,26.9624,26.2706,26.5018,26.5018,3198322.8042823
2009-08-06,26.5206,26.7993,25.4808,25.8178,25.8178,6094864.946906
2009-08-07,26.2507,27.164,26.068,26.5976,26.5976,3556995.7951317
2009-08-10,26.5492,26.9436,26.309,26.9436,26.9436,2814810.5124306
2009-08-11,26.9624,27.4902,26.5018,27.0583,27.0583,4391501.6096712
2009-08-12,27.0493,27.9428,26.6352,27.6256,27.6256,3287095.1536183
2009-08-13,27.6256,28.3857,27.415,27.9428,27.9428,4513574.4662448
2009-08-14,27.9428,28.1357,27.2322,27.7215,27.7215,3103344.4237317
2009-08-17,27.328,29.465,27.2796,28.5497,28.5497,8449236.3045296
2009-08-18,28.7909,28.7909,27.6829,28.348,28.348,3146083.480888
2009-08-19,27.4052,28.1357,27.164,28.0101,28.0101,4074048.0380771
2009-08-20,27.7115,29.387,27.7115,28.7809,28.7809,4901604.1903387
2009-08-21,29.127,29.127,28.1454,28.7316,28.7316,4380620.3143154
2009-08-24,29.032,29.1844,28.5596,28.8551,28.8551,3396211.6300593
2009-08-25,28.8651,29.3384,28.694,29.2436,29.2436,3894197.5772372
2009-08-26,29.465,29.465,28.5299,28.8294,28.8294,3227733.1599027
2009-08-27,29.0509,29.4739,28.8383,29.4067,29.4067,3992310.3374262
2009-08-28,29.628,29.7615,28.4054,28.5399,28.5399,3095776.5865155
2009-08-31,28.2315,29.1457,28.02,28.3086,28.3086,2650435.6716522
2009-09-01,28.2997,28.5696,27.4349,27.5969,27.5969,3821428.9777792
2009-09-02,27.5486,28.7227,27.2896,28.5696,28.5696,5579477.0211024
2009-09-03,28.5893,28.6842,27.6651,28.5112,28.5112,3449618.5048103
2009-09-04,28.4914,29.0974,28.3857,28.7612,28.7612,2161888.2743929
2009-09-08,28.617,28.6367,27.7512,28.2799,28.2799,3813090.19244
2009-09-09,28.4726,28.6644,27.4902,28.2898,28.2898,4885296.9175776
2009-09-10,28.1544,29.897,28.098,29.8771,29.8771,6422863.9151988
2009-09-11,29.9058,30.2528,29.6755,30.1371,30.1371,3626002.7343263
2009-09-14,30.2241,30.916,29.9255,30.8586,30.8586,4791379.8553746
2009-09-15,30.9842,31.0226,30.1668,30.1954,30.1954,4395617.3799648
2009-09-16,30.3981,31.2995,29.5026,31.2995,31.2995,4784362.4063195
2009-09-17,31.2807,31.7433,30.8487,31.3577,31.3577,5774070.600113
2009-09-18,31.4527,31.6849,30.571,30.6283,30.6283,4782143.6540448
2009-09-21,30.3694,30.8023,30.1668,30.5423,30.5423,2079280.4748108
2009-09-22,30.6184,30.7628,29.7141,30.1184,30.1184,5277471.7525104
2009-09-23,30.0412,30.1668,29.032,29.1844,29.1844,8265250.8502801
2009-09-24,29.1941,29.4828,27.7314,28.0881,28.0881,6814698.8045025
2009-09-25,27.9616,28.3955,27.1254,27.2322,27.2322,6089278.1023728
2009-09-28,27.415,28.2315,27.2233,27.9331,27.9331,5121438.7323
2009-09-29,28.1454,28.2997,26.8477,27.5099,27.5099,9500456.4457932
2009-09-30,27.4447,27.4447,26.404,27.0197,27.0197,8354988.4023842
2009-10-01,26.8774,28.02,26.5976,26.7509,26.7509,4697348.4662191
2009-10-02,26.4819,27.2411,25.808,26.7608,26.7608,4877552.0253462
2009-10-05,26.9525,27.7512,26.4425,27.6068,27.6068,4714375.0882129
2009-10-06,27.7709,27.8767,26.9436,27.587,27.587,4820617.2029518
2009-10-07,27.3183,28.7809,27.3183,28.4341,28.4341,5720516.0108922
2009-10-08,27.6651,27.8944,27.0296,27.251,27.251,7093321.6819306
2009-10-09,27.4645,28.4914,27.3854,28.3955,28.3955,5317028.8781098
2009-10-12,28.7029,28.9728,28.4154,28.5112,28.5112,3217670.3645881
2009-10-13,28.444,28.4914,27.3953,27.6157,27.6157,4500819.4229579
2009-10-14,27.7609,28.6743,27.587,28.5793,28.5793,3751445.7066443
2009-10-15,28.4154,28.8551,27.5782,27.8292,27.8292,4916424.200973
2009-10-16,27.5683,27.9142,27.2322,27.2896,27.2896,3039948.610901
2009-10-19,27.3183,27.7906,27.2233,27.7512,27.7512,2816825.9043737
2009-10-20,27.8193,28.8096,27.7314,28.1357,28.1357,4311621.4690643
2009-10-21,28.1257,28.7029,27.0197,27.088,27.088,4055958.0742498
2009-10-22,27.0296,28.0881,27.0296,27.8193,27.8193,4780854.6935349
2009-10-23,28.1357,28.2413,27.2698,27.415,27.415,2647756.5763382
2009-10-26,27.6918,27.7906,26.3357,26.4524,26.4524,3815715.665378
2009-10-27,26.5393,27.9331,26.1627,27.5396,27.5396,6177542.5567512
2009-10-28,27.3577,27.5001,26.3555,26.5018,26.5018,4735657.1010264
2009-10-29,26.6441,27.8489,26.6441,27.6355,27.6355,4384376.9158641
2009-10-30,27.4546,27.8668,26.7805,26.7805,26.7805,3764802.7369825
2009-11-02,26.7123,27.4645,26.5206,26.9624,26.9624,4011977.6085021
2009-11-03,27.0967,27.3479,26.6836,27.2322,27.2322,3126224.9903957
2009-11-04,28.1454,29.8099,28.0397,28.6456,28.6456,8002620.5935578
2009-11-05,29.2139,29.4828,28.5201,29.2812,29.2812,3590706.0582614
2009-11-06,28.5982,29.7803,28.5982,29.7042,29.7042,3568203.8834583
2009-11-09,29.4739,30.2824,29.0874,29.7803,29.7803,4955805.2833003
2009-11-10,29.7339,30.0609,29.5313,29.7704,29.7704,2677648.5215997
2009-11-11,29.8199,29.9928,29.2812,29.7239,29.7239,3642450.6393564
2009-11-12,29.6854,29.8199,28.9342,29.0687,29.0687,2186676.9882481
2009-11-13,29.29,29.7339,29.0687,29.4264,29.4264,2140148.9537691
2009-11-16,29.6083,30.312,29.4452,29.7516,29.7516,4437189.8975073
2009-11-17,29.7704,29.887,29.2139,29.4264,29.4264,2825508.6823136
2009-11-18,29.387,29.5984,28.9728,29.032,29.032,3008117.1544171
2009-11-19,28.617,28.8551,27.8489,28.7029,28.7029,4151642.6513749
2009-11-20,28.348,29.0222,28.3383,28.8848,28.8848,3087742.3358022
2009-11-23,30.0026,31.2025,30.0026,31.0702,31.0702,6186884.9910902
2009-11-24,31.0226,31.5505,30.6867,31.5505,31.5505,3930566.7008221
2009-11-25,31.5604,31.9854,30.994,31.8964,31.8964,3327488.9906319
2009-11-27,30.8586,31.512,30.5611,31.3964,31.3964,1749750.7394448
2009-11-30,31.7146,31.7433,30.7529,30.8586,30.8586,3763995.3661136
2009-12-01,31.0039,32.2435,30.8586,31.8183,31.8183,4393271.1480791
2009-12-02,31.858,32.0971,31.512,32.0971,32.0971,3233660.9618078
2009-12-03,32.2048,32.2622,30.9258,31.0039,31.0039,3497301.9497307
2009-12-04,31.2412,31.8767,30.7252,30.9357,30.9357,3684856.8330843
2009-12-07,30.7628,32.5507,30.7628,31.9755,31.9755,4169453.3741498
2009-12-08,31.597,33.0806,31.597,32.5607,32.5607,5118921.515857
2009-12-09,32.791,33.5332,32.0141,32.272,32.272,6641071.5745072
2009-12-10,32.4925,34.3882,32.4925,34.2261,34.2261,6703547.7130024
2009-12-11,34.1667,34.6294,33.8594,34.2063,34.2063,3068017.3953785
2009-12-14,34.7648,35.2936,34.5434,34.8991,34.8991,3649455.9474962
2009-12-15,34.8894,35.5406,34.2063,34.6788,34.6788,4033975.9353195
2009-12-16,34.9278,35.6375,34.7648,35.4003,35.4003,4711597.8538334
2009-12-17,35.0128,35.254,34.1865,34.6887,34.6887,3062307.1182062
2009-12-18,34.6887,34.8507,34.0027,34.4376,34.4376,4072682.1851036
2009-12-21,34.8122,36.6684,34.8122,35.7729,35.7729,4506087.568464
2009-12-22,35.9647,36.2256,35.0326,35.2738,35.2738,4487079.9537872
2009-12-23,35.5604,35.7729,35.0623,35.1017,35.1017,2990090.9303953
2009-12-24,35.1897,35.254,34.1865,34.9477,34.9477,1765111.0208107
2009-12-28,34.8607,35.2244,34.3496,34.6887,34.6887,2121262.7482454
2009-12-29,34.8409,35.1017,34.5622,34.831,34.831,1531883.0257653
2009-12-30,34.6985,34.6985,34.1767,34.4573,34.4573,1444827.6042042
2009-12-31,34.5058,34.8023,33.9187,33.9277,33.9277,1156705.4722809
2010-01-04,33.9277,35.0228,33.8416,34.9851,34.9851,3355042.7979512
2010-01-05,35.0326,36.0714,34.6194,35.5703,35.5703,4744892.2906134
2010-01-06,35.5308,36.1287,35.1503,35.4932,35.4932,2715242.8658889
2010-01-07,34.7925,36.9372,34.6294,36.8029,36.8029,5146969.0537327
2010-01-08,36.8977,36.8977,36.0813,36.5232,36.5232,2825478.3300253
2010-01-11,36.6012,36.7929,35.7145,35.9458,35.9458,2505149.3849862
2010-01-12,35.8224,35.9458,34.7648,35.1503,35.1503,4526100.8556265
2010-01-13,35.2836,35.6375,34.2736,35.0623,35.0623,5646719.4806038
2010-01-14,34.9377,35.5109,34.5058,35.3706,35.3706,3488984.4109934
2010-01-15,35.3213,35.5901,34.4573,35.4369,35.4369,4312026.1662417
2010-01-19,35.8025,37.4007,35.5999,36.4747,36.4747,8087620.153458
2010-01-20,37.1487,37.7635,36.4836,36.7455,36.7455,6874041.5751021
2010-01-21,36.8512,37.381,35.5406,35.6375,35.6375,4351561.0334963
2010-01-22,35.5506,36.6308,35.1404,35.3213,35.3213,4496416.3176684
2010-01-25,35.7927,35.7927,34.919,34.9674,34.9674,3348486.7036783
2010-01-26,33.3978,34.0719,32.6861,33.0519,33.0519,8875232.6943159
2010-01-27,32.9076,33.6478,32.4648,33.2742,33.2742,4206503.4007355
2010-01-28,33.4768,33.9938,33.1665,33.1764,33.1764,3819070.6049782
2010-01-29,33.2159,33.3216,32.4262,32.4835,32.4835,2720689.0781531
2010-02-01,32.2435,33.129,31.858,32.5023,32.5023,4902756.5655512
2010-02-02,32.5409,34.0126,32.3581,33.899,33.899,4631723.7836841
2010-02-03,33.6874,33.8594,32.7049,33.4374,33.4374,4171524.4119548
2010-02-04,33.3119,34.2834,31.8283,32.2435,32.2435,6610493.6675301
2010-02-05,32.1663,32.6951,31.4527,32.0872,32.0872,5573170.8273364
2010-02-08,31.9755,32.5507,31.4823,31.8183,31.8183,2856608.6486495
2010-02-09,32.2148,32.4648,31.4338,32.2048,32.2048,2977201.325297
2010-02-10,32.0496,32.2245,31.3291,31.7996,31.7996,3393048.9216184
2010-02-11,31.6464,32.1366,31.3479,32.0684,32.0684,3157833.8634321
2010-02-12,31.6167,31.6751,31.0415,31.512,31.512,4262223.1198549
2010-02-16,30.8783,31.4724,30.7826,31.4724,31.4724,4347551.4962118
2010-02-17,31.3864,32.4361,31.3864,31.9261,31.9261,5516090.3139582
2010-02-18,31.3776,32.2622,31.3776,31.8866,31.8866,4766605.3059207
2010-02-19,31.6948,31.7433,31.2609,31.5505,31.5505,2837814.5117336
2010-02-22,31.3964,32.3768,31.3964,32.1465,32.1465,4224109.7514358
2010-02-23,31.8866,32.0684,31.3776,31.7433,31.7433,3569348.1647271
2010-02-24,31.9261,32.6861,31.2995,32.6387,32.6387,5382440.0828837
2010-02-25,32.2522,32.8987,31.7334,32.5794,32.5794,4863114.4535446
2010-02-26,32.7435,33.4374,32.619,32.956,32.956,3339786.7261083
2010-03-01,32.956,33.6578,32.7336,33.2644,33.2644,3847517.7813166
2010-03-02,33.3978,33.4768,32.9837,33.129,33.129,4343375.0213416
2010-03-03,33.1962,33.7358,32.9076,33.3691,33.3691,3269768.0439704
2010-03-04,33.3405,33.3791,32.2997,32.7435,32.7435,5198960.5001059
2010-03-05,32.8206,33.4966,32.6861,33.4472,33.4472,3729812.6190294
2010-03-08,33.4374,33.6104,33.0617,33.4768,33.4768,2439889.9416537
2010-03-09,32.5122,33.2644,32.4925,32.7534,32.7534,3769120.8558647
2010-03-10,32.619,33.3216,32.4548,33.0222,33.0222,2872156.10246
2010-03-11,32.879,33.6578,32.5893,33.6192,33.6192,3449707.5381893
2010-03-12,33.6578,33.889,32.9837,33.2259,33.2259,2528952.6612145
2010-03-15,33.0903,33.129,32.1762,32.9837,32.9837,2583830.6102051
2010-03-16,33.0222,33.7071,32.6387,33.6281,33.6281,3454165.2775977
2010-03-17,33.7526,33.7526,33.1103,33.5055,33.5055,2357064.6173387
2010-03-18,32.9461,34.6491,32.7049,34.4772,34.4772,6253645.8609505
2010-03-19,34.6591,36.5626,34.6194,35.6671,35.6671,8087664.6701474
2010-03-22,35.9647,36.5232,35.4092,35.8589,35.8589,5172160.4412793
2010-03-23,35.9943,36.0418,35.2738,35.5308,35.5308,3506339.8494436
2010-03-24,35.6188,35.6671,34.8705,35.003,35.003,2721281.9595178
2010-03-25,35.427,35.4458,34.6591,34.7272,34.7272,3918323.5994645
2010-03-26,34.8894,35.092,34.2449,34.5335,34.5335,2790217.0649634
2010-03-29,34.6688,35.0425,34.4178,34.9674,34.9674,1654875.5566745
2010-03-30,35.0623,35.418,34.7925,35.1897,35.1897,2500759.4323549
2010-03-31,35.003,35.2738,34.6887,35.1897,35.1897,2794575.6535634
2010-04-01,35.2441,35.7729,35.2441,35.7335,35.7335,2439089.6529857
2010-04-05,35.9064,36.1771,35.5604,35.5901,35.5901,2783885.577624
2010-04-06,35.5209,35.9361,35.3706,35.6761,35.6761,2091505.3647953
2010-04-07,35.5604,35.5604,34.5255,34.8705,34.8705,3175811.5237926
2010-04-08,34.6985,35.2342,34.148,35.2244,35.2244,4043549.0470495
2010-04-09,35.1601,35.3024,34.7737,35.2342,35.2342,4134081.8291071
2010-04-12,35.1799,35.2738,34.9278,35.0326,35.0326,1938035.0894606
2010-04-13,34.8894,34.919,33.8791,34.3496,34.3496,5058759.2334733
2010-04-14,34.3882,34.3882,33.3216,33.3593,33.3593,7401769.7295858
2010-04-15,33.3593,33.552,32.7633,33.3978,33.3978,5515748.3448433
2010-04-16,33.2842,33.8317,32.7049,33.1764,33.1764,5325935.2512402
2010-04-19,32.9748,34.3407,32.9748,33.9543,33.9543,4810234.6968671
2010-04-20,34.3407,34.6688,33.0617,33.6014,33.6014,4278829.8685272
2010-04-21,33.5915,33.7448,32.5221,32.7049,32.7049,4265473.8499319
2010-04-22,32.5607,32.6091,31.8767,32.2522,32.2522,4965621.2133367
2010-04-23,32.1475,32.9085,32.0141,32.6971,32.6971,4245502.0442301
2010-04-26,32.791,32.879,31.597,31.6267,31.6267,0.0
2010-04-27,31.2609,32.0141,30.9456,31.1275,31.1275,7495132.3566559
2010-04-28,31.3479,32.0872,30.994,31.838,31.838,6885200.0880244
2010-04-29,32.1465,33.2644,31.9162,32.5221,32.5221,6234484.4613463
2010-04-30,32.6091,32.6091,30.7826,30.8389,30.8389,7848732.4683873
2010-05-03,31.0415,31.5218,30.6867,31.4724,31.4724,6581416.175338
2010-05-04,30.9555,30.9842,29.9652,30.0314,30.0314,5433056.5705969
2010-05-05,29.6083,31.0316,29.6083,30.7826,30.7826,7310595.5025023
2010-05-06,31.5505,32.6764,29.6083,31.6751,31.6751,9432322.6407587
2010-05-07,31.7996,31.7996,29.7902,30.1954,30.1954,9268248.2876345
2010-05-10,31.2807,31.7996,30.8783,31.4051,31.4051,4824778.5016778
2010-05-11,31.0702,32.3679,30.9456,31.8667,31.8667,3508880.3359745
2010-05-12,32.0141,32.8206,31.8085,32.6674,32.6674,3377616.8065034
2010-05-13,32.4361,33.2842,32.2245,32.5507,32.5507,4164344.0722858
2010-05-14,32.2899,32.4746,31.5693,32.1564,32.1564,3413472.976416
2010-05-17,32.0596,32.5893,31.6167,32.3867,32.3867,3028290.2969647
2010-05-18,32.6861,33.1388,32.3491,32.4648,32.4648,4474658.7856716
2010-05-19,32.2245,33.0133,32.1663,32.4548,32.4548,3609357.5394222
2010-05-20,31.7433,32.1268,31.0988,31.3864,31.3864,5693822.1850747
2010-05-21,30.7726,31.8964,30.6669,31.4051,31.4051,4701252.7822376
2010-05-24,31.2025,31.9755,31.0316,31.4625,31.4625,3178594.8286297
2010-05-25,30.4554,30.9644,30.0314,30.9357,30.9357,6390533.6694437
2010-05-26,31.2125,31.9943,31.1086,31.1938,31.1938,4170424.6473754
2010-05-27,31.8964,32.4262,31.4724,32.3966,32.3966,2481795.3226247
2010-05-28,32.3581,32.6091,31.9854,32.1949,32.1949,2894974.9528045
2010-06-01,31.8085,32.6764,31.5693,31.6069,31.6069,3315972.3207076
2010-06-02,31.8283,32.5023,31.6948,32.4746,32.4746,3404825.6094791
2010-06-03,32.6674,33.5332,32.4164,33.4768,33.4768,3301017.7482619
2010-06-04,32.9649,34.3981,32.6764,32.7711,32.7711,4336960.5710808
2010-06-07,32.7336,33.4078,31.9557,32.619,32.619,3628025.20847
2010-06-08,32.6574,33.1103,31.7531,32.3491,32.3491,4930117.1299684
2010-06-09,32.6288,32.8601,31.8667,32.0229,32.0229,3061481.5359644
2010-06-10,32.4361,32.8987,32.107,32.8403,32.8403,3221258.0050652
2010-06-11,32.4648,33.2259,32.2622,33.1764,33.1764,2510423.6009498
2010-06-14,33.3978,33.8495,33.2159,33.2357,33.2357,3074019.0545185
2010-06-15,33.5432,33.8317,33.4176,33.7725,33.7725,2305730.8038788
2010-06-16,33.4768,34.138,33.4275,33.8495,33.8495,1834138.1948643
2010-06-17,34.0126,34.148,33.6192,33.9938,33.9938,2448239.8561653
2010-06-18,34.0423,34.1203,33.7358,33.8693,33.8693,2816046.8623073
2010-06-21,34.1667,34.571,33.7448,33.8693,33.8693,2266062.3865557
2010-06-22,33.7922,34.062,32.8107,32.9076,32.9076,4334469.6599542
2010-06-23,32.8601,32.9936,32.4361,32.6574,32.6574,3371513.9730691
2010-06-24,32.4925,32.8403,32.0141,32.0684,32.0684,2593917.6873504
2010-06-25,32.0872,32.2048,31.6751,32.0229,32.0229,4774595.0399444
2010-06-28,32.0309,32.4451,31.8283,31.9261,31.9261,2265806.4155911
2010-06-29,31.4338,31.6849,30.4454,30.657,30.657,5114891.7437135
2010-06-30,30.4643,30.7529,29.7704,29.8761,29.8761,5055484.2215656
2010-07-01,29.8,29.8573,28.0101,28.7227,28.7227,10023965.632203
2010-07-02,28.8473,29.0123,28.4539,28.6367,28.6367,3108081.4041925
2010-07-06,28.8947,29.5697,28.694,29.0419,29.0419,4705590.1242357
2010-07-07,29.2623,30.0798,29.0222,29.5313,29.5313,7698631.2970539
2010-07-08,29.6943,30.0996,29.4551,29.8287,29.8287,3104881.2612627
2010-07-09,29.9453,30.1568,29.7042,30.0996,30.0996,2233946.6303047
2010-07-12,30.0314,30.2142,29.7141,29.9453,29.9453,2751735.4221129
2010-07-13,30.233,30.4939,30.0512,30.1767,30.1767,2723515.8879366
2010-07-14,30.1371,30.4554,29.8771,30.2528,30.2528,3717874.0522978
2010-07-15,30.3022,30.7054,29.6854,30.408,30.408,3848636.769012
2010-07-16,30.1954,30.4741,29.1457,29.1844,29.1844,3857836.5475959
2010-07-19,29.3484,30.0996,29.3,29.9652,29.9652,2760078.2544238
2010-07-20,29.5609,30.1272,29.2623,30.0609,30.0609,3867594.8082846
2010-07-21,30.1471,30.3022,29.3484,29.5213,29.5213,3420102.9279237
2010-07-22,29.8476,30.4267,29.7239,30.321,30.321,3532853.5850173
2010-07-23,30.2044,30.3397,29.6469,29.8287,29.8287,3949693.7011661
2010-07-26,29.8199,30.6382,29.7704,30.571,30.571,2284367.8516298
2010-07-27,30.6481,30.829,30.2626,30.3299,30.3299,2213681.4191492
2010-07-28,30.2142,30.4554,29.0785,29.2139,29.2139,3810696.408636
2010-07-29,29.465,29.8376,29.0785,29.4551,29.4551,3055336.2093264
2010-07-30,29.2139,29.8287,28.9145,29.5886,29.5886,2705037.4148192
2010-08-02,30.0896,30.4454,29.8099,30.3891,30.3891,3004480.9502787
2010-08-03,30.2044,30.9842,30.1272,30.5611,30.5611,3273022.8210192
2010-08-04,30.5907,31.1374,30.5136,30.9258,30.9258,3324405.1981405
2010-08-05,32.4925,32.7336,31.4141,32.6674,32.6674,6134947.1670929
2010-08-06,32.3392,33.2456,32.2435,33.0806,33.0806,3370783.4946639
2010-08-09,33.3593,33.4472,33.0716,33.3216,33.3216,2646045.719021
2010-08-10,33.042,33.6677,32.8403,33.5332,33.5332,2820772.7135958
2010-08-11,33.0617,33.0617,31.589,32.1268,32.1268,5969617.2409761
2010-08-12,31.8866,32.2799,31.5317,32.1465,32.1465,2484949.9371221
2010-08-13,32.0141,32.2435,31.6849,32.107,32.107,2182579.4293275
2010-08-16,31.8767,32.1564,31.3094,32.0971,32.0971,3017913.8613377
2010-08-17,32.4262,32.8403,32.0773,32.4925,32.4925,2054271.2009939
2010-08-18,32.4262,32.6674,32.0496,32.4835,32.4835,3132482.6205004
2010-08-19,32.2799,32.4451,31.3677,31.6267,31.6267,3499758.4615972
2010-08-20,31.3677,31.6948,30.8783,31.1739,31.1739,2040190.7744512
2010-08-23,31.339,31.7828,31.2412,31.4724,31.4724,2692647.6107349
2010-08-24,31.1651,31.251,30.5611,30.5611,30.5611,2884556.0239738
2010-08-25,30.3397,31.2322,30.1954,31.0988,31.0988,2247491.8448303
2010-08-26,31.251,31.5021,30.6965,30.7826,30.7826,1830565.7305313
2010-08-27,30.9357,31.3192,30.3694,31.2807,31.2807,1888524.4367845
2010-08-30,31.1838,31.5021,30.6965,30.6965,30.6965,1270250.347585
2010-08-31,30.5127,31.5505,30.3012,30.993,30.993,3666224.5750394
2010-09-01,31.4338,32.2997,31.1551,32.2899,32.2899,2861289.9832483
2010-09-02,32.1366,32.3392,31.4922,31.763,31.763,3421849.1962439
2010-09-03,32.0684,32.6288,32.0141,32.4746,32.4746,2053677.3078862
2010-09-07,32.2435,32.4548,31.8964,32.2048,32.2048,1515190.2789428
2010-09-08,32.2048,32.4361,32.0773,32.3679,32.3679,1759170.0662474
2010-09-09,32.7238,33.3306,32.6091,33.0806,33.0806,3000077.8449892
2010-09-10,33.1665,33.3691,32.8887,33.3216,33.3216,2008027.466282
2010-09-13,33.8218,34.0126,33.467,33.9187,33.9187,3517286.9080908
2010-09-14,33.899,34.0423,33.5817,33.7358,33.7358,2666666.0519495
2010-09-15,33.5717,33.6677,33.0903,33.3306,33.3306,3015564.5942231
2010-09-16,33.2842,33.3791,32.9461,33.3216,33.3216,1854694.7879874
2010-09-17,33.5717,33.638,33.0222,33.1586,33.1586,2136253.743437
2010-09-20,33.1962,33.7161,33.119,33.6478,33.6478,1549111.9963477
2010-09-21,33.6677,34.5156,33.4768,34.2359,34.2359,2346819.7082944
2010-09-22,34.157,34.3407,33.7448,34.1203,34.1203,2373772.5403054
2010-09-23,33.7823,34.4672,33.6775,33.802,33.802,2108103.0077811
2010-09-24,34.3022,34.6393,34.2162,34.6393,34.6393,2288630.3246502
2010-09-27,34.5335,34.6688,34.2736,34.2834,34.2834,2089951.3276344
2010-09-28,34.3219,34.3981,33.9938,34.1865,34.1865,2908013.2841155
2010-09-29,34.1303,34.312,33.6192,33.9938,33.9938,3157551.5871509
2010-09-30,34.2963,34.6224,34.0551,34.4208,34.4208,3618642.3044133
2010-10-01,34.6788,34.8023,34.0225,34.6591,34.6591,2818666.2647876
2010-10-04,34.4672,34.6788,33.6192,33.8218,33.8218,2418232.5722083
2010-10-05,34.138,34.5532,33.889,34.4573,34.4573,2696704.6999378
2010-10-06,34.3407,34.6688,33.0222,33.2644,33.2644,3543117.7171776
2010-10-07,33.4374,34.2261,33.3889,34.0225,34.0225,2472062.3555095
2010-10-08,34.0423,34.1964,33.6578,34.0719,34.0719,1279302.4116992
2010-10-11,34.0719,34.8409,34.0719,34.6788,34.6788,1599019.2522576
2010-10-12,34.5799,34.919,34.2261,34.7558,34.7558,2900673.0890614
2010-10-13,34.9377,35.1601,34.6294,34.8122,34.8122,3924480.0552747
2010-10-14,34.8122,35.2342,34.2636,34.5799,34.5799,3424986.6111113
2010-10-15,34.8991,34.9674,34.1865,34.5058,34.5058,3785422.058168
2010-10-18,34.4376,34.5799,33.9277,34.3496,34.3496,3431529.552726
2010-10-19,33.8416,33.899,33.119,33.3019,33.3019,3445778.9403403
2010-10-20,33.3216,34.2449,33.3019,33.9641,33.9641,1927494.7514766
2010-10-21,34.0027,34.3022,33.6775,34.3022,34.3022,2605241.1143725
2010-10-22,34.3022,35.0228,34.2261,34.7925,34.7925,2327600.6393423
2010-10-25,35.1206,35.341,34.9377,34.9931,34.9931,2451098.0299802
2010-10-26,34.7835,34.9931,34.5058,34.7558,34.7558,2079155.0186858
2010-10-27,34.7558,35.3607,34.1964,34.4772,34.4772,3931439.8349821
2010-10-28,34.746,34.919,33.9938,34.3022,34.3022,2642811.176831
2010-10-29,34.2863,34.7391,33.7191,33.8238,33.8238,3904080.2823078
2010-11-01,33.9741,34.4475,33.5432,34.0323,34.0323,3706949.2519954
2010-11-02,34.3596,35.4547,34.3596,35.4458,35.4458,3975473.9231058
2010-11-03,35.4458,36.0517,34.8607,35.418,35.418,3536026.4108877
2010-11-04,35.7828,35.9745,35.3806,35.9458,35.9458,2257884.4683445
2010-11-05,36.024,36.3897,35.4832,35.9361,35.9361,3192255.3818509
2010-11-08,35.7145,36.1673,35.3213,35.427,35.427,3810367.5921795
2010-11-09,35.4735,35.5999,35.003,35.17,35.17,3405355.7627814
2010-11-10,35.1897,35.341,34.6985,35.254,35.254,2989628.5638702
2010-11-11,34.9851,35.7048,34.8991,35.5901,35.5901,3055122.7315655
2010-11-12,35.6958,36.2157,35.5032,35.9361,35.9361,3146753.2547165
2010-11-15,35.9458,36.0813,35.0523,35.0722,35.0722,3282346.0322422
2010-11-16,34.7737,34.8894,34.2736,34.4475,34.4475,2299949.7047004
2010-11-17,34.5156,34.9278,34.1104,34.8607,34.8607,2173004.2941115
2010-11-18,34.9674,35.5209,34.4573,35.1117,35.1117,2168504.0614995
2010-11-22,36.6684,37.0815,35.5032,36.0813,36.0813,5164208.1417445
2010-11-23,35.6761,35.7729,34.7925,34.9773,34.9773,3578346.6064654
2010-11-24,35.092,35.4932,35.092,35.2936,35.2936,2083414.4564774
2010-11-26,34.8794,35.2639,34.6393,34.831,34.831,1076970.0109149
2010-11-29,34.5799,35.5604,34.2736,35.5109,35.5109,3559492.7767158
2010-11-30,35.2017,35.6898,34.9614,35.4122,35.4122,3142717.4121154
2010-12-01,35.8125,36.5529,35.8125,36.5529,36.5529,4008054.0693678
2010-12-02,36.4094,36.8789,36.3017,36.8029,36.8029,3411211.7309375
2010-12-03,36.7158,36.7555,36.2533,36.5329,36.5329,1917984.3678091
2010-12-06,36.5033,36.6111,36.1,36.1287,36.1287,2177910.2356439
2010-12-07,36.4559,36.4559,35.5604,35.6188,35.6188,4635471.2795464
2010-12-08,35.6375,35.8302,35.3024,35.5209,35.5209,3035646.6799058
2010-12-09,35.7145,36.449,35.6761,36.1871,36.1871,3460222.5825996
2010-12-10,36.3313,36.449,36.1,36.2157,36.2157,1797496.9124276
2010-12-13,36.1377,36.8878,35.8392,36.0714,36.0714,3858699.5643266
2010-12-14,36.11,36.351,35.6099,35.7335,35.7335,2867668.0107633
2010-12-15,35.6276,35.7927,34.9575,35.427,35.427,2925961.6039307
2010-12-16,35.4487,35.5149,34.5829,34.9614,34.9614,3990799.8052118
2010-12-17,34.919,35.3706,34.8023,35.3024,35.3024,2822354.0678162
2010-12-20,35.4458,35.4547,35.1117,35.3607,35.3607,1426706.2763456
2010-12-21,35.4547,35.9261,35.3806,35.5901,35.5901,2770092.4860771
2010-12-22,35.5604,35.6573,35.1503,35.254,35.254,1758305.0260308
2010-12-23,35.2738,35.427,35.0523,35.2342,35.2342,1315761.5804061
2010-12-27,35.0623,35.2066,34.7835,35.1601,35.1601,838708.59472621
2010-12-28,35.1799,35.254,34.8894,35.2066,35.2066,1111973.2815263
2010-12-29,35.1631,35.3252,35.0267,35.1532,35.1532,967263.68833794
2010-12-30,35.0663,35.1147,34.8152,34.8734,34.8734,1431958.2339646
2010-12-31,34.8637,35.4122,34.8439,35.2679,35.2679,1382508.2858651
2011-01-03,35.4547,36.4559,35.3607,36.3797,36.3797,3373731.713601
2011-01-04,36.3413,36.4747,35.9458,36.0517,36.0517,2418121.2804845
2011-01-05,35.8886,36.4559,35.7927,36.1673,36.1673,5654372.3042274
2011-01-06,36.7258,37.6508,36.5329,37.5233,37.5233,6134178.242456
2011-01-07,37.641,37.9474,37.2466,37.9108,37.9108,3911198.9056573
2011-01-10,37.5333,37.9108,37.3711,37.7833,37.7833,2681250.326478
2011-01-11,37.9375,38.2371,37.8614,37.9958,37.9958,2903990.5941727
2011-01-12,38.2371,38.2371,37.6597,37.8229,37.8229,2392569.71245
2011-01-13,37.8129,38.1501,37.725,38.0255,38.0255,1801592.4478624
2011-01-14,37.9108,38.9002,37.725,38.5058,38.5058,3106293.6544116
2011-01-18,38.58,39.5723,38.5128,39.5723,39.5723,4022690.9545294
2011-01-19,39.3509,39.4645,38.6758,38.8676,38.8676,2983285.9473583
2011-01-20,38.7272,39.3055,38.5928,39.2955,39.2955,3562792.0704542
2011-01-21,39.3341,39.4864,39.0346,39.4101,39.4101,3191064.5604067
2011-01-24,39.3727,39.5258,38.824,38.9675,38.9675,1789113.610399
2011-01-25,38.919,40.1791,38.6501,40.0339,40.0339,4280298.919281
2011-01-26,40.0438,40.5745,40.0438,40.4568,40.4568,3423339.4935995
2011-01-27,40.3324,41.0459,40.3027,40.9294,40.9294,2694869.3982385
2011-01-28,40.9679,41.0262,39.6593,39.688,39.688,2622772.5960949
2011-01-31,39.7443,40.4273,39.7443,40.4184,40.4184,3716559.7982144
2011-02-01,40.5745,41.3159,40.3808,41.2762,41.2762,2715523.1186842
2011-02-02,41.0549,41.132,40.5054,40.6497,40.6497,3901021.7833901
2011-02-03,40.8908,41.3633,39.8016,40.9383,40.9383,4164273.2502798
2011-02-04,41.6114,42.3239,40.535,41.1992,41.1992,3039060.3005968
2011-02-07,41.2486,41.4404,40.6397,40.6971,40.6971,1733102.5093119
2011-02-08,40.7564,41.2388,40.5548,41.0362,41.0362,1728455.573973
2011-02-09,40.7761,41.4008,40.7267,41.1795,41.1795,1635506.7497669
2011-02-10,40.9956,41.5175,40.958,41.3633,41.3633,1507807.5906851
2011-02-11,41.0746,41.5283,40.9679,41.2862,41.2862,1196286.8797108
2011-02-14,41.3059,41.4305,41.0459,41.3346,41.3346,960636.77205897
2011-02-15,41.0362,41.2388,40.7465,40.8631,40.8631,1664326.2475084
2011-02-16,41.0649,41.6994,40.9966,41.3722,41.3722,1372387.8212027
2011-02-17,41.3247,42.0473,41.0362,41.8634,41.8634,1703370.4194353
2011-02-18,41.8733,42.1896,41.3544,41.4878,41.4878,2104512.3320752
2011-02-22,41.1409,41.4988,40.4194,40.5933,40.5933,2131548.1270075
2011-02-23,40.6497,40.8246,39.8995,40.2938,40.2938,2761380.3675918
2011-02-24,40.199,40.4094,39.4961,39.9489,39.9489,3064469.2128762
2011-02-25,40.1386,40.6961,40.0616,40.3897,40.3897,2576096.8471461
2011-02-28,40.5044,40.8622,40.0912,40.4658,40.4658,2427747.0028476
2011-03-01,40.6684,40.9284,40.2335,40.2532,40.2532,1586713.4228375
2011-03-02,40.2246,41.3346,40.1574,40.8137,40.8137,2268982.2766902
2011-03-03,41.0639,42.3526,41.0539,42.152,42.152,3647334.322544
2011-03-04,41.4404,42.238,41.2862,42.152,42.152,2683121.0391804
2011-03-07,41.9593,42.152,40.7751,41.3633,41.3633,2519351.2206821
2011-03-08,41.3722,42.0077,41.3159,41.816,41.816,2127192.5736364
2011-03-09,41.6894,42.5552,41.6894,42.4792,42.4792,1962517.2452039
2011-03-10,41.9593,42.1135,41.1982,41.3445,41.3445,2311103.1589079
2011-03-11,41.3633,41.9781,40.9956,41.9504,41.9504,3242807.1180159
2011-03-14,41.6994,41.9593,41.0836,41.3633,41.3633,3526898.4660527
2011-03-15,39.3124,41.0639,39.2145,40.8236,40.8236,2767320.3104124
2011-03-16,40.6961,40.8908,39.4547,39.8689,39.8689,2349273.184932
2011-03-17,40.5627,40.5725,39.7542,40.1673,40.1673,1653448.9991243
2011-03-18,40.6012,40.7851,39.9073,40.0616,40.0616,2860824.5814944
2011-03-21,40.6012,40.6012,40.2435,40.3116,40.3116,1023810.0014422
2011-03-22,40.4845,40.8908,40.3215,40.3314,40.3314,2303025.4032482
2011-03-23,40.2622,40.2622,39.5625,39.8975,39.8975,2560192.2480765
2011-03-24,40.1109,40.8523,40.0715,40.8523,40.8523,2123047.4627975
2011-03-25,40.9096,41.5649,40.7851,41.0154,41.0154,1412610.6736588
2011-03-28,41.131,41.1795,40.8523,40.9857,40.9857,1084468.0378682
2011-03-29,40.9956,41.2476,40.9383,41.1696,41.1696,1186405.1863831
2011-03-30,41.3346,41.9879,41.0736,41.902,41.902,1766136.9281554
2011-03-31,42.238,42.6422,41.7576,42.6324,42.6324,3590610.9544248
2011-04-01,42.8439,43.3262,42.575,42.9022,42.9022,2981352.5065935
2011-04-04,43.1147,43.2106,42.7104,42.7865,42.7865,1523304.4573485
2011-04-05,42.7568,42.7568,42.0176,42.1333,42.1333,3177309.9150917
2011-04-06,42.2865,42.3249,41.6114,42.2083,42.2083,2547270.267204
2011-04-07,42.0473,42.5078,41.641,41.7388,41.7388,2919303.3236204
2011-04-08,41.892,42.1333,41.3059,41.5273,41.5273,1812425.1795569
2011-04-11,41.6311,42.3438,41.6212,42.3438,42.3438,2912280.8158506
2011-04-12,42.1135,43.1246,42.0077,42.9881,42.9881,3172495.0304243
2011-04-13,43.1048,43.2876,42.3526,42.6027,42.6027,2304246.5769808
2011-04-14,42.3724,42.7381,41.8733,42.6808,42.6808,1999904.1821897
2011-04-15,42.7568,43.1424,42.2963,42.8251,42.8251,1942740.7058901
2011-04-18,42.2676,42.3152,41.2862,41.5352,41.5352,1889292.3496784
2011-04-19,41.6707,41.9217,41.2081,41.7388,41.7388,1722268.7658744
2011-04-20,42.2865,42.3813,42.066,42.2479,42.2479,2458582.9042752
2011-04-21,43.0663,44.2711,43.0663,43.6049,43.6049,2851021.8041162
2011-04-25,43.5762,43.7118,43.1424,43.6149,43.6149,1541974.1498823
2011-04-26,43.8936,44.2612,43.5486,43.8075,43.8075,2545628.2084069
2011-04-27,43.9904,44.2899,43.6435,44.2128,44.2128,2321633.3794624
2011-04-28,44.366,45.4374,44.2899,45.2249,45.2249,4291103.3221731
2011-04-29,45.2823,45.2823,44.7228,45.0895,45.0895,3026834.3988692
2011-05-02,45.4276,45.8951,44.6171,44.6754,44.6754,3952597.4034136
2011-05-03,44.6951,44.8671,44.3561,44.7722,44.7722,2828018.816556
2011-05-04,44.8582,44.9838,43.7789,44.2128,44.2128,4170313.3556516
2011-05-05,45.4463,45.9633,44.8385,45.4276,45.4276,4509385.8504593
2011-05-06,45.8753,45.9821,44.9344,45.137,45.137,3646433.8713244
2011-05-09,45.1854,45.5599,45.0598,45.4177,45.4177,2647622.0145267
2011-05-10,45.5599,45.8279,45.1854,45.6648,45.6648,1915307.295981
2011-05-11,45.6835,46.1649,45.4839,45.9435,45.9435,2806785.3674038
2011-05-12,45.7606,46.3784,45.1083,46.2628,46.2628,2194200.3087749
2011-05-13,46.6473,47.4764,46.2993,46.8786,46.8786,3330418.9981958
2011-05-16,46.6086,47.3707,46.329,46.7727,46.7727,2032909.2604879
2011-05-17,46.5306,46.666,46.1362,46.3388,46.3388,2738713.2786889
2011-05-18,46.5118,47.8136,46.2894,47.8036,47.8036,2624310.4453689
2011-05-19,47.8619,48.0438,47.4864,47.689,47.689,3305629.2725976
2011-05-20,47.602,47.8036,47.0139,47.3125,47.3125,1785460.2066306
2011-05-23,46.9655,46.9655,46.1461,46.6857,46.6857,1974134.0776794
2011-05-24,46.7441,46.7441,45.6835,45.7221,45.7221,2779648.3981771
2011-05-25,45.7221,46.0403,45.5224,45.7122,45.7122,2867622.4823308
2011-05-26,45.5501,46.9952,45.2249,46.8884,46.8884,3735290.1953248
2011-05-27,46.7826,47.6406,46.7243,47.6317,47.6317,2658351.548441
2011-05-31,47.9677,48.1416,47.5151,48.0339,48.0339,2812422.7990842
2011-06-01,48.0152,48.5736,47.341,47.351,47.351,3197374.8011443
2011-06-02,47.341,47.9954,47.2274,47.8807,47.8807,2138648.538984
2011-06-03,47.3125,47.9677,47.1286,47.7641,47.7641,2378544.9317692
2011-06-06,46.5998,47.1878,46.0018,46.1935,46.1935,3513615.2929494
2011-06-07,46.5306,47.2274,46.3873,46.4357,46.4357,2745659.905738
2011-06-08,46.3487,46.7342,46.0502,46.4457,46.4457,2496389.7145826
2011-06-09,46.6857,48.8138,46.657,48.5261,48.5261,4589889.2247192
2011-06-10,48.4017,48.5064,46.8884,47.2641,47.2641,3331726.1700786
2011-06-13,47.3125,47.7542,47.005,47.43,47.43,1738608.4144096
2011-06-14,47.8136,48.796,47.7187,48.5361,48.5361,2975137.3696925
2011-06-15,48.0823,48.6517,47.3213,47.3905,47.3905,2998803.0488805
2011-06-16,47.5051,47.6989,46.7144,47.2175,47.2175,3091471.6202914
2011-06-17,47.6119,47.9093,46.9458,47.0702,47.0702,3075833.109616
2011-06-20,47.0515,48.2365,46.9368,48.1901,48.1901,2005973.6281069
2011-06-21,48.6903,48.9403,48.2662,48.632,48.632,2762647.069757
2011-06-22,48.4204,48.9502,47.8807,47.8996,47.8996,2240442.020001
2011-06-23,47.341,47.679,46.3685,47.4864,47.4864,2867057.9297684
2011-06-24,47.5723,47.6406,46.6176,46.6176,46.6176,3557719.1913361
2011-06-27,46.8123,47.689,46.3092,47.5723,47.5723,2021184.1715174
2011-06-28,47.7087,49.2565,47.6317,49.2378,49.2378,3412714.1692083
2011-06-29,49.2378,49.6302,48.8236,49.3633,49.3633,3762178.2757873
2011-06-30,49.4868,49.8813,49.2665,49.5165,49.5165,3278148.3107702
2011-07-01,49.5917,50.2658,49.4207,50.2558,50.2558,2619686.7801176
2011-07-05,50.2954,50.3449,49.6697,50.153,50.153,1962046.7847353
2011-07-06,49.9207,50.1916,49.6599,50.1036,50.1036,2467794.8237745
2011-07-07,50.5178,50.5475,49.3059,49.9307,49.9307,2159522.8193914
2011-07-08,49.4019,49.9593,49.0451,49.9207,49.9207,1667664.9992215
2011-07-11,49.2378,49.2665,48.1604,48.286,48.286,2680580.5526494
2011-07-12,48.2564,49.0649,48.2365,48.4787,48.4787,1815093.1456985
2011-07-13,48.8336,49.8615,48.7189,49.218,49.218,2268553.2976822
2011-07-14,49.218,50.5475,49.1815,50.1233,50.1233,4067521.2843494
2011-07-15,50.2282,50.8074,49.4404,49.7379,49.7379,3498929.8441265
2011-07-18,49.7379,50.238,48.7277,49.6894,49.6894,2928747.9439967
2011-07-19,49.901,49.901,48.959,49.6114,49.6114,2799897.4214455
2011-07-20,49.911,50.4792,49.3929,49.9692,49.9692,2397384.5971174
2011-07-21,50.412,50.9804,50.1728,50.5959,50.5959,2134993.1117296
2011-07-22,50.5178,50.7589,50.2183,50.6621,50.6621,1605270.8119046
2011-07-25,50.5078,50.934,50.0167,50.0739,50.0739,1471401.0326114
2011-07-26,49.911,50.3249,49.5363,49.64,49.64,2049491.7273296
2011-07-27,49.2862,49.4494,48.0052,48.1516,48.1516,3645606.2655968
2011-07-28,48.286,49.4591,48.1318,48.3443,48.3443,1836728.2567993
2011-07-29,48.3443,48.4115,46.4831,47.9193,47.9193,3519605.8229171
2011-08-01,48.4304,48.5163,44.9441,45.8565,45.8565,7288600.2109138
2011-08-02,45.6263,46.1935,44.0873,44.2998,44.2998,7525221.5917914
2011-08-03,44.3086,44.9146,42.7568,44.8187,44.8187,5070141.341586
2011-08-04,44.6269,45.3683,43.5762,43.8075,43.8075,6491214.2332231
2011-08-05,44.2514,44.5786,42.6422,43.5101,43.5101,5741615.9099759
2011-08-08,42.143,42.3052,38.744,38.7529,38.7529,7039047.7434772
2011-08-09,39.3212,41.8535,38.9932,41.8535,41.8535,6465371.2832209
2011-08-10,40.7258,41.4206,39.3025,39.4547,39.4547,5818071.3007195
2011-08-11,39.0515,41.7191,38.8973,41.2378,41.2378,5471556.4248204
2011-08-12,41.8733,42.6621,41.2961,42.161,42.161,3191950.847225
2011-08-15,42.4001,43.6247,41.9682,43.095,43.095,3602730.6231432
2011-08-16,42.7292,42.9784,42.0759,42.4989,42.4989,3072763.4815258
2011-08-17,42.8627,43.2392,41.9978,42.4792,42.4792,1798174.7801997
2011-08-18,41.1795,41.5075,40.3116,40.794,40.794,6696862.1156327
2011-08-19,39.8787,41.3059,39.7926,40.1011,40.1011,5534257.170249
2011-08-22,41.0539,41.131,40.2532,40.4658,40.4658,2744967.8735647
2011-08-23,40.5627,42.2479,39.9765,42.1995,42.1995,3078944.2191668
2011-08-24,41.9504,43.2106,41.6311,43.1908,43.1908,3209570.3505837
2011-08-25,43.2204,43.6524,42.3349,42.6422,42.6422,3162063.9606782
2011-08-26,42.3626,43.3262,41.1399,43.1908,43.1908,3518573.8451147
2011-08-29,43.5674,44.366,43.2779,44.366,44.366,1594705.1803471
2011-08-30,44.0675,45.2249,43.942,44.9641,44.9641,2620411.1880651
2011-08-31,45.1854,46.3685,44.5212,45.0035,45.0035,3373113.5386624
2011-09-01,45.1754,46.0403,44.3561,44.454,44.454,2455433.3484926
2011-09-02,43.5674,44.2128,43.1048,43.172,43.172,1732528.851063
2011-09-06,41.6994,43.0564,41.4878,42.7568,42.7568,2352841.6022933
2011-09-07,43.5961,44.7228,43.1908,44.5884,44.5884,2053278.6811665
2011-09-08,43.9034,45.0411,43.4508,43.5199,43.5199,2922044.1352539
2011-09-09,43.0268,43.1621,41.1211,41.2862,41.2862,4704280.928867
2011-09-12,41.0252,42.1036,40.6585,42.0561,42.0561,4314561.5940577
2011-09-13,42.3052,43.7118,42.2083,43.4133,43.4133,4761294.667211
2011-09-14,43.3836,44.8098,42.6225,44.1248,44.1248,3936083.7350921
2011-09-15,44.7031,45.0035,43.6524,44.8582,44.8582,3075690.453861
2011-09-16,44.9441,45.2249,43.8649,44.6754,44.6754,3149423.244344
2011-09-19,43.8165,44.5311,43.6049,44.3086,44.3086,2917525.691269
2011-09-20,44.2612,45.2427,43.5101,43.9321,43.9321,2895928.0146571
2011-09-21,43.8747,44.2414,41.9781,41.9978,41.9978,2987435.105169
2011-09-22,40.9482,41.4601,39.9073,40.3986,40.3986,4728832.8948734
2011-09-23,40.1476,41.0934,39.6959,40.6862,40.6862,3482953.411308
2011-09-26,40.9284,41.7291,40.6299,41.6707,41.6707,1044303.8665028
2011-09-27,43.0168,43.3262,42.2775,42.5849,42.5849,1752496.609793
2011-09-28,42.6027,42.6126,40.621,40.6684,40.6684,2577711.5888837
2011-09-29,41.5738,41.8248,39.8392,40.9383,40.9383,2810034.0739949
2011-09-30,40.4253,41.5352,40.1564,40.3789,40.3789,3402945.7910903
2011-10-03,39.859,40.5528,38.1194,38.4929,38.4929,4647272.2492377
2011-10-04,37.7132,39.2728,37.3474,39.1296,39.1296,4614328.8872591
2011-10-05,39.2827,40.1574,38.7816,40.0516,40.0516,3024379.9104886
2011-10-06,40.1673,40.871,39.7057,40.8523,40.8523,2735463.5603549
2011-10-07,41.2081,41.218,39.9765,40.4184,40.4184,2903544.4155347
2011-10-10,41.2665,42.0759,41.1696,41.816,41.816,1756022.5339506
2011-10-11,41.6114,42.0956,41.3247,41.9978,41.9978,1700757.0874127
2011-10-12,42.3724,43.5862,42.2676,42.7965,42.7965,2697551.5287814
2011-10-13,42.3349,42.7104,41.1982,41.6894,41.6894,2872746.9603389
2011-10-14,42.4792,43.1048,42.3249,43.0366,43.0366,2146846.692054
2011-10-17,42.6808,42.922,42.1135,42.2083,42.2083,1731744.7502818
2011-10-18,41.7191,42.3052,39.849,41.816,41.816,3898402.3809097
2011-10-19,41.8733,42.4594,41.4008,41.5837,41.5837,2505329.4752301
2011-10-20,41.8634,42.6621,41.2862,42.5552,42.5552,2393615.8546535
2011-10-21,42.9595,43.4805,42.4594,43.0366,43.0366,3194925.3714785
2011-10-24,45.2526,45.7705,42.4396,43.6524,43.6524,9639737.0263474
2011-10-25,43.1621,44.115,42.7005,43.2492,43.2492,4421987.4480404
2011-10-26,43.9321,44.1248,43.0465,43.5862,43.5862,5255993.4615659
2011-10-27,45.4077,45.8476,44.1743,45.6074,45.6074,4046960.6442545
2011-10-28,45.0312,45.398,44.1544,44.8958,44.8958,4359698.4819896
2011-10-31,44.8899,44.8899,42.5939,42.6917,42.6917,5082501.805125
2011-11-01,41.3059,42.0176,40.794,41.5738,41.5738,4266208.3753088
2011-11-02,42.5168,42.5168,40.7554,41.0736,41.0736,4191630.779468
2011-11-03,41.7191,41.7388,39.9469,41.1883,41.1883,4995088.2265618
2011-11-04,40.8038,41.4878,40.2622,41.3909,41.3909,2511040.7641454
2011-11-07,41.0252,41.5452,40.3116,41.0539,41.0539,2406732.0901711
2011-11-08,41.1795,42.0759,40.8423,41.892,41.892,3118873.6661693
2011-11-09,41.1033,41.3059,40.4084,40.8908,40.8908,4358304.3002137
2011-11-10,41.5273,41.6796,40.7159,41.5837,41.5837,3821519.0229012
2011-11-11,41.9504,42.9022,41.9504,42.143,42.143,2021486.6826574
2011-11-14,41.8535,42.2676,41.7665,42.1135,42.1135,2006131.4600061
2011-11-15,41.9217,42.7767,41.7291,42.5929,42.5929,2724015.6889507
2011-11-16,42.0759,42.3626,41.0154,41.1596,41.1596,5770311.9750784
2011-11-17,41.3445,41.8535,40.4845,40.9284,40.9284,19009524.84752
2011-11-18,41.0934,41.1795,40.4184,40.5241,40.5241,4873052.8044771
2011-11-21,40.4558,40.9956,39.686,40.7455,40.7455,4405873.4181816
2011-11-22,40.7851,40.9185,39.9568,40.4184,40.4184,2974318.8696513
2011-11-23,39.8303,39.9469,39.2629,39.2629,39.2629,2865162.9352355
2011-11-25,39.0515,39.8392,39.0515,39.3984,39.3984,1321223.9805572
2011-11-28,40.5825,40.7258,39.9469,40.3018,40.3018,2290500.0256094
2011-11-29,40.3611,40.9383,40.3314,40.4945,40.4945,2285099.3417778
2011-11-30,41.2952,42.6136,41.1686,42.5859,42.5859,3935425.090436
2011-12-01,42.1797,42.7767,41.9117,41.9682,41.9682,2912786.6873223
2011-12-02,42.3626,42.3903,41.0639,41.4691,41.4691,2917355.7184544
2011-12-05,42.3152,42.8152,41.6796,41.8733,41.8733,2374399.8209302
2011-12-06,42.0473,42.0473,41.3722,41.5649,41.5649,2058115.8241786
2011-12-07,41.1123,41.8446,40.8622,41.5935,41.5935,3237857.6715369
2011-12-08,41.3909,41.4404,40.6684,40.7455,40.7455,2950954.6898604
2011-12-09,40.9956,41.641,40.8038,41.0252,41.0252,4982170.2926611
2011-12-12,40.794,40.8997,40.2919,40.7653,40.7653,2345937.4684478
2011-12-13,41.0154,41.4601,40.9679,41.1883,41.1883,4098613.1567418
2011-12-14,40.958,41.2476,40.8335,40.9857,40.9857,3596846.3261846
2011-12-15,41.4404,42.3052,41.045,41.1498,41.1498,2154673.5354638
2011-12-16,41.5175,41.8733,40.6111,40.8038,40.8038,4826839.4220534
2011-12-19,40.8997,41.131,39.3312,39.3312,39.3312,2952529.9736231
2011-12-20,40.0052,40.9096,40.0052,40.6012,40.6012,2969476.6679245
2011-12-21,40.7455,41.0154,39.9469,40.6387,40.6387,2400375.309258
2011-12-22,40.8423,41.555,40.7258,41.4788,41.4788,1792942.0456967
2011-12-23,41.6796,41.7388,41.4788,41.5273,41.5273,1599483.6422686
2011-12-27,41.5452,42.0176,41.5452,41.9117,41.9117,1802372.5016717
2011-12-28,41.8535,41.9593,40.5825,40.6387,40.6387,2265525.1510527
2011-12-29,40.621,40.9857,40.6012,40.7159,40.7159,1353537.0266821
2011-12-30,40.7841,40.7841,40.4253,40.4351,40.4351,978536.52821283
2012-01-03,41.2278,41.8634,41.2278,41.6212,41.6212,2381169.3929644
2012-01-04,41.4206,41.816,41.131,41.6025,41.6025,1842158.2811763
2012-01-05,41.5452,41.7764,41.1696,41.6025,41.6025,2291413.6294873
2012-01-06,41.5837,42.6907,41.5175,41.9879,41.9879,2530671.6124753
2012-01-09,42.1135,42.2775,41.5935,42.152,42.152,2384715.5519808
2012-01-10,42.4989,44.0003,42.2083,43.9717,43.9717,6458004.7828503
2012-01-11,43.855,44.2414,43.5961,44.0596,44.0596,2297127.9536314
2012-01-12,43.942,44.1447,43.3638,43.6919,43.6919,2411995.1769625
2012-01-13,43.2492,43.9222,42.8527,43.9134,43.9134,3849936.8586941
2012-01-17,44.3206,45.7359,44.117,44.9374,44.9374,5316968.1735332
2012-01-18,44.8484,45.3386,44.5112,45.1953,45.1953,3443622.916128
2012-01-19,44.713,45.127,44.2998,44.5588,44.5588,4410165.2317474
2012-01-20,44.7822,44.8098,44.0596,44.4243,44.4243,2384693.293636
2012-01-23,44.3857,45.0312,44.0498,44.1743,44.1743,2091058.1744144
2012-01-24,43.942,44.193,43.345,43.7018,43.7018,3166353.7507581
2012-01-25,43.0366,44.203,42.2282,44.0675,44.0675,3762745.8635786
2012-01-26,44.4144,44.4144,42.3526,42.4594,42.4594,3970672.1910967
2012-01-27,42.3526,43.8747,42.2963,43.5002,43.5002,3108185.6137157
2012-01-30,43.2294,43.2779,42.5552,42.8439,42.8439,3640266.2863417
2012-01-31,43.0673,44.0793,43.0673,43.1631,43.1631,4989634.9320972
2012-02-01,43.2294,44.3176,43.2294,43.9805,43.9805,6007465.5327442
2012-02-02,40.7653,42.8053,39.6108,42.4891,42.4891,17353378.541709
2012-02-03,42.3724,42.4298,41.6509,41.9317,41.9317,7755256.5261076
2012-02-06,41.5273,41.641,40.794,41.3247,41.3247,4900777.596354
2012-02-07,41.3049,41.7388,41.1686,41.6311,41.6311,5734561.026432
2012-02-08,41.6994,42.1036,41.5075,41.7388,41.7388,5006382.3130386
2012-02-09,41.7091,42.2676,41.4978,41.9217,41.9217,3193487.6847559
2012-02-10,41.6212,42.0956,41.4788,41.9217,41.9217,2341633.5139667
2012-02-13,41.9217,42.1135,41.2762,41.5738,41.5738,4104008.7818587
2012-02-14,41.5075,42.3626,41.5075,42.3526,42.3526,2525760.6122282
2012-02-15,42.6027,43.1246,42.3626,42.4891,42.4891,4186072.2637373
2012-02-16,42.5078,43.0465,42.4298,43.0366,43.0366,2288729.4754586
2012-02-17,43.3953,43.6356,43.1157,43.26,43.26,3206262.9629018
2012-02-21,43.5002,44.3176,43.4221,43.6821,43.6821,3689930.7239452
2012-02-22,43.6534,43.9054,43.26,43.4626,43.4626,3350156.0795348
2012-02-23,43.3262,43.4805,42.9022,43.1621,43.1621,2420910.6557794
2012-02-24,43.1354,43.6929,43.1354,43.4152,43.4152,2685696.936714
2012-02-27,43.1908,43.6346,42.9684,42.9784,42.9784,3354369.9888938
2012-02-28,43.0366,43.0366,42.5266,42.6907,42.6907,3260650.2165649
2012-02-29,42.7104,42.8637,42.238,42.4702,42.4702,2267190.4799375
2012-03-01,42.5859,43.0089,42.2676,42.8834,42.8834,2313773.1485355
2012-03-02,42.7104,42.9991,42.2479,42.5562,42.5562,1850322.0349863
2012-03-05,42.238,43.2304,42.238,42.7965,42.7965,3008206.1877961
2012-03-06,42.0373,42.5375,41.4591,41.6707,41.6707,3121363.5655529
2012-03-07,41.6894,42.1233,41.6025,41.9593,41.9593,4867431.5606839
2012-03-08,41.9781,42.7005,41.9682,42.5178,42.5178,3002696.2357266
2012-03-09,43.173,43.6257,42.8053,43.5398,43.5398,3847141.4129417
2012-03-12,43.4053,43.5299,43.1157,43.1533,43.1533,3240639.9646311
2012-03-13,43.1917,44.4263,43.1631,44.369,44.369,4752111.0765142
2012-03-14,44.1664,45.1497,44.1664,45.0065,45.0065,5063266.5482859
2012-03-15,45.0628,45.3416,44.7455,45.1113,45.1113,3299834.009018
2012-03-16,45.4009,45.5056,45.0628,45.1212,45.1212,2945019.8057547
2012-03-19,45.1884,45.726,45.1014,45.4107,45.4107,3312421.1029764
2012-03-20,45.14,45.2853,44.6783,44.7939,44.7939,1979959.6935474
2012-03-21,44.6883,44.7752,44.3106,44.446,44.446,2271371.0017794
2012-03-22,44.0793,44.195,43.7414,43.9054,43.9054,2886388.2904442
2012-03-23,43.7414,44.3028,43.7414,44.1763,44.1763,2542258.0926626
2012-03-26,44.5232,45.2853,44.456,45.2654,45.2654,3062717.8858412
2012-03-27,45.4009,45.5729,44.8029,45.4493,45.4493,3489556.0457563
2012-03-28,45.4869,46.0631,44.8029,45.3613,45.3613,3463006.8991798
2012-03-29,44.9274,47.5209,44.8216,47.1928,47.1928,7670240.7783203
2012-03-30,47.4627,48.0795,46.9803,47.4627,47.4627,4548227.6737977
2012-04-02,47.2412,47.8086,47.0475,47.6366,47.6366,3250117.9725244
2012-04-03,47.4438,47.8283,47.0001,47.1631,47.1631,2832399.6635007
2012-04-04,46.835,47.2225,46.5949,47.0278,47.0278,3424604.1722786
2012-04-05,46.6907,47.3262,46.6808,47.1731,47.1731,1161012.4619908
2012-04-09,46.4397,46.4397,46.0147,46.1688,46.1688,1606637.6766211
2012-04-10,46.0532,46.2568,45.4592,45.6687,45.6687,3187966.6035141
2012-04-11,46.0809,46.3527,45.7458,45.8516,45.8516,2916316.6584516
2012-04-12,45.8219,46.661,45.8119,46.661,46.661,2576011.8607388
2012-04-13,46.4297,46.835,46.2469,46.5553,46.5553,2897267.5623142
2012-04-16,46.671,46.671,45.726,45.9465,45.9465,2772474.1289658
2012-04-17,46.4594,46.5849,46.0335,46.4684,46.4684,3468673.6714055
2012-04-18,46.2371,46.6423,45.8516,46.4594,46.4594,2058430.4762341
2012-04-19,46.4782,46.8626,46.0631,46.2657,46.2657,3854592.8997195
2012-04-20,46.4001,46.7095,46.1402,46.2746,46.2746,4013025.7741915
2012-04-23,45.8516,46.42,45.7359,46.333,46.333,1910150.4421986
2012-04-24,46.3033,46.42,45.9751,46.3527,46.3527,1538872.146018
2012-04-25,46.7095,47.1434,46.2371,46.4594,46.4594,1891592.0413887
2012-04-26,45.0915,46.0335,44.7752,45.8319,45.8319,4081078.6397904
2012-04-27,45.8605,45.9277,45.14,45.1697,45.1697,5518110.764616
2012-04-30,44.7939,44.9374,44.0616,44.5519,44.5519,5176812.4353329
2012-05-01,44.4658,45.2279,44.4658,44.9176,44.9176,2327988.1368897
2012-05-02,44.7455,45.1784,44.6883,44.8612,44.8612,2737654.9955702
2012-05-03,44.7258,44.8899,43.6356,44.3966,44.3966,4879376.1978732
2012-05-04,44.3206,44.6783,43.512,43.6159,43.6159,3653761.9254631
2012-05-07,43.6633,44.1466,43.4626,43.9341,43.9341,2119128.9823779
2012-05-08,43.7512,44.195,43.4725,44.0793,44.0793,2869681.3792205
2012-05-09,43.512,44.0121,43.3282,43.3559,43.3559,3341206.2014578
2012-05-10,43.5684,43.7315,43.1631,43.2797,43.2797,2648524.4892322
2012-05-11,43.6929,43.857,43.1354,43.4725,43.4725,1788955.7784998
2012-05-14,42.9407,43.5219,42.7568,43.1157,43.1157,2103906.298052
2012-05-15,43.0089,43.1256,42.411,42.5275,42.5275,1511862.6564021
2012-05-16,42.5662,42.9131,42.3724,42.3724,42.3724,1643153.5029327
2012-05-17,42.3626,42.6234,41.8446,41.8535,41.8535,1337932.9152667
2012-05-18,41.9404,42.1797,41.2368,41.3534,41.3534,2375561.3018292
2012-05-21,41.3534,42.3813,41.3435,42.2963,42.2963,1963771.8064537
2012-05-22,42.4702,42.6917,41.7388,41.9682,41.9682,1946393.0979156
2012-05-23,41.7576,41.9879,41.1488,41.6707,41.6707,2425762.9749356
2012-05-24,41.8347,42.6818,41.7388,42.4901,42.4901,2117839.010125
2012-05-25,42.6729,43.26,42.3526,42.8834,42.8834,1570295.8700957
2012-05-29,43.1256,43.6731,42.8933,43.6356,43.6356,2742188.6156993
2012-05-30,43.1917,43.5585,42.5275,42.5939,42.5939,1803836.4937107
2012-05-31,42.5562,42.6631,41.8446,42.3152,42.3152,1966087.686051
2012-06-01,41.7478,42.066,41.0252,41.0352,41.0352,3950196.5374091
2012-06-04,41.1785,41.3623,40.6674,41.1033,41.1033,3239884.1926524
2012-06-05,41.0055,41.9117,40.8987,41.7962,41.7962,2034607.9768899
2012-06-06,42.1233,42.6037,41.8832,42.6037,42.6037,2150906.8164857
2012-06-07,42.152,42.923,42.0373,42.4901,42.4901,2910234.0598762
2012-06-08,42.2083,43.3559,42.2083,43.2402,43.2402,1721123.4728624
2012-06-11,43.3282,43.6059,42.7668,42.7965,42.7965,2520095.8634884
2012-06-12,43.0673,43.2797,42.5088,43.2501,43.2501,1819640.930229
2012-06-13,43.2304,43.26,42.7668,43.0573,43.0573,2417486.917659
2012-06-14,43.0573,43.6356,42.8053,43.4824,43.4824,2133316.6536726
2012-06-15,43.5299,43.6731,43.2402,43.6444,43.6444,3142315.7501669
2012-06-18,43.5299,43.5585,43.0278,43.4428,43.4428,2109738.9961206
2012-06-19,43.7512,44.0616,43.6059,43.9825,43.9825,1634767.1656752
2012-06-20,43.8669,44.1367,43.2996,43.5496,43.5496,1512016.4413295
2012-06-21,43.5496,43.7127,42.4702,42.5088,42.5088,1845257.2498117
2012-06-22,42.5375,43.6159,42.4011,43.512,43.512,2982656.6432475
2012-06-25,43.0475,43.2699,42.8637,43.086,43.086,3043766.9287693
2012-06-26,43.086,43.8955,42.7668,43.6534,43.6534,3182837.0667913
2012-06-27,43.7611,44.7357,43.6831,43.7512,43.7512,2994157.1252846
2012-06-28,43.5772,44.456,40.6101,42.576,42.576,10639686.082214
2012-06-29,43.2115,43.3856,42.1233,42.4011,42.4011,6049639.025595
2012-07-02,42.6917,42.8637,41.2368,41.4196,41.4196,4886122.4998194
2012-07-03,41.4779,41.9317,41.0252,41.1972,41.1972,1573329.0754399
2012-07-05,41.1488,41.4493,41.0736,41.1785,41.1785,2635401.1715139
2012-07-06,41.0055,41.0836,40.6674,40.9956,40.9956,1890463.9480068
2012-07-09,41.4493,42.3438,41.0154,41.4196,41.4196,3203153.8768368
2012-07-10,41.5837,41.6796,41.1389,41.3336,41.3336,2395717.2447468
2012-07-11,41.2071,41.5837,41.1785,41.4978,41.4978,1422064.3997216
2012-07-12,41.4196,41.6707,40.8029,40.8987,40.8987,2741174.8492701
2012-07-13,40.9373,42.1135,40.9373,42.0473,42.0473,1746364.4358134
2012-07-16,42.0274,42.066,41.3435,41.6607,41.6607,1460011.8422981
2012-07-17,41.7576,41.8832,41.1873,41.4098,41.4098,3193110.3046381
2012-07-18,41.3049,41.8832,41.1113,41.4691,41.4691,2044775.9934706
2012-07-19,41.9317,42.0274,40.705,40.8423,40.8423,3448585.5152651
2012-07-20,40.6951,40.9857,40.0793,40.1663,40.1663,3308331.6379994
2012-07-23,39.7324,39.9647,39.2036,39.6444,39.6444,3601974.8511645
2012-07-24,39.7037,40.0695,39.3786,39.7235,39.7235,4705498.0556279
2012-07-25,38.5869,38.7509,37.8831,38.4999,38.4999,7662269.2556696
2012-07-26,39.0682,39.0879,38.1342,38.2201,38.2201,3928608.9782266
2012-07-27,37.8446,39.9944,37.5936,39.8866,39.8866,5311295.3308497
2012-07-30,39.8866,40.0793,39.4438,39.8669,39.8669,2507482.4642136
2012-07-31,39.8955,39.9845,38.7796,38.8182,38.8182,4633907.1249559
2012-08-01,39.0583,39.589,38.5483,38.7796,38.7796,3985210.9371927
2012-08-02,40.4638,41.4394,39.4715,40.3392,40.3392,5625612.4993196
2012-08-03,40.3976,41.1488,40.2325,40.5518,40.5518,3106253.1846939
2012-08-06,40.7149,40.8423,40.3591,40.62,40.62,3999964.1727928
2012-08-07,40.7149,41.9978,40.705,41.9117,41.9117,3665086.3642281
2012-08-08,41.3712,42.3526,41.3336,42.2775,42.2775,3284829.8611682
2012-08-09,42.2676,42.6531,41.6796,42.2865,42.2865,2534475.7659423
2012-08-10,41.9217,42.2578,41.7091,42.2282,42.2282,1638750.3976432
2012-08-13,42.066,42.1797,41.7863,41.892,41.892,1911540.5770029
2012-08-14,42.066,42.161,41.9404,42.0561,42.0561,1681469.2199406
2012-08-15,42.0176,42.3912,41.816,42.2676,42.2676,1912868.9954874
2012-08-16,42.238,42.9032,42.1896,42.8735,42.8735,2229908.7642178
2012-08-17,42.9131,42.9694,42.5088,42.6917,42.6917,1629894.61166
2012-08-20,42.7471,43.3657,42.4802,42.8933,42.8933,1640718.237668
2012-08-21,42.8637,43.1256,42.7568,42.8152,42.8152,1661766.5378616
2012-08-22,42.8439,43.1533,42.6631,43.0573,43.0573,1324562.7322703
2012-08-23,42.9032,43.0376,42.4802,42.5562,42.5562,2043819.8963891
2012-08-24,42.4999,42.9507,42.3052,42.8834,42.8834,1941067.2830618
2012-08-27,42.9694,43.3094,42.7767,43.1256,43.1256,1570875.5988022
2012-08-28,42.9507,43.2204,42.8537,43.096,43.096,1986989.2835178
2012-08-29,43.2017,43.6356,43.1433,43.2402,43.2402,1869805.1688464
2012-08-30,43.4725,44.2247,43.3371,44.0221,44.0221,2796302.6987677
2012-08-31,44.1851,44.5331,44.0221,44.108,44.108,2070855.6913215
2012-09-04,44.0793,44.2929,43.5219,43.8481,43.8481,1645196.2119354
2012-09-05,43.9054,44.1851,43.7127,43.8382,43.8382,1438184.500038
2012-09-06,44.0319,44.5232,44.0319,44.3206,44.3206,1844132.1916588
2012-09-07,44.359,44.6883,44.3294,44.456,44.456,1759854.0044771
2012-09-10,44.6289,44.8513,44.2049,44.3206,44.3206,1699890.0237103
2012-09-11,44.446,45.1697,44.2444,44.8612,44.8612,2308938.0290092
2012-09-12,44.8513,45.0342,44.4362,44.456,44.456,2014857.7428925
2012-09-13,44.3877,45.6302,44.1367,45.5817,45.5817,2956722.6363804
2012-09-14,45.5155,46.1787,45.4207,46.0631,46.0631,4328587.3864815
2012-09-17,45.9277,46.1303,45.4493,45.469,45.469,2624286.1635382
2012-09-18,45.469,45.8891,45.381,45.726,45.726,1620691.7978472
2012-09-19,45.726,45.8032,45.4394,45.4394,45.4394,1628803.9527671
2012-09-20,45.3129,45.4009,44.9274,45.2368,45.2368,2009152.5244349
2012-09-21,45.4493,45.5531,45.1784,45.391,45.391,2355382.088824
2012-09-24,45.2931,45.7745,45.1983,45.4592,45.4592,1899762.8773993
2012-09-25,45.5056,45.7932,45.13,45.1497,45.1497,2741254.7769627
2012-09-26,45.2556,45.4957,44.8118,45.0342,45.0342,1821298.1651701
2012-09-27,45.2654,45.3713,45.0342,45.3129,45.3129,1576272.2356621
2012-09-28,45.1597,45.6588,44.9768,45.4592,45.4592,2293676.8984515
2012-10-01,45.6302,46.6996,45.5729,46.3428,46.3428,2784972.1895451
2012-10-02,46.3724,47.1731,46.3626,46.8626,46.8626,3796216.3436307
2012-10-03,46.9803,47.2225,46.8626,47.0852,47.0852,1756836.98702
2012-10-04,47.3855,47.9737,47.2324,47.3954,47.3954,2884089.6104769
2012-10-05,47.5388,47.608,46.9506,47.0752,47.0752,2421699.8152751
2012-10-08,47.1049,47.4924,47.0565,47.1731,47.1731,1467799.2277331
2012-10-09,47.0949,47.4627,47.0278,47.3954,47.3954,1905014.8350182
2012-10-10,47.2888,47.4152,46.9111,47.0001,47.0001,2571271.8450492
2012-10-11,47.2688,48.5895,47.2412,48.3205,48.3205,2719212.9451987
2012-10-12,48.3602,48.6577,47.8472,47.9055,47.9055,2326884.3253385
2012-10-15,47.945,48.2524,47.7592,48.1664,48.1664,1912127.38791
2012-10-16,47.4924,48.5795,47.4627,48.5124,48.5124,3523509.1271924
2012-10-17,48.5518,48.7634,47.7137,47.8856,47.8856,2574975.8359649
2012-10-18,47.7691,48.5993,47.608,48.3205,48.3205,2388729.1362371
2012-10-19,48.2335,48.2335,47.5585,47.857,47.857,1471666.1092626
2012-10-22,47.5486,48.5518,47.4924,48.5034,48.5034,2247258.1322105
2012-10-23,47.9825,48.1861,47.2225,48.0299,48.0299,1687344.4112126
2012-10-24,48.2524,48.4648,48.1566,48.3205,48.3205,1654621.6091957
2012-10-25,48.5795,48.8306,48.1763,48.542,48.542,2177000.6787378
2012-10-26,48.5222,48.5706,47.5783,47.8956,47.8956,1873003.2882903
2012-10-31,47.8956,49.1489,47.7592,49.1489,49.1489,3978734.7706123
2012-11-01,49.6767,51.3756,49.6767,51.3372,51.3372,4415670.1251021
2012-11-02,51.7592,51.7988,50.9882,51.1633,51.1633,3039282.8840442
2012-11-05,51.172,51.6069,50.7284,51.3659,51.3659,2433323.7299513
2012-11-06,51.0179,51.5388,50.16,51.3756,51.3756,2608390.6701551
2012-11-07,50.7095,51.2976,50.0809,51.0377,51.0377,4329050.7647496
2012-11-08,51.0663,51.4815,50.0809,50.3429,50.3429,2540004.9411278
2012-11-09,50.8261,51.0179,49.7448,49.7735,49.7735,3161479.173257
2012-11-12,49.8397,50.071,49.0916,49.224,49.224,3154409.1135689
2012-11-13,48.8503,49.8892,48.8503,49.1983,49.1983,2161837.6872458
2012-11-14,49.2735,49.3989,47.6455,47.8283,47.8283,2793003.4050294
2012-11-15,47.9153,49.0916,47.6643,49.0224,49.0224,4921351.3891071
2012-11-16,49.0035,49.0035,47.5486,48.6378,48.6378,6554074.8340368
2012-11-19,49.0519,50.0334,48.8701,50.0147,50.0147,3117746.5845304
2012-11-20,49.8496,50.0047,49.3802,49.9672,49.9672,1958248.7017259
2012-11-21,49.9484,50.3913,49.7547,50.1203,50.1203,1233310.6009801
2012-11-23,50.1699,50.8647,50.1699,50.845,50.845,467774.29114627
2012-11-26,50.4486,50.8934,49.821,50.3429,50.3429,1066341.651295
2012-11-27,50.2935,50.7965,50.2736,50.5158,50.5158,1876305.6172574
2012-11-28,50.1787,50.2638,49.821,50.0809,50.0809,1913209.9528594
2012-11-29,50.3429,50.9684,49.8397,50.1886,50.1886,2154680.6176645
2012-11-30,50.2935,50.5553,49.8793,50.3725,50.3725,3308834.4742422
2012-12-03,50.4397,50.671,50.0424,50.1975,50.1975,1411624.2242891
2012-12-04,50.2935,50.6038,49.7735,49.7834,49.7834,2204118.4248486
2012-12-05,49.9484,50.2935,49.4741,50.0334,50.0334,2498425.3413846
2012-12-06,50.0612,50.6324,49.9771,50.5939,50.5939,1735545.86852
2012-12-07,50.7768,51.1049,50.6424,50.9784,50.9784,1263907.7310731
2012-12-10,50.4674,51.181,50.1975,51.008,51.008,2121961.8626193
2012-12-11,51.008,51.3174,50.7095,51.181,51.181,1785820.3871184
2012-12-12,51.3174,52.3364,51.259,52.0004,52.0004,2839503.1107061
2012-12-13,52.0103,52.3097,51.5091,51.7494,51.7494,1497813.5938907
2012-12-14,51.4913,51.6356,50.9597,51.095,51.095,1832912.9741599
2012-12-17,51.3075,51.9608,51.1246,51.8086,51.8086,1314920.82202
2012-12-18,51.8857,52.5479,51.5872,52.5123,52.5123,3545874.7166983
2012-12-19,52.454,52.539,51.7108,51.7207,51.7207,1239521.6909094
2012-12-20,51.8284,52.2129,51.692,52.203,52.203,1510882.27749
2012-12-21,51.8284,51.9608,51.4528,51.8382,51.8382,2209323.8422923
2012-12-24,51.6069,52.0201,51.4043,51.8382,51.8382,535291.94472824
2012-12-26,51.8382,52.3364,51.5002,51.6554,51.6554,1165686.7143891
2012-12-27,51.5972,51.8284,51.1443,51.7108,51.7108,1754678.9393219
2012-12-28,51.3659,51.6456,50.9121,50.932,50.932,1035147.5928654
2012-12-31,50.922,51.5575,50.6225,51.519,51.519,1781715.7459972
2013-01-02,52.1347,53.2339,51.951,53.1567,53.1567,3904789.5141111
2013-01-03,52.9927,53.0026,52.2524,52.3759,52.3759,3060852.2318537
2013-01-04,52.4827,52.7703,51.9608,52.7615,52.7615,2212511.8443067
2013-01-07,52.5776,53.14,52.5212,52.9452,52.9452,2240581.6405272
2013-01-08,52.7238,53.0915,52.0794,52.4441,52.4441,1889941.8886481
2013-01-09,52.464,52.7238,52.2821,52.6468,52.6468,2566861.6575592
2013-01-10,52.8296,53.7251,52.7328,53.5996,53.5996,1544350.7340562
2013-01-11,53.6965,53.7251,53.2339,53.5809,53.5809,2250360.1360748
2013-01-14,53.6193,53.7153,53.3119,53.6579,53.6579,1014662.8334913
2013-01-15,53.3603,53.9574,53.2053,53.8418,53.8418,1848259.0911246
2013-01-16,53.7053,53.7053,53.2734,53.5126,53.5126,2066735.8740561
2013-01-17,53.7448,54.5929,53.6382,54.505,54.505,1971588.532434
2013-01-18,54.6493,54.6493,54.1304,54.2855,54.2855,1599745.6836908
2013-01-22,54.2164,55.1909,54.0345,55.0645,55.0645,2236827.0624644
2013-01-23,54.9289,55.2957,54.5544,55.2957,55.2957,1448860.4115764
2013-01-24,55.3253,56.1239,55.2671,56.0399,56.0399,1358716.1388092
2013-01-25,56.0874,56.3562,55.7107,56.3562,56.3562,2717746.9296737
2013-01-28,56.5973,56.9927,55.9905,56.3365,56.3365,2065010.8523377
2013-01-29,56.1536,56.9927,56.0775,56.636,56.636,1267411.3968859
2013-01-30,56.4827,56.8573,56.2604,56.6646,56.6646,1660945.0025916
2013-01-31,56.4827,56.627,56.1052,56.2218,56.2218,1991303.3554282
2013-02-01,56.5401,56.8198,56.2119,56.7427,56.7427,1349801.6717353
2013-02-04,56.463,56.9344,56.1635,56.2317,56.2317,1550702.4562547
2013-02-05,58.1403,58.6799,57.8289,58.1877,58.1877,3066807.3508183
2013-02-06,57.8685,58.1403,57.1666,57.5028,57.5028,2443371.3491219
2013-02-07,58.7382,59.1503,57.4336,59.1217,59.1217,4749847.8075498
2013-02-08,59.4618,59.9638,58.7965,59.6841,59.6841,1700206.6992515
2013-02-11,59.6337,59.6921,58.9607,59.5852,59.5852,1542526.5615294
2013-02-12,59.6239,59.8937,59.44,59.7306,59.7306,1981969.0150328
2013-02-13,59.8275,59.8838,59.2373,59.6436,59.6436,1794823.8875713
2013-02-14,59.4983,59.6525,59.0822,59.2186,59.2186,1987148.1271599
2013-02-15,59.2186,59.7306,58.7581,58.8628,58.8628,1644876.5011652
2013-02-19,54.9092,58.4664,53.9376,58.2341,58.2341,4582641.098273
2013-02-20,58.3725,58.3824,57.0709,57.1182,57.1182,1947970.4051643
2013-02-21,57.0312,57.6165,56.5598,57.0224,57.0224,1998939.9911647
2013-02-22,57.1282,57.4632,56.4927,56.5796,56.5796,1331603.4514131
2013-02-25,56.6744,57.0609,55.5378,55.5477,55.5477,2158448.3483855
2013-02-26,55.7107,55.9608,55.0378,55.778,55.778,2386417.3036115
2013-02-27,55.6456,56.9256,55.6456,56.8376,56.8376,1380012.3160239
2013-02-28,56.7812,56.886,56.0676,56.3365,56.3365,1677690.3600472
2013-03-01,56.1437,56.4728,55.443,56.1437,56.1437,1952095.2811444
2013-03-04,55.8462,56.3957,55.702,56.0588,56.0588,1707434.5908388
2013-03-05,56.1822,57.2833,55.9124,57.2339,57.2339,3129176.2445615
2013-03-06,57.2241,57.3406,56.8573,57.3406,57.3406,2344182.0944411
2013-03-07,57.3406,57.5788,56.7516,56.801,56.801,1877523.7557612
2013-03-08,57.1182,57.6085,56.8286,57.5334,57.5334,1315281.0025078
2013-03-11,57.6085,58.507,57.5235,58.4101,58.4101,1858320.8746964
2013-03-12,58.1886,59.4618,58.16,59.3559,59.3559,2702784.2632844
2013-03-13,59.2206,59.8967,59.1436,59.8383,59.8383,1858983.5663243
2013-03-14,59.9065,60.0785,59.3936,60.0419,60.0419,1590182.6893903
2013-03-15,59.8195,60.5302,59.3462,60.3959,60.3959,2558594.7059689
2013-03-18,59.9253,60.3098,59.5972,59.8967,59.8967,1946429.5206616
2013-03-19,60.1753,60.4254,59.6446,59.9934,59.9934,1616282.6221001
2013-03-20,60.5025,60.9374,59.694,59.9352,59.9352,2309133.2953973
2013-03-21,59.694,59.9253,59.3165,59.5388,59.5388,2294723.0406551
2013-03-22,59.694,59.8967,59.1236,59.5488,59.5488,1430620.7097935
2013-03-25,59.7039,60.2436,59.2789,59.4133,59.4133,1884227.5645041
2013-03-26,59.6258,60.2436,59.5972,60.0221,60.0221,1289282.2440925
2013-03-27,59.8195,60.4056,59.6644,60.29,60.29,1389326.4215605
2013-03-28,60.29,60.5579,59.9934,60.1467,60.1467,1702800.8081584
2013-04-01,60.0884,61.1588,59.6742,60.6666,60.6666,2650195.8885746
2013-04-02,62.6246,64.2921,61.9684,62.4427,62.4427,4611923.9742826
2013-04-03,62.0355,62.8668,61.1301,61.3406,61.3406,2498612.5138292
2013-04-04,61.4376,62.2678,61.313,61.7953,61.7953,2926754.8103982
2013-04-05,61.6115,62.2974,61.149,62.2391,62.2391,2232805.3842646
2013-04-08,61.9119,62.9142,61.3604,62.9142,62.9142,2187479.3004021
2013-04-09,63.1365,63.1662,62.5277,62.6147,62.6147,2041734.6941829
2013-04-10,62.7887,63.1959,62.423,62.9439,62.9439,1171047.940246
2013-04-11,63.0595,63.5606,62.9537,63.5507,63.5507,1430606.5453923
2013-04-12,63.358,64.3691,63.3382,64.3415,64.3415,2095176.9799368
2013-04-15,64.1102,64.553,62.8469,62.8469,62.8469,2405879.1908699
2013-04-16,63.3678,64.0905,62.9142,64.0321,64.0321,1642853.0152785
2013-04-17,63.6773,63.7336,62.2204,62.5574,62.5574,2811678.1562779
2013-04-18,62.0454,62.0454,60.7802,61.7281,61.7281,2514381.5393443
2013-04-19,62.085,62.8756,61.7558,62.8272,62.8272,1641290.884174
2013-04-22,63.02,63.02,62.0355,62.7205,62.7205,1198242.5788203
2013-04-23,62.8855,63.61,62.5179,63.2987,63.2987,2034079.8470734
2013-04-24,63.436,64.1102,62.7788,62.8945,62.8945,1850147.0034571
2013-04-25,63.2434,63.8215,63.2047,63.3778,63.3778,1109006.8512164
2013-04-26,63.5112,63.8779,63.1069,63.4647,63.4647,1189814.7601022
2013-04-29,63.4825,63.7919,63.3481,63.7148,63.7148,1373196.2038145
2013-04-30,63.6486,64.12,62.8569,63.8117,63.8117,1710402.0328917
2013-05-01,63.8403,64.5331,63.0011,63.0495,63.0495,1912604.9305793
2013-05-02,63.9935,66.4142,63.954,65.6431,65.6431,3093988.8367345
2013-05-03,65.989,66.0464,64.5331,64.7357,64.7357,2570737.6447751
2013-05-06,64.7457,65.4594,64.6113,64.6963,64.6963,1554629.0306178
2013-05-07,64.6113,65.0828,64.3217,64.5431,64.5431,1825414.9472066
2013-05-08,64.5431,65.9406,64.5431,65.9406,65.9406,1664079.3822301
2013-05-09,65.8933,66.0563,65.2004,65.6056,65.6056,1423782.3392394
2013-05-10,65.7104,66.3657,65.3635,66.3657,66.3657,1148938.3217047
2013-05-13,66.2026,66.598,65.7104,66.5683,66.5683,1348666.4961527
2013-05-14,65.9209,65.9209,65.1905,65.4594,65.4594,2502130.3440431
2013-05-15,65.5077,65.8833,64.9099,65.6718,65.6718,1603688.4459412
2013-05-16,65.5077,65.7974,64.89,64.9583,64.9583,1409381.1901836
2013-05-17,65.0363,65.6243,65.0363,65.4791,65.4791,1602159.7023538
2013-05-20,65.3635,65.4307,64.4274,64.5331,64.5331,1420069.2426373
2013-05-21,64.5034,65.4978,64.5034,65.1905,65.1905,2217962.1035425
2013-05-22,65.4594,66.7324,65.0828,65.5364,65.5364,3252565.3787045
2013-05-23,65.1125,65.74,64.4937,65.4978,65.4978,1900229.2908961
2013-05-24,65.1222,65.2854,64.4462,64.8336,64.8336,2431244.5982028
2013-05-28,65.4978,67.0812,65.4978,66.6078,66.6078,2047972.0894286
2013-05-29,66.1926,66.5683,65.7677,66.3952,66.3952,1286468.586967
2013-05-30,66.4517,67.3798,66.1532,67.2641,67.2641,958298.63411687
2013-05-31,66.9736,67.1663,65.4791,65.4791,65.4791,1328716.9487957
2013-06-03,65.5958,65.653,63.9441,64.553,64.553,2085127.3372805
2013-06-04,64.5234,65.2389,64.3691,65.1125,65.1125,1795411.7102214
2013-06-05,64.8999,65.2389,63.4262,63.6189,63.6189,1790328.7136741
2013-06-06,63.6189,64.5816,63.2047,64.5717,64.5717,1089694.7019135
2013-06-07,65.0926,66.4329,65.0066,66.0088,66.0088,1457495.637598
2013-06-10,66.0959,66.7224,66.0859,66.5387,66.5387,1176180.5121976
2013-06-11,66.6365,67.9392,65.9604,67.4569,67.4569,3061813.3876499
2013-06-12,67.6397,67.871,66.9449,66.9637,66.9637,1387348.4641061
2013-06-13,66.8194,67.0517,65.6431,66.9547,66.9547,2178549.6571841
2013-06-14,66.4804,67.022,65.7104,65.7301,65.7301,1838203.3780107
2013-06-17,66.1729,66.5683,65.4494,65.8438,65.8438,1842636.8355885
2013-06-18,65.7776,67.2938,65.6243,67.1762,67.1762,1697420.3591856
2013-06-19,67.2641,67.4371,66.4704,66.4704,66.4704,1619154.9603162
2013-06-20,66.0187,67.5349,65.5958,66.771,66.771,3176259.7259165
2013-06-21,67.4469,68.8535,67.3037,68.5075,68.5075,3984657.5138028
2013-06-24,68.1131,69.3358,67.7851,68.3158,68.3158,4576927.785872
2013-06-25,68.7002,68.7961,67.8512,68.1516,68.1516,2516002.3515395
2013-06-26,68.7487,69.145,68.1793,68.8258,68.8258,1897275.0015015
2013-06-27,69.1154,70.2135,69.0867,69.9714,69.9714,1919602.1447755
2013-06-28,69.8281,70.5228,69.7104,69.9032,69.9032,1935467.2858703
2013-07-01,70.5604,70.9666,69.9515,70.2135,70.2135,1818586.6940819
2013-07-02,70.0207,70.2234,69.3358,69.5473,69.5473,1831612.8844777
2013-07-03,68.9997,70.3371,68.5835,70.3192,70.3192,1129063.6433255
2013-07-05,70.3568,71.3146,70.1058,71.3057,71.3057,1310522.7754452
2013-07-08,71.5627,71.9886,70.9666,71.199,71.199,1875405.166038
2013-07-09,71.441,72.3168,71.2087,71.9886,71.9886,1850220.8606919
2013-07-10,71.9986,72.7606,71.9313,72.21,72.21,1582084.6988717
2013-07-11,73.0126,73.742,72.5876,73.4248,73.4248,2059658.7321673
2013-07-12,73.9644,74.0326,72.9533,73.3171,73.3171,1383894.3736975
2013-07-15,73.1559,73.5681,73.0393,73.1846,73.1846,1223503.7766301
2013-07-16,73.1262,73.1559,71.8245,72.2792,72.2792,1675170.1083753
2013-07-17,72.6539,73.4337,72.5688,72.7992,72.7992,1284815.3989976
2013-07-18,73.3171,75.8849,73.3171,74.7857,74.7857,1794117.6909968
2013-07-19,74.94,75.104,73.8962,75.0655,75.0655,977664.40579565
2013-07-22,75.0655,76.0569,74.7857,75.6042,75.6042,987739.3420256
2013-07-23,75.7397,75.9897,75.1999,75.3719,75.3719,1186930.2809707
2013-07-24,75.7397,76.4246,75.0368,75.3245,75.3245,1397255.4510074
2013-07-25,75.0852,75.3145,74.5437,75.2186,75.2186,1081775.7898958
2013-07-26,74.8056,75.4115,74.004,74.8056,74.8056,1358512.7784775
2013-07-29,74.7275,75.018,74.3114,74.4477,74.4477,913883.1189035
2013-07-30,74.8926,74.9696,73.3565,73.7233,73.7233,1858510.0706267
2013-07-31,73.5681,75.8454,73.5286,75.0557,75.0557,1899789.1827158
2013-08-01,75.277,75.6922,73.4525,74.514,74.514,2389229.9489941
2013-08-02,74.3905,74.7857,73.8102,74.5437,74.5437,1435376.9133702
2013-08-05,74.4379,75.6724,73.8962,75.0655,75.0655,1402605.547692
2013-08-06,74.8728,75.1604,74.004,74.9893,74.9893,2015443.5420568
2013-08-07,74.9499,75.4499,74.7087,75.0467,75.0467,1718712.4894285
2013-08-08,75.7307,76.299,75.0852,75.8651,75.8651,1395231.9651208
2013-08-09,76.0865,76.4246,75.1802,75.6428,75.6428,1230547.5310018
2013-08-12,75.3057,75.7397,74.7957,75.6922,75.6922,1364641.9172284
2013-08-13,75.9897,76.5016,74.9014,76.1547,76.1547,1241037.2818385
2013-08-14,75.9433,76.0964,75.104,75.2099,75.2099,1038244.5380151
2013-08-15,74.6228,75.277,73.0868,73.9743,73.9743,1412087.6025571
2013-08-16,73.8004,75.2099,73.7807,74.6029,74.6029,1201998.1686261
2013-08-19,74.5535,75.1129,74.5535,74.6702,74.6702,892133.68085017
2013-08-20,74.5831,75.9719,74.4102,75.7683,75.7683,1187222.6746813
2013-08-21,75.6428,75.6625,74.6603,75.0655,75.0655,1022576.6867941
2013-08-22,75.2286,76.6172,75.1317,76.2595,76.2595,813255.16575724
2013-08-23,76.1746,76.6172,75.953,76.5016,76.5016,762057.93759456
2013-08-26,76.6084,77.1391,76.1933,76.6954,76.6954,1016260.3755989
2013-08-27,76.1746,76.212,75.2099,75.4302,75.4302,1353504.650908
2013-08-28,75.3057,75.9433,75.0082,75.6526,75.6526,1589750.6751535
2013-08-29,75.4302,76.7824,75.2573,76.2209,76.2209,890990.41132417
2013-08-30,76.5016,76.7537,75.6131,75.8849,75.8849,1176987.8830663
2013-09-03,76.6172,77.1491,76.0273,76.6272,76.6272,1349747.0376163
2013-09-04,76.4719,77.582,76.1063,77.4742,77.4742,1228498.7515415
2013-09-05,77.4456,78.8352,77.4456,78.3519,78.3519,1533638.399772
2013-09-06,78.4883,78.7473,77.1006,77.9477,77.9477,1322412.7785156
2013-09-09,78.005,78.3816,77.6392,77.7944,77.7944,1344683.2641849
2013-09-10,78.0435,78.8352,77.9477,78.7769,78.7769,981054.75639885
2013-09-11,78.8254,79.6734,78.6534,79.3641,79.3641,1272243.4811834
2013-09-12,79.528,80.214,79.279,79.7209,79.7209,1033924.3956468
2013-09-13,80.1004,81.1382,80.0905,80.6687,80.6687,1072984.7554611
2013-09-16,81.2924,81.6611,80.8239,81.2637,81.2637,1209006.5119947
2013-09-17,81.2459,81.2637,80.2338,80.7369,80.7369,1041332.3774782
2013-09-18,80.7369,81.0058,77.494,78.3519,78.3519,4752297.2372158
2013-09-19,78.3519,78.5259,74.089,74.9499,74.9499,5040739.0799092
2013-09-20,75.0655,76.6568,74.9597,75.7871,75.7871,3392588.5785792
2013-09-23,75.3916,75.7594,73.8577,75.4499,75.4499,2548875.9032552
2013-09-24,75.5944,76.2793,74.9597,75.5181,75.5181,1700719.6529237
2013-09-25,75.7218,76.0273,75.2473,75.5271,75.5271,1148346.4520829
2013-09-26,75.7781,76.3385,74.5734,75.2573,75.2573,1603920.1350752
2013-09-27,74.8639,75.3145,74.6228,74.8826,74.8826,1119406.5569311
2013-09-30,74.3114,74.3805,73.5878,74.1186,74.1186,2095770.8730445
2013-10-01,74.1582,76.0767,74.004,75.7494,75.7494,1460654.2990671
2013-10-02,75.4015,75.7594,74.7087,75.623,75.623,1334012.4113612
2013-10-03,75.3818,75.702,74.9893,75.3145,75.3145,1503411.5675963
2013-10-04,75.3432,76.8782,75.1317,76.4048,76.4048,1852842.2866581
2013-10-07,75.6428,76.0273,75.3432,75.3522,75.3522,1024327.0020862
2013-10-08,75.2473,75.4204,74.6228,74.6415,74.6415,1430574.1696181
2013-10-09,74.7087,75.0368,74.2728,74.429,74.429,1297555.2661403
2013-10-10,75.104,76.6765,75.0082,76.2595,76.2595,1430682.4261132
2013-10-11,76.2397,77.0127,75.9244,76.7636,76.7636,1123202.6164546
2013-10-14,76.3188,76.7734,75.8157,76.4246,76.4246,1426416.9178639
2013-10-15,76.2496,76.6272,75.3145,75.3621,75.3621,1420844.2377318
2013-10-16,76.0173,77.6392,75.8454,77.6018,77.6018,1622327.7861867
2013-10-17,76.724,76.724,74.6988,74.7176,74.7176,3266920.9993278
2013-10-18,74.7087,74.8342,71.8048,72.2792,72.2792,4733198.565674
2013-10-21,72.1142,73.4811,71.5063,73.2409,73.2409,2054830.6948416
2013-10-22,73.405,74.6504,73.3852,73.742,73.742,1302038.2991223
2013-10-23,73.6274,73.6541,71.1031,71.2671,71.2671,2779162.7615643
2013-10-24,71.6121,71.9313,70.0504,70.5604,70.5604,2200911.1997182
2013-10-25,70.4656,71.3818,70.1937,71.2671,71.2671,2178420.1540874
2013-10-28,71.4599,71.9215,71.1031,71.5824,71.5824,1690812.6660224
2013-10-29,71.4974,71.7485,71.0546,71.6516,71.6516,1833396.5872868
2013-10-30,71.786,72.8555,71.786,71.9788,71.9788,2347946.7899332
2013-10-31,74.1482,75.6131,72.8742,74.2363,74.2363,3319662.147222
2013-11-01,74.3805,75.702,73.8765,75.5844,75.5844,2606718.2590698
2013-11-04,75.9433,76.8011,75.6042,76.7734,76.7734,1873583.016997
2013-11-05,76.3089,77.5721,75.9797,76.6765,76.6765,4101086.8682382
2013-11-06,76.984,78.2462,76.4719,77.5434,77.5434,1341532.6966593
2013-11-07,77.8518,78.2462,76.3959,76.4542,76.4542,1472536.2081939
2013-11-08,76.5985,77.8142,76.4631,77.8044,77.8044,1487849.9493846
2013-11-11,77.8903,78.4488,77.7362,78.2175,78.2175,769234.2302918
2013-11-12,78.1008,78.3519,77.7065,78.2076,78.2076,1106346.9790183
2013-11-13,78.1977,79.2691,78.1008,79.2395,79.2395,1766187.5153026
2013-11-14,79.2593,80.0905,79.1338,80.0708,80.0708,1483191.8848733
2013-11-15,79.9532,80.6786,79.8385,80.6589,80.6589,1402283.813436
2013-11-18,80.7172,81.2459,80.553,81.1095,81.1095,952848.374881
2013-11-19,81.4387,81.7767,81.1768,81.6314,81.6314,1352803.5130482
2013-11-20,81.757,83.3671,81.505,82.7592,82.7592,1867661.2855495
2013-11-21,83.3186,84.303,82.6248,82.6721,82.6721,1777690.0208256
2013-11-22,83.0863,83.7733,82.5299,83.5321,83.5321,1618918.2124676
2013-11-25,83.6665,85.1896,83.4352,85.0374,85.0374,1532326.1691745
2013-11-26,84.7478,85.411,84.6509,84.815,84.815,1643854.6407925
2013-11-27,85.0552,85.2083,84.6608,84.8823,84.8823,1033531.8393849
2013-11-29,85.1314,85.335,84.2249,84.3317,84.3317,714614.27575173
2013-12-02,84.2546,84.9495,83.9067,84.0619,84.0619,1370051.7067465
2013-12-03,83.7634,83.9363,82.942,83.0863,83.0863,1825741.7401774
2013-12-04,82.692,83.7347,82.0574,82.8837,82.8837,1363319.5692014
2013-12-05,82.8087,82.8541,81.2262,81.3121,81.3121,1217367.5556786
2013-12-06,82.2788,83.541,82.1721,83.4155,83.4155,1412936.4548866
2013-12-09,84.391,84.7972,83.8217,84.042,84.042,1446462.5808005
2013-12-10,83.715,83.9067,83.0103,83.03,83.03,1305115.0094131
2013-12-11,82.9034,83.4055,81.8252,82.096,82.096,1934851.1344178
2013-12-12,81.835,82.2788,81.0246,81.2736,81.2736,1581865.150653
2013-12-13,81.5444,82.2205,80.1953,80.2832,80.2832,1183794.8895893
2013-12-16,81.0621,81.4387,80.0608,80.9573,80.9573,1378622.1812197
2013-12-17,81.1481,81.1768,80.5432,80.7953,80.7953,1420307.002229
2013-12-18,80.9959,82.0179,80.1953,82.008,82.008,1126874.2315961
2013-12-19,81.6216,82.3371,80.9859,82.2788,82.2788,1164423.0474528
2013-12-20,82.4429,82.6623,81.6986,82.2106,82.2106,2227635.377824
2013-12-23,82.7403,83.1051,82.4231,82.9223,82.9223,740288.26468236
2013-12-24,83.0952,83.4629,82.769,83.0952,83.0952,255744.33424994
2013-12-26,83.2326,83.8781,83.1348,83.715,83.715,400357.81185864
2013-12-27,83.7544,84.1192,83.3374,83.4442,83.4442,379417.76815998
2013-12-30,83.4442,83.6566,82.6623,83.5222,83.5222,903785.92432881
2013-12-31,83.5984,84.6035,83.3472,84.3613,84.3613,798686.06737291
2014-01-02,83.8869,84.3317,83.115,83.1249,83.1249,1059506.3159697
2014-01-03,83.2129,83.8968,83.0103,83.3186,83.3186,887040.56687331
2014-01-06,83.715,83.7544,83.0103,83.0577,83.0577,1231024.0619281
2014-01-07,83.3571,85.4012,83.2129,85.1986,85.1986,1524292.9302042
2014-01-08,85.1037,85.1986,84.6124,84.7774,84.7774,1474160.055618
2014-01-09,85.0839,87.282,84.815,86.8373,86.8373,2056677.1257132
2014-01-10,87.1852,87.3977,85.6136,86.0307,86.0307,1097108.7542025
2014-01-13,85.7599,86.6168,85.5662,85.6136,85.6136,995108.87762502
2014-01-14,85.5662,86.6366,85.4012,86.2986,86.2986,899208.79925306
2014-01-15,86.4439,86.8086,86.1543,86.6565,86.6565,1346797.8069364
2014-01-16,86.4636,86.4636,85.4308,85.6532,85.6532,1594695.0629177
2014-01-17,85.9052,86.4339,85.0651,86.27,86.27,1033618.8492781
2014-01-21,86.607,87.3217,86.1741,86.9164,86.9164,1251891.2601348
2014-01-22,87.1288,87.2534,86.1068,86.4636,86.4636,1003977.8162665
2014-01-23,85.6038,86.4242,85.4703,86.347,86.347,1164305.6852713
2014-01-24,86.2216,86.2511,83.4155,83.6081,83.6081,1649790.5366411
2014-01-27,83.454,84.6222,83.0577,83.8968,83.8968,1358871.9472225
2014-01-28,83.8592,84.3613,82.8372,82.8738,82.8738,1591707.386006
2014-01-29,82.433,84.313,81.7273,82.8184,82.8184,1479082.1850373
2014-01-30,83.5321,84.9109,83.5024,84.5254,84.5254,1020861.7825052
2014-01-31,83.6081,84.0223,82.9124,83.2326,83.2326,1473865.6384214
2014-02-03,83.4253,83.5707,81.4387,81.505,81.505,1418307.7981729
2014-02-04,81.7273,81.9793,80.6973,81.9209,81.9209,1130420.3906126
2014-02-05,81.2262,82.6721,81.1095,82.0376,82.0376,1548806.4499788
2014-02-06,82.2689,82.52,81.6611,82.3272,82.3272,1609736.6452566
2014-02-07,77.2519,78.0435,73.4149,74.7087,74.7087,9336401.3157849
2014-02-10,74.6702,74.7087,73.5681,74.004,74.004,4228960.0471063
2014-02-11,73.9456,74.9696,73.6461,74.4675,74.4675,4345597.8205882
2014-02-12,74.6316,74.8639,72.983,73.2311,73.2311,4025069.5621892
2014-02-13,73.0028,73.7133,72.6816,73.4248,73.4248,4456630.5381639
2014-02-14,73.2775,75.3245,73.2311,74.94,74.94,5022527.7069287
2014-02-18,75.0655,75.8553,74.7957,74.8254,74.8254,3223318.9254408
2014-02-19,74.7176,75.0655,73.6461,73.7133,73.7133,2106087.6158379
2014-02-20,74.0228,74.8154,73.752,74.3509,74.3509,3214009.8786191
2014-02-21,73.9456,75.4886,73.9456,74.5831,74.5831,2591361.0129325
2014-02-24,74.3509,76.7912,74.2728,76.3672,76.3672,3679558.3352899
2014-02-25,76.1843,76.3485,75.0754,75.3719,75.3719,2190441.6837404
2014-02-26,75.2473,75.7683,74.6603,75.2375,75.2375,1431332.9768257
2014-02-27,75.4115,75.6823,74.7275,75.027,75.027,1302946.8442855
2014-02-28,75.104,77.1866,74.8826,76.7537,76.7537,2663464.8972767
2014-03-03,75.963,76.5116,75.3818,75.8058,75.8058,1637244.9241436
2014-03-04,76.3869,77.0511,76.2693,76.8684,76.8684,1715696.4837143
2014-03-05,76.9652,77.1491,76.1459,76.8881,76.8881,1453048.0156189
2014-03-06,77.1491,77.4169,76.2022,76.2496,76.2496,1508407.5542505
2014-03-07,76.3772,76.6865,75.875,76.2309,76.2309,1531589.6203118
2014-03-10,75.8058,76.9078,75.8058,76.8585,76.8585,1494218.8712129
2014-03-11,76.8782,77.6402,76.8485,77.1491,77.1491,1890326.3509665
2014-03-12,76.2891,76.9553,76.1261,76.5116,76.5116,2751632.2243327
2014-03-13,76.8288,76.975,74.939,74.9489,74.9489,2681273.5965657
2014-03-14,74.9884,75.2276,73.7223,73.8567,73.8567,2595863.2690304
2014-03-17,74.2155,75.189,73.9349,75.0457,75.0457,2175581.2033883
2014-03-18,74.939,75.1792,74.6118,74.9587,74.9587,2185137.1154882
2014-03-19,75.1594,78.092,74.9973,77.4564,77.4564,3646796.0752981
2014-03-20,77.4851,80.8832,77.3319,79.8799,79.8799,4279299.317253
2014-03-21,80.6232,81.4021,79.1169,79.1545,79.1545,3536783.1946093
2014-03-24,79.3571,79.9076,77.7272,77.9773,77.9773,1959924.1480401
2014-03-25,78.7394,78.7483,77.2825,77.4851,77.4851,1332608.1121558
2014-03-26,77.583,78.0257,76.9652,77.1866,77.1866,1743722.7749882
2014-03-27,77.2923,77.2923,74.088,74.765,74.765,3445945.8779258
2014-03-28,75.3245,76.7537,75.1495,76.6172,76.6172,2624879.044903
2014-03-31,77.3615,81.3151,77.3122,80.7873,80.7873,6137578.7104886
2014-04-01,80.9781,81.75,80.0825,80.1291,80.1291,2766764.8635364
2014-04-02,80.0233,80.1873,79.3284,79.5884,79.5884,1491456.8129776
2014-04-03,79.4826,80.2852,79.4144,80.1024,80.1024,2269753.224813
2014-04-04,80.4186,80.7972,78.8648,78.9232,78.9232,1669172.496207
2014-04-07,78.6049,79.3374,77.8241,78.0257,78.0257,2461968.1961637
2014-04-08,77.9487,79.029,77.5246,78.4596,78.4596,1921566.9495715
2014-04-09,78.6544,79.3374,78.3826,78.7116,78.7116,1725744.1028848
2014-04-10,78.7116,79.1169,75.9996,76.3089,76.3089,2179518.9069238
2014-04-11,75.9244,76.212,74.2541,74.3993,74.3993,2186790.3034578
2014-04-14,75.0547,75.1792,73.7697,74.6316,74.6316,1742461.1315378
2014-04-15,74.9973,75.0457,73.5868,74.6118,74.6118,1316819.8635247
2014-04-16,75.1495,75.1495,73.751,74.0781,74.0781,1698727.5310684
2014-04-17,70.8975,73.4604,70.8875,72.981,72.981,2964032.4791462
2014-04-21,73.4238,74.0692,73.0195,73.6165,73.6165,1375310.7465661
2014-04-22,73.6165,74.9103,73.4801,74.5624,74.5624,1696935.7343157
2014-04-23,74.4369,74.9203,73.8192,74.6405,74.6405,865381.17394193
2014-04-24,75.3719,76.8684,75.0073,76.6865,76.6865,2294112.9596602
2014-04-25,76.4631,76.898,75.4697,76.1746,76.1746,1560328.1786178
2014-04-28,76.2397,76.2793,74.9291,75.026,75.026,2167345.6158293
2014-04-29,75.4015,75.4015,75.0645,75.1119,75.1119,1792109.3812543
2014-04-30,75.5944,77.4279,75.3057,77.2242,77.2242,3330550.5247784
2014-05-01,80.0529,80.5164,78.8264,79.1634,79.1634,2471694.0810782
2014-05-02,79.5597,80.7972,79.2613,79.7525,79.7525,2265576.7499429
2014-05-05,79.3284,80.9979,79.1169,80.8358,80.8358,2408187.9882666
2014-05-06,80.8358,81.4318,80.3415,80.9218,80.9218,1752951.8941176
2014-05-07,81.0463,82.3975,80.8447,82.3688,82.3688,2202395.4266161
2014-05-08,82.3885,82.8214,82.2046,82.5911,82.5911,2364510.033659
2014-05-09,82.513,83.6022,82.3301,83.4481,83.4481,2540923.6037204
2014-05-12,83.6121,85.4852,83.5835,85.4159,85.4159,2932637.083871
2014-05-13,85.3872,85.8311,84.9445,85.2914,85.2914,2577429.3126025
2014-05-14,85.2914,85.4456,84.7617,85.2816,85.2816,1555464.730289
2014-05-15,85.0226,85.2914,84.0747,84.3851,84.3851,1836226.4322993
2014-05-16,84.2122,84.5096,83.6508,84.4138,84.4138,1407499.348309
2014-05-19,84.5393,85.4753,84.4425,85.3487,85.3487,1726025.367423
2014-05-20,85.3775,85.5613,84.5491,85.2816,85.2816,1695970.5315476
2014-05-21,85.4259,86.2463,85.4259,86.0437,86.0437,1048451.0008277
2014-05-22,85.9863,86.1296,85.3872,85.6482,85.6482,1422258.6543667
2014-05-23,85.8707,86.3994,85.4852,86.1019,86.1019,1502389.7072235
2014-05-27,86.1593,86.3994,85.8211,85.9863,85.9863,1558484.7829749
2014-05-28,86.4093,86.7759,85.8707,86.3233,86.3233,1728881.5177521
2014-05-29,86.7009,87.0172,86.0257,86.9322,86.9322,1254342.7132866
2014-05-30,86.602,87.0952,86.1494,86.6218,86.6218,2654041.5235023
2014-06-02,86.9598,87.3661,86.4883,87.2683,87.2683,1375302.6526226
2014-06-03,87.2109,87.4036,86.9519,87.2208,87.2208,1575960.6188356
2014-06-04,87.0952,87.5875,86.9787,87.2297,87.2297,1201888.9003882
2014-06-05,87.2297,87.8,86.9687,87.1151,87.1151,1170970.0360393
2014-06-06,87.3177,87.8,86.9787,87.1536,87.1536,1309553.5257055
2014-06-09,86.8432,87.3275,86.342,86.6812,86.6812,1553085.1108863
2014-06-10,86.6613,86.8925,86.0257,86.6812,86.6812,1089278.8755639
2014-06-11,86.5358,88.4088,86.517,88.2447,88.2447,1904466.4703428
2014-06-12,87.8188,88.1963,86.9322,87.548,87.548,1409764.6407591
2014-06-13,87.2683,87.8385,86.7206,87.8188,87.8188,1299541.3175381
2014-06-16,87.6735,88.1371,86.8234,87.5093,87.5093,1719259.8423608
2014-06-17,87.298,87.548,86.3994,86.8334,86.8334,1350849.8374246
2014-06-18,86.7582,87.4224,86.3707,87.3937,87.3937,960496.13978984
2014-06-19,87.5973,88.5817,87.1051,88.1568,88.1568,1159778.1355999
2014-06-20,88.4286,88.7459,87.964,88.6312,88.6312,2061357.4485692
2014-06-23,88.7459,88.7557,88.0599,88.2447,88.2447,850609.72696892
2014-06-24,88.2537,88.5433,87.0952,87.1051,87.1051,1383098.1320012
2014-06-25,87.298,88.8724,87.1733,88.8724,88.8724,1494975.6549345
2014-06-26,88.5146,88.6411,87.548,88.1371,88.1371,1047674.9939901
2014-06-27,88.1371,88.9297,87.8662,88.6886,88.6886,1178195.9041407
2014-06-30,88.8922,89.9211,88.4573,88.7359,88.7359,1586786.2683295
2014-07-01,88.7656,90.0269,88.7656,89.3627,89.3627,1141011.3157436
2014-07-02,89.0454,89.6729,88.0411,89.5741,89.5741,888858.66894252
2014-07-03,89.9873,90.9262,89.8538,90.3648,90.3648,687451.0012085
2014-07-07,89.5346,90.1048,88.7943,89.1808,89.1808,906725.03757926
2014-07-08,89.0354,89.0938,88.3397,88.6886,88.6886,959353.88200679
2014-07-09,88.7843,89.333,88.7359,89.2677,89.2677,1308758.295752
2014-07-10,88.4483,89.6631,88.3594,89.0552,89.0552,1296538.4644822
2014-07-11,88.901,90.3174,88.7172,90.0763,90.0763,1265611.5061897
2014-07-14,90.355,91.8247,90.3471,90.9065,90.9065,1979695.6286391
2014-07-15,90.5774,91.5934,90.3273,90.7423,90.7423,2190168.5131456
2014-07-16,90.9649,91.2346,90.4716,90.6554,90.6554,2694010.4284796
2014-07-17,91.8721,92.4988,90.355,91.1685,91.1685,3161988.0799575
2014-07-18,91.3513,92.9999,90.8867,92.9317,92.9317,1845889.5891513
2014-07-21,92.4049,92.5878,91.544,92.1726,92.1726,2412233.948297
2014-07-22,92.7015,93.7125,92.5384,92.9999,92.9999,1733142.9790296
2014-07-23,93.241,93.8578,92.7202,93.3962,93.3962,1210765.9329733
2014-07-24,93.2609,93.8184,93.1145,93.3468,93.3468,1077014.5276045
2014-07-25,91.9403,92.9119,91.0795,92.395,92.395,792635.84457162
2014-07-28,92.4228,93.5386,92.1726,93.4615,93.4615,1011824.8945352
2014-07-29,93.2026,93.2312,90.3273,91.3019,91.3019,3216107.2217407
2014-07-30,91.9403,91.9403,88.9692,90.2097,90.2097,3445378.2901347
2014-07-31,86.7009,88.4187,84.2586,86.8728,86.8728,4563271.2796225
2014-08-01,87.0458,88.5433,86.8334,87.5677,87.5677,1634727.7077005
2014-08-04,87.8761,88.8437,87.0557,88.5817,88.5817,1562236.3258089
2014-08-05,88.4286,89.2105,87.4412,87.6735,87.6735,1526865.7925092
2014-08-06,87.4126,89.0256,87.4126,88.2537,88.2537,954482.33973452
2014-08-07,88.2724,88.3694,85.5435,85.6285,85.6285,2239609.3555587
2014-08-08,85.7165,87.4906,85.5711,87.4126,87.4126,1320136.3568931
2014-08-11,87.6162,87.7416,86.8046,86.8432,86.8432,1888901.8169023
2014-08-12,86.8432,88.0698,86.8432,87.288,87.288,1907745.5292223
2014-08-13,87.7327,88.3989,87.1733,88.1281,88.1281,1815945.0332568
2014-08-14,88.2358,89.9299,87.9838,89.7006,89.7006,1383798.2581179
2014-08-15,89.7283,89.8924,88.312,89.3044,89.3044,1381860.7703815
2014-08-18,89.7283,89.8835,89.0256,89.8737,89.8737,587686.06479291
2014-08-19,89.8538,90.4617,89.4605,90.3837,90.3837,762846.08534744
2014-08-20,90.2689,90.6841,89.747,90.6456,90.6456,596789.72779724
2014-08-21,90.6456,91.1952,90.1712,90.6653,90.6653,641026.16450963
2014-08-22,90.694,90.7523,89.6631,89.8637,89.8637,848856.37644808
2014-08-25,90.095,90.5674,89.7856,89.9972,89.9972,661039.45167216
2014-08-26,90.2689,90.6554,89.9487,90.4617,90.4617,1116704.1915294
2014-08-27,90.4716,91.1882,90.0169,91.1585,91.1585,1280871.6250043
2014-08-28,90.9362,91.9601,90.9362,91.2049,91.2049,981723.51848441
2014-08-29,91.4284,92.2863,90.9649,91.2732,91.2732,1225194.3990884
2014-09-02,91.5835,91.7565,90.1612,90.8867,90.8867,856251.20562108
2014-09-03,91.0221,91.796,90.8966,91.4185,91.4185,1206473.1076646
2014-09-04,91.5835,93.6542,91.5055,92.133,92.133,1182435.1070734
2014-09-05,92.1914,93.3567,92.1034,92.9999,92.9999,1262757.3793466
2014-09-08,92.7202,92.8843,92.2003,92.6361,92.6361,854198.379189
2014-09-09,92.6361,93.2312,92.3159,92.6075,92.6075,1072565.8938826
2014-09-10,92.9416,92.9416,90.7128,91.0123,91.0123,1489541.5835857
2014-09-11,90.4528,90.7029,89.2677,90.0663,90.0663,1596857.1575876
2014-09-12,89.8924,90.3076,88.7746,89.0751,89.0751,1019485.8121023
2014-09-15,88.901,89.1511,88.2635,88.3021,88.3021,1244635.0397451
2014-09-16,88.3989,90.1345,87.8958,89.9586,89.9586,1102400.1697962
2014-09-17,90.9746,91.5539,90.3738,90.78,90.78,1485088.9028921
2014-09-18,91.0419,92.1034,91.0023,91.8623,91.8623,1132976.0532874
2014-09-19,92.3061,92.5977,91.6695,91.9018,91.9018,1733237.0711233
2014-09-22,91.8247,92.4228,91.1952,91.3711,91.3711,894525.44116826
2014-09-23,91.0419,91.3808,89.6918,89.7106,89.7106,1128036.7242379
2014-09-24,89.8924,91.6508,89.4693,91.4857,91.4857,886606.52915061
2014-09-25,91.3117,91.3117,88.1281,88.4948,88.4948,1556512.8959784
2014-09-26,88.5433,88.8922,87.9442,88.5917,88.5917,1063151.6257946
2014-09-29,87.7703,88.5521,87.6359,88.0312,88.0312,1365822.6212433
2014-09-30,88.2161,88.476,87.3473,87.5006,87.5006,1442997.3612196
2014-10-01,87.5973,87.7516,86.0634,86.2937,86.2937,1347172.1518254
2014-10-02,86.2363,86.5269,84.6737,85.5988,85.5988,1601284.5447077
2014-10-03,86.3707,87.7416,85.8904,87.4036,87.4036,2736027.1011742
2014-10-06,87.7703,88.1865,85.6384,86.0534,86.0534,1474873.3343931
2014-10-07,85.9191,87.6359,85.6582,85.9773,85.9773,2714515.4227127
2014-10-08,86.2066,88.2537,86.0534,88.2062,88.2062,1465141.3790209
2014-10-09,88.2062,88.6312,86.6218,86.8145,86.8145,1239838.3664507
2014-10-10,87.026,88.8338,87.026,87.4036,87.4036,1565815.8723425
2014-10-13,87.1634,87.964,86.3994,86.5269,86.5269,1652439.2796669
2014-10-14,85.7649,85.929,83.6508,84.6262,84.6262,4006551.6310969
2014-10-15,83.4965,85.9675,82.7335,85.6088,85.6088,3242407.4795532
2014-10-16,84.9643,86.7859,84.5877,84.9346,84.9346,2688030.0159414
2014-10-17,85.6878,87.1911,85.2133,85.9101,85.9101,1752881.0721115
2014-10-20,86.1593,87.5093,86.0534,87.4126,87.4126,1021962.5588276
2014-10-21,88.2161,89.6236,88.0511,89.4516,89.4516,1299304.5696894
2014-10-22,89.6729,89.8044,88.1963,88.2358,88.2358,1799025.656015
2014-10-23,89.2777,89.834,88.7943,89.0256,89.0256,906371.93929202
2014-10-24,89.1907,89.594,88.3297,89.5643,89.5643,784138.21559038
2014-10-27,89.584,89.9586,89.1115,89.3923,89.3923,739280.56871077
2014-10-28,88.2635,89.3231,87.3661,89.3231,89.3231,1588278.5891709
2014-10-29,89.6334,90.8284,89.4318,90.694,90.694,3083255.2558484
2014-10-30,91.1782,94.1287,91.1782,93.6838,93.6838,3161022.8771896
2014-10-31,94.8037,96.2478,94.1474,96.0699,96.0699,2692349.1465666
2014-11-03,96.1411,97.0998,95.8851,96.228,96.228,1719981.2150794
2014-11-04,96.0017,97.7156,95.9829,97.4704,97.4704,3467310.8536608
2014-11-05,98.3847,98.5824,96.2764,96.4889,96.4889,2425085.1071636
2014-11-06,96.7636,98.3244,96.402,97.7837,97.7837,2087792.2681932
2014-11-07,97.0316,97.6572,94.6692,95.5103,95.5103,2679080.1378645
2014-11-10,95.4906,98.1672,95.4512,97.7244,97.7244,2052520.885702
2014-11-11,97.9606,99.0666,97.9013,98.5527,98.5527,1996820.3896984
2014-11-12,98.0397,98.7899,97.8036,98.533,98.533,1533305.5363436
2014-11-13,98.5033,99.857,98.3046,99.1062,99.1062,2187009.8516764
2014-11-14,99.1458,99.3432,97.8915,98.3244,98.3244,1768818.0469552
2014-11-17,98.3342,99.5805,98.3145,99.3134,99.3134,1521902.181629
2014-11-18,99.373,100.875,99.3432,100.302,100.302,1637295.5112907
2014-11-19,100.332,100.332,98.7899,99.0272,99.0272,1470941.7013151
2014-11-20,98.78,99.0864,98.3046,98.6317,98.6317,1421959.1784555
2014-11-21,99.6401,99.6796,98.4341,98.6021,98.6021,1623520.6311169
2014-11-24,99.0073,99.2644,98.3551,98.8097,98.8097,1905500.471631
2014-11-25,98.8987,99.0073,97.5781,98.3244,98.3244,1486597.4116206
2014-11-26,98.6021,99.0666,97.7739,98.4341,98.4341,1083815.4636697
2014-11-28,98.8393,99.9467,98.8393,99.2644,99.2644,972493.38761216
2014-12-01,99.1358,99.7195,98.2947,98.9579,98.9579,1426257.0624789
2014-12-02,99.3035,100.342,98.8789,99.7384,99.7384,1547982.8912229
2014-12-03,100.193,100.875,99.8182,100.381,100.381,1251971.1878274
2014-12-04,100.351,100.45,98.869,99.5507,99.5507,1227174.3800286
2014-12-05,99.8182,101.379,99.6796,101.034,101.034,1203180.896127
2014-12-08,100.924,101.883,100.677,101.201,101.201,1163313.165444
2014-12-09,99.5805,100.964,99.3928,100.727,100.727,1102890.8651237
2014-12-10,100.5,100.757,98.6812,98.8097,98.8097,1499182.482093
2014-12-11,99.037,99.9567,98.6219,98.8393,98.8393,1355173.0150215
2014-12-12,97.9705,99.8182,97.9705,98.1672,98.1672,1230027.4951289
2014-12-15,98.9777,99.7883,96.8803,97.7936,97.7936,1472380.3997806
2014-12-16,97.6077,99.3333,96.3724,96.4603,96.4603,1172905.5002899
2014-12-17,96.8319,98.6614,96.7054,98.0397,98.0397,1149519.0621543
2014-12-18,98.9184,100.904,98.78,100.904,100.904,1281846.9452018
2014-12-19,101.804,101.873,100.391,100.856,100.856,2571089.7313194
2014-12-22,100.787,101.607,100.677,101.498,101.498,1131256.0902837
2014-12-23,101.963,102.013,100.273,100.647,100.647,832984.1531527
2014-12-24,100.894,101.172,100.54,100.57,100.57,473240.73826923
2014-12-26,100.687,101.104,100.283,100.351,100.351,608959.98366288
2014-12-29,99.9756,100.677,99.4722,100.46,100.46,801711.17877354
2014-12-30,100.332,101.152,100.134,100.687,100.687,624658.187172
2014-12-31,101.162,101.656,99.2446,99.2837,99.2837,731365.7036649
2015-01-02,99.9955,100.856,98.523,99.2149,99.2149,749052.99380066
2015-01-05,98.6812,98.8393,97.1284,97.51,97.51,1510800.3263116
2015-01-06,98.2068,98.9579,97.3143,97.9013,97.9013,2323105.4654451
2015-01-07,100.075,100.837,99.4624,100.193,100.193,1846664.584246
2015-01-08,101.409,105.393,101.321,105.283,105.283,2398197.0267009
2015-01-09,105.195,105.313,104.019,104.196,104.196,1363535.0704484
2015-01-12,104.71,104.71,101.873,102.457,102.457,1836904.3000714
2015-01-13,103.524,105.253,102.14,103.07,103.07,1111211.4390899
2015-01-14,101.923,104.513,101.567,103.662,103.662,1827252.2723918
2015-01-15,103.782,104.137,102.387,103.1,103.1,1178820.1495367
2015-01-16,103.07,104.167,102.121,104.087,104.087,1504236.1380951
2015-01-20,104.552,105.393,103.504,104.632,104.632,1213585.6605565
2015-01-21,104.662,106.805,104.216,106.252,106.252,1887340.6975406
2015-01-22,106.984,108.239,105.985,108.239,108.239,1725488.1319201
2015-01-23,108.545,108.971,106.015,106.095,106.095,1274822.413946
2015-01-26,105.877,105.887,104.7,105.55,105.55,1356334.4959205
2015-01-27,104.909,105.58,104.375,104.986,104.986,850616.80916953
2015-01-28,106.212,106.312,104.7,104.859,104.859,1872763.5052129
2015-01-29,104.829,105.985,104.039,105.758,105.758,1404204.1015424
2015-01-30,104.829,105.61,102.883,103.07,103.07,1628034.0163871
2015-02-02,103.317,104.087,101.528,104.078,104.078,1483387.1512613
2015-02-03,104.087,105.244,103.88,104.859,104.859,1446587.0251827
2015-02-04,104.522,106.915,103.84,106.222,106.222,1832970.6435076
2015-02-05,107.379,109.395,107.329,108.268,108.268,2136030.1482465
2015-02-06,108.16,108.822,107.299,107.764,107.764,1404749.4309889
2015-02-09,107.557,108.111,106.845,107.102,107.102,1442736.3315402
2015-02-10,107.834,109.919,107.794,109.692,109.692,1194065.0922072
2015-02-11,109.672,111.214,109.435,111.017,111.017,1473684.5364345
2015-02-12,111.808,111.916,110.197,110.937,110.937,1119548.2009431
2015-02-13,110.69,110.69,109.632,110.453,110.453,1143408.1347763
2015-02-17,110.245,111.441,109.258,111.421,111.421,1364795.7021558
2015-02-18,111.244,112.035,110.611,111.926,111.926,1053235.5332068
2015-02-19,111.521,112.816,111.244,112.103,112.103,825674.31038695
2015-02-20,112.301,114.436,111.985,114.376,114.376,1649574.0236513
2015-02-23,114.693,117.243,114.693,117.135,117.135,2382058.7150115
2015-02-24,117.115,117.718,116.462,116.522,116.522,1559917.4109827
2015-02-25,116.749,117.213,116.087,116.926,116.926,1490554.338272
2015-02-26,116.582,117.609,116.572,117.322,117.322,1579597.8347169
2015-02-27,117.312,118.113,117.312,117.362,117.362,1614013.2826781
2015-03-02,117.519,118.666,116.769,118.163,118.163,2153119.4983028
2015-03-03,117.926,118.143,115.948,116.858,116.858,2347970.060021
2015-03-04,115.069,118.054,114.526,117.579,117.579,3007464.5802186
2015-03-05,117.579,118.666,117.392,118.192,118.192,1663812.2820931
2015-03-06,117.738,117.806,115.613,116.344,116.344,2608429.1163869
2015-03-09,116.403,118.004,116.117,117.728,117.728,1475739.3863526
2015-03-10,116.709,116.819,115.642,115.642,115.642,888089.74430557
2015-03-11,116.502,116.926,115.77,116.265,116.265,1339895.6965768
2015-03-12,116.809,118.578,116.809,118.458,118.458,1089778.6765779
2015-03-13,117.984,118.904,117.075,118.598,118.598,1066156.5023363
2015-03-16,118.992,121.858,118.715,120.644,120.644,1910896.0967479
2015-03-17,120.387,120.801,119.448,120.485,120.485,1308606.5343105
2015-03-18,120.634,123.549,120.248,123.044,123.044,1616329.1622754
2015-03-19,123.035,124.35,122.61,123.638,123.638,1336786.6105119
2015-03-20,124.706,124.795,123.5,123.914,123.914,2098740.3385833
2015-03-23,123.914,124.913,123.747,123.954,123.954,1674455.8178572
2015-03-24,124.044,125.496,123.856,125.051,125.051,2045485.2252739
2015-03-25,125.506,126.485,122.452,122.472,122.472,1707301.0407703
2015-03-26,121.494,123.084,120.693,121.81,121.81,1695798.5352474
2015-03-27,122.195,124.726,122.195,124.468,124.468,1553438.2091735
2015-03-30,126.159,126.544,125.013,125.437,125.437,1488679.578598
2015-03-31,124.586,125.872,124.281,124.923,124.923,1930176.8820194
2015-04-01,125.13,125.842,123.589,125.833,125.833,2176552.476614
2015-04-02,125.644,126.989,125.279,125.931,125.931,1521320.4294367
2015-04-06,125.289,127.77,125.1,127.216,127.216,1543594.9620776
2015-04-07,128.225,128.798,125.357,125.357,125.357,1652691.2036597
2015-04-08,125.753,126.959,125.496,126.899,126.899,1444232.6993534
2015-04-09,126.821,127.948,126.604,127.582,127.582,1431262.1548196
2015-04-10,127.849,128.669,126.861,128.659,128.659,1727504.5356062
2015-04-13,128.847,130.251,128.106,128.175,128.175,1399989.1804404
2015-04-14,128.155,128.6,126.831,128.273,128.273,1644512.2737056
2015-04-15,128.491,128.915,125.269,125.694,125.694,3215739.9590522
2015-04-16,130.281,130.289,127.839,128.175,128.175,2006575.6151582
2015-04-17,127.196,127.967,125.586,126.544,126.544,1175671.6054971
2015-04-20,127.68,127.819,125.556,125.743,125.743,1438351.4376238
2015-04-21,125.941,126.851,125.674,126.159,126.159,1916214.8294011
2015-04-22,126.445,126.722,124.973,125.723,125.723,1287400.4022179
2015-04-23,125.625,126.455,125.377,126.03,126.03,1401959.0439512
2015-04-24,125.99,126.317,125.714,126.119,126.119,1054374.7557609
2015-04-27,126.564,127.088,125.11,125.723,125.723,2919960.9565337
2015-04-28,126.07,127.433,123.964,127.117,127.117,2239987.7474194
2015-04-29,126.633,126.939,120.456,122.255,122.255,3549707.1989678
2015-04-30,121.948,123.687,119.942,120.287,120.287,2451538.1381606
2015-05-01,121.265,122.145,120.149,121.118,121.118,2777290.0253761
2015-05-04,121.671,123.331,121.404,122.294,122.294,2235922.5642731
2015-05-05,121.701,122.215,120.574,120.881,120.881,1512408.9975915
2015-05-06,121.84,122.086,120.04,120.921,120.921,1434822.4782373
2015-05-07,121.068,122.759,120.861,122.076,122.076,1446080.141968
2015-05-08,122.877,124.468,122.807,124.014,124.014,1382065.142456
2015-05-11,124.083,125.16,123.46,123.836,123.836,1297206.2148249
2015-05-12,123.371,128.126,123.233,127.266,127.266,4364569.0125191
2015-05-13,127.859,128.698,126.712,127.097,127.097,2612038.003466
2015-05-14,127.869,128.432,126.841,127.256,127.256,1513029.1960158
2015-05-15,127.166,127.75,126.662,127.463,127.463,1308430.4910384
2015-05-18,127.276,128.985,127.186,128.62,128.62,1144667.7547408
2015-05-19,129.429,130.023,128.837,129.105,129.105,1464640.5662638
2015-05-20,129.075,129.381,128.471,128.985,128.985,938961.19124049
2015-05-21,128.6,128.887,127.908,128.313,128.313,1174221.7778593
2015-05-22,128.363,132.375,127.997,131.121,131.121,3300732.4367518
2015-05-26,131.121,131.151,129.025,129.232,129.232,1404499.5304819
2015-05-27,129.964,130.903,129.479,130.231,130.231,1163756.3088532
2015-05-28,130.231,131.298,129.885,131.131,131.131,1134346.9649756
2015-05-29,130.864,140.263,129.974,135.934,135.934,6562194.0711572
2015-06-01,135.964,140.233,135.617,138.84,138.84,4759712.3012475
2015-06-02,138.02,138.167,135.737,136.576,136.576,3336063.5120767
2015-06-03,136.656,136.843,134.283,135.272,135.272,2538777.6969374
2015-06-04,134.787,134.995,132.198,132.89,132.89,2162357.7231187
2015-06-05,133.137,134.955,132.385,134.639,134.639,1806973.9085781
2015-06-08,134.619,135.834,133.888,133.937,133.937,1271513.0027783
2015-06-09,133.918,134.6,132.81,133.681,133.681,1133653.9210595
2015-06-10,133.987,135.45,133.206,134.965,134.965,1091426.8058325
2015-06-11,135.103,135.766,134.174,134.343,134.343,1473849.4505343
2015-06-12,133.977,133.977,132.345,132.524,132.524,1133192.5662773
2015-06-15,131.348,158.291,130.784,148.08,148.08,14712331.844572
2015-06-16,150.097,151.609,145.58,148.605,148.605,6940686.0945241
2015-06-17,148.892,151.293,148.15,149.979,149.979,3488993.5166799
2015-06-18,150.266,151.639,149.603,150.967,150.967,2046523.2735338
2015-06-19,150.69,151.709,149.662,149.84,149.84,1906543.5786056
2015-06-22,160.703,161.187,156.601,156.938,156.938,9313996.2683043
2015-06-23,157.54,159.111,156.028,159.012,159.012,6818316.7972679
2015-06-24,158.815,160.347,158.321,159.972,159.972,3680569.0664903
2015-06-25,160.386,164.469,159.221,163.855,163.855,6401703.3115384
2015-06-26,163.411,164.745,159.171,162.205,162.205,11418230.37107
2015-06-29,158.4,160.633,157.708,158.934,158.934,3036316.4537343
2015-06-30,160.603,160.603,156.215,156.344,156.344,3594203.6536166
2015-07-01,158.084,158.271,154.625,156.384,156.384,3719213.5999547
2015-07-02,157.56,162.502,154.545,155.662,155.662,4515051.6109421
2015-07-06,153.528,155.405,151.333,154.475,154.475,4526343.6739329
2015-07-07,153.557,155.01,145.333,149.049,149.049,5277939.1777503
2015-07-08,147.389,148.744,144.81,145.195,145.195,2634099.0583458
2015-07-09,146.618,151.876,145.748,151.115,151.115,4311767.1600482
2015-07-10,151.995,153.854,149.782,151.718,151.718,2025074.3231345
2015-07-13,151.985,152.105,148.12,149.643,149.643,1791018.7223614
2015-07-14,150.039,151.125,149.316,150.523,150.523,1250695.3799757
2015-07-15,150.146,152.4,149.603,150.641,150.641,1301805.5982453
2015-07-16,150.097,150.987,147.943,148.921,148.921,1494172.3310376
2015-07-17,148.367,149.306,146.964,148.061,148.061,2022069.4465928
2015-07-20,147.784,148.644,145.738,147.597,147.597,1788118.0553427
2015-07-21,147.29,147.656,144.938,146.014,146.014,2303372.4310778
2015-07-22,146.034,148.042,145.393,145.797,145.797,1793400.36525
2015-07-23,151.599,152.489,147.686,148.99,148.99,7023471.9608642
2015-07-24,145.324,146.509,139.215,140.638,140.638,10722793.68281
2015-07-27,139.936,142.122,138.988,140.816,140.816,3711860.2522425
2015-07-28,141.775,141.775,139.532,140.786,140.786,3444647.8117295
2015-07-29,141.152,142.042,139.966,140.342,140.342,3623867.9567158
2015-07-30,141.865,143.07,138.83,138.879,138.879,3663162.0291499
2015-07-31,139.442,140.193,138.326,139.027,139.027,2863284.1285897
2015-08-03,139.136,139.769,137.496,138.375,138.375,1842208.8683234
2015-08-04,138.415,139.175,138.079,138.869,138.869,2513289.8687084
2015-08-05,139.542,142.822,139.077,142.417,142.417,3629694.5843266
2015-08-06,142.062,143.317,140.154,141.685,141.685,2868672.6715059
2015-08-07,141.638,141.638,139.502,140.768,140.768,1063464.2543641
2015-08-10,141.271,142.122,140.134,140.599,140.599,1232969.6436081
2015-08-11,140.115,141.014,138.948,139.639,139.639,1926766.2965574
2015-08-12,138.75,138.82,135.914,138.365,138.365,1656115.953523
2015-08-13,138.415,139.562,138.167,138.197,138.197,1752370.1419251
2015-08-14,138.345,139.689,138.108,139.087,139.087,1055898.4406337
2015-08-17,138.415,141.608,138.02,141.478,141.478,1748642.8809218
2015-08-18,141.36,144.058,141.36,143.317,143.317,2475988.9298728
2015-08-19,142.615,144.651,141.38,143.95,143.95,2075428.7694254
2015-08-20,143.574,143.702,140.174,140.174,140.174,1792572.7595223
2015-08-21,139.839,140.895,137.753,137.753,137.753,2324510.7763934
2015-08-24,122.857,135.47,119.832,131.021,131.021,3612111.5037139
2015-08-25,134.797,134.797,129.045,129.115,129.115,2166295.4266542
2015-08-26,131.585,133.216,129.905,132.751,132.751,2306792.1222263
2015-08-27,133.344,134.965,130.142,133.483,133.483,1982490.0626486
2015-08-28,133.483,133.749,131.694,133.067,133.067,1467335.849465
2015-08-31,132.662,137.149,132.425,135.894,135.894,2294049.2198548
2015-09-01,134.026,135.242,132.81,134.155,134.155,2087863.0901993
2015-09-02,135.024,135.36,132.82,134.481,134.481,1356576.3024839
2015-09-03,134.777,137.613,134.748,136.685,136.685,1591981.5683436
2015-09-04,135.4,135.657,134.184,134.52,134.52,1896803.52929
2015-09-08,134.926,136.843,134.649,136.141,136.141,1006994.8337236
2015-09-09,137.149,137.536,134.718,134.876,134.876,1864892.1451135
2015-09-10,134.353,135.123,132.563,132.662,132.662,2761492.6710587
2015-09-11,132.0,134.767,131.762,134.748,134.748,1479770.1702389
2015-09-14,134.837,135.123,134.085,134.481,134.481,1028855.5635007
2015-09-15,134.797,136.141,134.283,135.795,135.795,900585.78139897
2015-09-16,136.111,137.9,135.776,137.633,137.633,926696.84328112
2015-09-17,138.02,139.62,136.972,137.793,137.793,1048234.4878377
2015-09-18,136.507,137.673,136.171,136.685,136.685,1534786.7280127
2015-09-21,137.416,137.97,135.667,137.139,137.139,862873.06318535
2015-09-22,136.863,136.863,135.272,136.24,136.24,822255.63098135
2015-09-23,136.062,138.138,135.38,137.753,137.753,1401081.8628193
2015-09-24,135.193,137.456,134.441,136.111,136.111,1255124.7905819
2015-09-25,136.714,136.902,131.635,132.682,132.682,1916905.8498315
2015-09-28,131.98,132.335,127.908,128.363,128.363,2891222.3982276
2015-09-29,128.205,130.299,126.861,127.888,127.888,2174792.0438925
2015-09-30,128.54,131.17,128.54,130.309,130.309,2035331.3730943
2015-10-01,129.954,131.238,129.212,130.705,130.705,1523288.2694614
2015-10-02,127.374,133.838,127.374,133.759,133.759,1653214.2747615
2015-10-05,134.639,135.4,133.651,134.817,134.817,1124273.0404886
2015-10-06,134.619,134.639,131.121,131.951,131.951,1589701.0997493
2015-10-07,132.208,132.474,130.952,131.872,131.872,2728415.7590114
2015-10-08,131.131,131.842,128.955,128.955,128.955,2233643.1074217
2015-10-09,128.59,131.605,128.422,131.605,131.605,2382842.8157925
2015-10-12,131.742,132.988,130.695,132.81,132.81,979358.06348284
2015-10-13,132.84,135.834,132.385,134.006,134.006,1428793.5020378
2015-10-14,133.987,134.738,131.654,132.8,132.8,930133.7340597
2015-10-15,132.474,134.273,129.459,134.234,134.234,2510905.1905909
2015-10-16,135.44,136.319,134.57,135.844,135.844,1844997.2318753
2015-10-19,135.39,137.773,135.123,136.952,136.952,829338.84332778
2015-10-20,136.952,137.703,136.556,137.259,137.259,659133.32796688
2015-10-21,137.95,138.157,123.569,131.852,131.852,3642855.3365338
2015-10-22,131.19,131.654,123.253,124.973,124.973,4871679.8693031
2015-10-23,125.337,128.461,125.26,127.928,127.928,2013883.4344381
2015-10-26,128.225,128.728,127.236,128.481,128.481,1574472.3449659
2015-10-27,128.253,132.79,128.116,132.188,132.188,2310006.4295574
2015-10-28,131.98,132.603,126.613,131.308,131.308,1448790.6013133
2015-10-29,131.348,133.047,130.636,130.824,130.824,1000259.6609497
2015-10-30,130.913,131.654,129.262,129.362,129.362,1254106.9771807
2015-11-02,129.865,130.933,128.511,129.075,129.075,1274678.746448
2015-11-03,129.153,129.539,126.544,127.355,127.355,1304454.3412711
2015-11-04,127.443,128.126,125.279,125.417,125.417,1969607.539751
2015-11-05,125.586,127.977,124.814,127.799,127.799,1375746.8077747
2015-11-06,127.799,128.531,124.488,128.185,128.185,1836293.2073336
2015-11-09,127.73,128.798,126.939,128.303,128.303,1574536.0847712
2015-11-10,128.096,129.855,127.888,129.569,129.569,1509506.307087
2015-11-11,129.569,129.677,127.069,127.216,127.216,1543387.5547742
2015-11-12,126.179,128.897,126.179,126.801,126.801,1255660.0025989
2015-11-13,126.899,128.61,126.119,126.979,126.979,1921463.7517912
2015-11-16,127.069,129.419,126.861,128.828,128.828,1016941.2785997
2015-11-17,128.61,131.447,127.987,129.085,129.085,1407138.1560781
2015-11-18,129.005,130.784,128.273,130.429,130.429,877478.58431564
2015-11-19,125.96,127.393,122.996,123.381,123.381,2951426.1620719
2015-11-20,124.073,128.006,123.638,127.572,127.572,1922810.3816488
2015-11-23,128.056,129.885,127.977,128.521,128.521,1193597.6669675
2015-11-24,128.422,129.677,128.155,129.579,129.579,1355540.2777099
2015-11-25,129.954,130.429,129.381,129.449,129.449,939957.7580397
2015-11-27,129.776,131.595,129.312,130.577,130.577,474434.59494239
2015-11-30,130.527,131.151,129.599,130.271,130.271,1317619.14045
2015-12-01,130.567,134.965,130.339,134.728,134.728,1938777.708781
2015-12-02,134.431,137.189,133.788,134.866,134.866,2984243.0561828
2015-12-03,134.629,135.143,132.158,132.474,132.474,2633063.0335717
2015-12-04,133.454,136.102,133.037,135.547,135.547,1444334.8853907
2015-12-07,135.717,135.993,132.148,132.988,132.988,971764.93269295
2015-12-08,132.217,133.492,131.733,132.514,132.514,930088.20562725
2015-12-09,131.485,133.354,131.485,132.335,132.335,1006994.8337236
2015-12-10,132.335,134.906,131.684,134.372,134.372,968034.63646078
2015-12-11,132.81,136.991,132.81,135.203,135.203,1246851.768534
2015-12-14,135.824,136.694,134.421,135.795,135.795,1530011.30132
2015-12-15,136.972,137.96,134.511,135.747,135.747,1712895.9792471
2015-12-16,136.646,137.496,133.551,136.27,136.27,1585868.6174799
2015-12-17,136.28,138.978,136.131,138.02,138.02,2147853.3762827
2015-12-18,137.92,139.542,137.683,138.939,138.939,3054655.3063256
2015-12-21,139.305,141.498,138.503,139.432,139.432,1624306.7553839
2015-12-22,140.243,140.925,138.632,140.569,140.569,1189975.6272302
2015-12-23,140.826,142.012,140.303,141.745,141.745,906492.33670228
2015-12-24,141.568,142.764,141.35,141.35,141.35,742958.25430988
2015-12-28,140.995,142.19,140.995,141.942,141.942,567180.05881696
2015-12-29,141.835,143.377,141.429,143.198,143.198,744429.32854951
2015-12-30,143.06,143.09,141.695,141.735,141.735,602172.2002559
2015-12-31,141.321,142.694,140.816,141.222,141.222,929128.06157401
2016-01-04,139.669,141.755,139.057,141.439,141.439,1514428.4365065
2016-01-05,141.38,142.981,138.702,139.106,139.106,1569721.2001038
2016-01-06,138.454,139.829,137.793,138.049,138.049,1222858.2846323
2016-01-07,136.092,137.98,135.35,136.437,136.437,1843904.5494965
2016-01-08,137.051,137.179,133.759,133.908,133.908,1518350.9638979
2016-01-11,134.085,134.501,130.033,130.033,130.033,2176276.2707904
2016-01-12,130.686,134.61,130.309,134.224,134.224,1876811.4887292
2016-01-13,134.372,135.252,130.201,130.547,130.547,1731410.8751105
2016-01-14,130.251,134.313,130.251,133.888,133.888,2046750.915696
2016-01-15,131.99,132.435,129.934,131.475,131.475,1752394.4237558
2016-01-19,131.525,136.497,131.505,135.044,135.044,1910377.0726179
2016-01-20,133.828,135.34,130.419,134.372,134.372,1977499.1347091
2016-01-21,134.52,137.673,134.263,135.252,135.252,1912795.1382526
2016-01-22,133.097,136.27,131.684,133.097,133.097,2428705.123415
2016-01-25,133.444,134.016,130.942,131.111,131.111,1724364.0855101
2016-01-26,132.317,132.662,129.648,130.695,130.695,1192594.0179677
2016-01-27,130.686,130.686,125.357,126.851,126.851,2793455.6541251
2016-01-28,127.493,128.55,124.596,125.309,125.309,1198349.8235724
2016-01-29,125.694,128.925,125.556,128.925,128.925,1724971.1312761
2016-02-01,128.688,130.498,127.948,128.58,128.58,1791644.9912433
2016-02-02,128.55,128.55,126.415,127.306,127.306,1168753.3072504
2016-02-03,127.443,128.412,126.159,127.888,127.888,2156286.2537156
2016-02-04,126.06,130.261,126.06,130.072,130.072,2229151.9804961
2016-02-05,128.985,130.399,127.107,128.412,128.412,1623781.6607963
2016-02-08,127.523,127.71,119.784,120.594,120.594,2863382.2676552
2016-02-09,120.139,124.596,119.229,123.717,123.717,1201210.0208733
2016-02-10,124.152,126.485,123.549,124.983,124.983,851649.79871469
2016-02-11,123.51,125.753,123.431,123.549,123.549,1196944.5126241
2016-02-12,124.231,125.96,122.996,125.763,125.763,710354.83796021
2016-02-16,127.186,129.677,126.109,129.499,129.499,876224.02306588
2016-02-17,129.974,131.515,128.373,131.111,131.111,1001163.1473981
2016-02-18,130.873,132.395,130.289,130.923,130.923,1047260.1793833
2016-02-19,132.217,132.217,128.935,129.262,129.262,1133752.0601249
2016-02-22,130.616,133.304,130.577,131.605,131.605,1300177.7038495
2016-02-23,130.962,133.206,130.962,133.037,133.037,990047.1276794
2016-02-24,132.692,132.979,130.735,132.455,132.455,660381.81875898
2016-02-25,132.88,135.597,132.317,135.44,135.44,941400.50347692
2016-02-26,135.3,138.247,135.123,136.319,136.319,1173700.7302434
2016-02-29,135.567,137.713,134.718,134.748,134.748,1282961.8859252
2016-03-01,135.747,136.062,132.672,133.71,133.71,1631255.4059188
2016-03-02,133.245,135.954,132.771,135.617,135.617,988530.52500731
2016-03-03,135.005,136.329,133.868,135.547,135.547,911912.24364984
2016-03-04,134.738,135.617,132.949,134.095,134.095,1296291.599204
2016-03-07,133.197,136.121,133.187,135.587,135.587,1009639.5297775
2016-03-08,134.698,136.102,134.204,135.044,135.044,968700.36331751
2016-03-09,136.013,137.09,134.105,135.252,135.252,1387013.5771919
2016-03-10,135.163,137.92,134.718,137.219,137.219,1269768.7579439
2016-03-11,137.536,139.799,137.259,139.62,139.62,1056056.2725328
2016-03-14,138.662,140.708,138.662,140.243,140.243,1045605.9796709
2016-03-15,139.185,140.105,138.405,138.435,138.435,1438136.9481197
2016-03-16,138.069,139.215,135.093,137.041,137.041,722724.40718568
2016-03-17,136.991,137.031,131.951,133.037,133.037,1331399.0793386
2016-03-18,133.254,136.329,132.8,134.708,134.708,1216187.8634067
2016-03-21,134.224,135.113,132.781,133.374,133.374,559329.94531945
2016-03-22,133.018,134.945,132.168,134.145,134.145,645776.29762868
2016-03-23,134.431,135.103,132.722,133.107,133.107,635579.95224553
2016-03-24,132.345,133.511,132.227,133.187,133.187,479115.9295413
2016-03-28,133.483,133.888,132.435,132.85,132.85,514993.34605568
2016-03-29,132.593,133.928,132.326,133.304,133.304,1226405.4553917
2016-03-30,133.749,135.38,132.603,132.702,132.702,1229512.5179708
2016-03-31,132.84,133.641,131.465,132.494,132.494,1322186.1480963
2016-04-01,132.0,132.87,130.468,132.415,132.415,1867143.2731625
2016-04-04,132.257,136.764,131.654,136.339,136.339,2795501.3983565
2016-04-05,136.102,136.319,130.784,130.804,130.804,2817586.7350671
2016-04-06,130.498,131.455,127.888,130.527,130.527,2594571.2732919
2016-04-07,128.531,130.774,126.475,127.306,127.306,2041964.359831
2016-04-08,128.026,128.64,124.973,125.912,125.912,2451738.4632634
2016-04-11,125.882,128.126,125.823,127.493,127.493,1929715.5272373
2016-04-12,127.413,131.595,127.403,131.081,131.081,1553596.0410727
2016-04-13,131.525,135.044,130.883,132.257,132.257,1595462.9758117
2016-04-14,132.345,132.554,130.281,130.329,130.329,999983.45512611
2016-04-15,130.981,132.89,130.172,131.931,131.931,1649374.7102914
2016-04-18,131.278,132.82,131.228,132.375,132.375,985223.13732548
2016-04-19,133.414,135.113,132.741,135.034,135.034,1484195.5338732
2016-04-20,134.975,137.97,134.234,136.379,136.379,1221787.8605982
2016-04-21,136.457,137.9,134.896,135.5,135.5,774620.74972223
2016-04-22,135.727,137.199,135.193,136.912,136.912,593856.68500445
2016-04-25,136.606,136.863,135.4,135.41,135.41,816497.80189071
2016-04-26,135.281,136.27,134.481,135.824,135.824,1468563.0936553
2016-04-27,135.717,136.131,132.929,134.451,134.451,1009886.3950557
2016-04-28,133.551,136.131,133.274,135.103,135.103,586237.24889803
2016-04-29,134.135,134.343,132.534,133.759,133.759,699552.45855398
2016-05-02,134.421,134.955,132.771,133.501,133.501,677066.47163787
2016-05-03,133.157,134.263,131.97,132.979,132.979,733508.57521892
2016-05-04,132.198,132.979,130.053,130.616,130.616,1075687.1208628
2016-05-05,130.329,131.625,129.835,130.261,130.261,844160.87744797
2016-05-06,132.257,132.257,124.577,126.337,126.337,2667834.6150491
2016-05-09,126.188,128.253,125.763,126.831,126.831,1310666.4429432
2016-05-10,127.039,128.925,126.752,128.452,128.452,778450.19676283
2016-05-11,128.481,129.115,125.605,126.01,126.01,1520975.4250929
2016-05-12,126.03,126.03,122.867,123.638,123.638,1860964.5590074
2016-05-13,123.944,124.795,121.711,123.934,123.934,1666755.4423153
2016-05-16,123.885,126.396,123.45,125.526,125.526,946051.48578754
2016-05-17,125.2,126.05,123.618,125.941,125.941,1684597.5291214
2016-05-18,125.823,126.149,123.777,125.003,125.003,790593.13556899
2016-05-19,124.162,125.586,122.797,124.586,124.586,708973.80884253
2016-05-20,125.24,126.762,125.023,126.732,126.732,2047436.8774117
2016-05-23,124.034,124.063,120.683,121.79,121.79,4379875.671509
2016-05-24,122.492,123.589,120.209,120.485,120.485,4681065.4752887
2016-05-25,121.77,125.387,120.821,124.823,124.823,3578709.822182
2016-05-26,125.17,126.06,124.123,124.399,124.399,966519.04553164
2016-05-27,124.439,125.546,124.103,124.35,124.35,1015911.3242833
2016-05-31,124.528,124.755,123.044,123.687,123.687,2341710.4064304
2016-06-01,123.223,123.964,121.908,123.311,123.311,1701882.1455657
2016-06-02,123.351,125.357,123.311,125.09,125.09,1545636.6593373
2016-06-03,124.498,125.783,124.429,125.22,125.22,1281776.1231957
2016-06-06,125.269,126.702,124.034,125.15,125.15,888341.66829846
2016-06-07,124.686,126.0,124.221,124.389,124.389,1232354.5038987
2016-06-08,124.35,126.851,124.004,126.623,126.623,1287943.7081785
2016-06-09,125.98,127.216,124.281,124.775,124.775,1081599.7466237
2016-06-10,124.123,124.755,123.154,123.658,123.658,1144568.6039324
2016-06-13,122.917,124.439,121.868,122.126,122.126,1359554.8737092
2016-06-14,121.938,123.144,121.365,122.967,122.967,1022508.9000169
2016-06-15,123.124,123.806,121.721,122.185,122.185,1039488.9818354
2016-06-16,121.938,124.548,120.189,124.231,124.231,1932106.2758125
2016-06-17,124.528,125.516,123.589,125.023,125.023,1612957.0230452
2016-06-20,123.441,124.903,122.6,123.431,123.431,2627962.8373943
2016-06-21,123.441,123.826,122.343,123.381,123.381,1115625.6735518
2016-06-22,123.687,124.883,122.927,123.49,123.49,1669853.3992079
2016-06-23,124.528,125.496,123.994,125.269,125.269,1479082.1850373
2016-06-24,122.383,123.806,121.82,123.301,123.301,3422791.1289243
2016-06-27,122.303,122.393,117.659,117.876,117.876,2158987.6073744
2016-06-28,119.744,121.098,118.628,120.881,120.881,1668564.4386981
2016-06-29,121.523,124.716,121.217,124.359,124.359,1426534.2800453
2016-06-30,123.777,124.716,122.303,123.579,123.579,1913092.5906779
2016-07-01,123.904,126.237,123.194,123.846,123.846,1914754.8843339
2016-07-05,123.964,124.33,121.424,122.353,122.353,1210561.5608987
2016-07-06,122.205,124.785,120.998,123.876,123.876,1641640.9472324
2016-07-07,124.35,124.805,122.284,122.6,122.6,2157277.7618
2016-07-08,123.391,125.417,122.027,125.12,125.12,2306076.8199654
2016-07-11,125.023,125.387,123.638,123.944,123.944,1433476.8601226
2016-07-12,123.697,124.696,123.589,124.528,124.528,1376421.6403179
2016-07-13,125.16,125.842,124.459,125.704,125.704,1162817.4114017
2016-07-14,126.179,126.455,125.24,125.526,125.526,1820643.5674858
2016-07-15,125.97,128.857,125.556,127.117,127.117,2585927.9533267
2016-07-18,128.126,129.065,126.861,128.521,128.521,1900536.8607509
2016-07-19,128.481,129.212,124.666,125.803,125.803,3296999.1052908
2016-07-20,126.485,128.64,126.455,128.501,128.501,2017147.3171733
2016-07-21,127.365,143.831,127.246,135.48,135.48,5518117.8468166
2016-07-22,136.754,141.666,134.906,140.955,140.955,4106631.2195679
2016-07-25,140.955,140.955,135.015,135.37,135.37,3625517.0977134
2016-07-26,134.856,137.723,133.474,135.173,135.173,2484529.0520576
2016-07-27,134.619,134.619,132.415,133.354,133.354,2346082.1476886
2016-07-28,132.979,133.987,131.238,131.288,131.288,2066008.4308798
2016-07-29,124.241,126.237,122.897,124.488,124.488,5646044.6480606
2016-08-01,124.291,125.625,121.661,122.393,122.393,1973781.9911351
2016-08-02,122.215,123.293,119.259,119.832,119.832,1816009.7848052
2016-08-03,119.892,121.295,119.428,120.287,120.287,1774802.5064652
2016-08-04,120.357,124.409,120.287,123.856,123.856,2368238.3064052
2016-08-05,124.596,126.919,123.204,124.063,124.063,1558010.2755345
2016-08-08,123.717,124.548,122.333,123.964,123.964,1029179.3212426
2016-08-09,124.241,125.061,122.59,122.768,122.768,1446849.0666049
2016-08-10,122.6,123.51,121.651,123.194,123.194,918582.6648754
2016-08-11,123.767,124.814,122.096,122.235,122.235,1181334.3307511
2016-08-12,122.462,128.945,121.217,128.698,128.698,3842486.3836593
2016-08-15,128.116,128.778,126.06,128.056,128.056,1887654.3378531
2016-08-16,127.67,128.175,126.287,127.276,127.276,1425348.5173157
2016-08-17,126.879,128.244,126.742,127.74,127.74,1315693.7936289
2016-08-18,127.483,129.272,127.483,128.046,128.046,1495646.440506
2016-08-19,127.641,128.728,127.286,128.402,128.402,1116521.0660567
2016-08-22,128.402,128.857,128.145,128.738,128.738,661808.37630912
2016-08-23,129.143,129.845,128.215,128.402,128.402,927503.20240697
2016-08-24,128.343,129.302,126.554,126.821,126.821,830389.03250299
2016-08-25,126.119,127.019,124.488,124.933,124.933,868276.78224582
2016-08-26,125.12,125.98,122.126,123.243,123.243,1744908.5377179
2016-08-29,123.214,124.746,123.144,124.054,124.054,534125.40511455
2016-08-30,123.757,124.558,123.51,123.797,123.797,771211.17600311
2016-08-31,123.826,124.301,122.887,123.836,123.836,744404.03497593
2016-09-01,124.142,124.518,122.749,123.233,123.233,726582.1830287
2016-09-02,123.628,124.063,123.084,123.757,123.757,546992.75186816
2016-09-06,123.194,123.628,122.768,123.174,123.174,818200.56526437
2016-09-07,122.64,123.677,122.175,122.343,122.343,985766.44328606
2016-09-08,122.145,123.49,121.81,123.263,123.263,1093940.9870468
2016-09-09,122.66,124.616,122.66,124.014,124.014,1889879.1605856
2016-09-12,123.54,125.329,122.68,124.538,124.538,1268678.099051
2016-09-13,124.301,124.301,122.55,123.134,123.134,1263563.7384723
2016-09-14,122.907,123.441,121.621,121.888,121.888,1166039.8126763
2016-09-15,121.661,124.33,121.562,124.201,124.201,1255261.3758792
2016-09-16,124.468,128.195,123.589,127.433,127.433,2839893.6434822
2016-09-19,127.651,128.293,127.059,127.335,127.335,1131396.7225528
2016-09-20,127.68,128.175,126.524,127.019,127.019,1064398.0931008
2016-09-21,126.979,128.343,126.179,127.987,127.987,1284821.4694553
2016-09-22,128.066,128.373,126.415,127.443,127.443,765399.72453647
2016-09-23,124.983,126.969,124.893,126.465,126.465,1206477.1546364
2016-09-26,126.208,126.208,125.487,125.842,125.842,744018.56091451
2016-09-27,125.625,127.335,125.357,127.146,127.146,914814.93415434
2016-09-28,127.433,127.799,126.267,126.949,126.949,476186.93372028
2016-09-29,127.246,128.935,126.05,126.287,126.287,1249902.1735082
2016-09-30,126.732,126.879,125.12,125.823,125.823,1466646.8525205
2016-10-03,125.319,125.733,123.411,123.598,123.598,730840.60907729
2016-10-04,123.885,124.113,122.907,123.687,123.687,942947.45843731
2016-10-05,123.924,124.231,122.343,122.69,122.69,1030645.3367675
2016-10-06,122.64,123.204,122.185,122.502,122.502,646459.22411545
2016-10-07,123.044,123.737,122.502,122.827,122.827,694287.34827676
2016-10-10,122.867,123.589,122.729,123.321,123.321,586252.42504218
2016-10-11,122.937,122.937,120.654,120.674,120.674,1124392.426156
2016-10-12,120.771,121.414,117.125,117.747,117.747,2637330.5653069
2016-10-13,117.372,118.241,115.948,116.976,116.976,1237719.7767272
2016-10-14,117.362,118.034,116.512,116.719,116.719,590604.94318451
2016-10-17,116.462,116.719,112.281,114.536,114.536,2013554.6179815
2016-10-18,115.86,120.347,115.366,119.378,119.378,1699516.6905641
2016-10-19,119.378,119.685,118.271,119.279,119.279,1342144.8011399
2016-10-20,119.675,120.485,119.092,119.358,119.358,884949.2942094
2016-10-21,118.647,120.021,118.331,119.882,119.882,662608.66497731
2016-10-24,120.139,120.377,119.042,119.764,119.764,824697.97844661
2016-10-25,119.329,120.564,119.259,120.001,120.001,981622.34419007
2016-10-26,120.08,120.436,119.438,119.516,119.516,1157902.3641829
2016-10-27,119.862,120.396,118.163,118.805,118.805,765554.52120681
2016-10-28,118.904,119.358,116.996,117.412,117.412,1273663.9682758
2016-10-31,117.589,118.261,114.723,114.723,114.723,1465273.9173465
2016-11-01,115.415,116.66,111.047,112.015,112.015,1790475.4164008
2016-11-02,111.599,114.051,111.461,113.784,113.784,1894219.5378126
2016-11-03,115.366,119.062,113.171,113.25,113.25,2404142.0282361
2016-11-04,113.675,118.548,113.063,117.441,117.441,1797146.8493693
2016-11-07,118.331,122.522,118.113,121.888,121.888,1876747.7489237
2016-11-08,121.187,125.753,121.078,124.301,124.301,1435798.8101776
2016-11-09,123.054,132.049,120.169,131.101,131.101,2949417.8523294
2016-11-10,131.378,133.73,128.412,130.102,130.102,2664527.2273672
2016-11-11,129.974,131.704,127.335,129.035,129.035,1229718.9135312
2016-11-14,129.589,133.987,128.491,131.408,131.408,2122029.6493965
2016-11-15,131.368,133.868,129.648,133.037,133.037,1121755.8240455
2016-11-16,133.167,133.928,131.832,133.127,133.127,1086698.9310583
2016-11-17,132.484,135.36,131.545,135.163,135.163,1187321.8254899
2016-11-18,134.787,137.09,132.01,133.908,133.908,1214972.7601318
2016-11-21,133.354,135.113,131.328,132.335,132.335,1116180.1086847
2016-11-22,132.603,135.914,132.0,134.896,134.896,1510642.4944125
2016-11-23,134.866,135.647,132.079,134.708,134.708,873348.64962086
2016-11-25,135.044,136.586,133.749,133.878,133.878,317570.93377553
2016-11-28,134.026,134.52,131.485,132.049,132.049,1232476.9247947
2016-11-29,132.049,135.113,132.049,133.521,133.521,1441555.6275253
2016-11-30,133.197,133.284,129.885,130.082,130.082,2174868.9363561
2016-12-01,129.529,132.178,129.529,129.855,129.855,1697225.0927975
2016-12-02,130.409,131.248,128.056,128.818,128.818,1436021.3936252
2016-12-05,129.015,130.764,127.097,130.043,130.043,1124537.1053968
2016-12-06,130.824,132.979,129.489,132.504,132.504,1161927.0776116
2016-12-07,132.138,132.761,131.111,132.089,132.089,1754965.2625748
2016-12-08,131.792,133.788,130.429,132.385,132.385,1158963.6825305
2016-12-09,132.425,133.177,129.232,130.132,130.132,1467739.5348994
2016-12-12,129.391,129.766,126.485,127.819,127.819,1211344.6499369
2016-12-13,128.313,131.131,126.969,129.924,129.924,1324328.0079074
2016-12-14,130.557,131.141,127.75,128.63,128.63,911236.39936368
2016-12-15,128.58,129.915,126.712,129.352,129.352,954427.70561559
2016-12-16,130.191,132.939,130.181,132.039,132.039,2858122.2160926
2016-12-19,132.83,134.194,132.099,133.324,133.324,1257626.8308807
2016-12-20,133.334,134.906,131.832,132.365,132.365,1147777.8525488
2016-12-21,132.672,132.672,131.17,132.326,132.326,753924.53607292
2016-12-22,132.158,132.741,130.774,132.227,132.227,1136938.0386536
2016-12-23,132.672,133.848,131.733,133.818,133.818,447460.51632955
2016-12-27,133.483,135.844,133.483,134.57,134.57,498417.96141466
2016-12-28,134.777,135.46,132.257,132.257,132.257,847697.93077794
2016-12-29,132.781,133.888,130.517,130.814,130.814,664813.25285089
2016-12-30,130.883,131.19,128.501,128.778,128.778,1242667.1997203
2017-01-03,129.272,131.131,129.025,131.031,131.031,1494850.1988096
2017-01-04,131.368,134.085,129.065,133.928,133.928,1251014.0790029
2017-01-05,134.263,137.851,133.551,136.813,136.813,1498518.7787222
2017-01-06,136.131,138.207,136.121,136.902,136.902,1018916.2008252
2017-01-09,136.418,137.693,135.213,137.436,137.436,1021548.7559637
2017-01-10,136.349,137.09,135.36,135.39,135.39,1289663.6711821
2017-01-11,135.707,137.723,135.044,137.723,137.723,1469386.6524112
2017-01-12,136.646,140.748,136.161,139.669,139.669,1787921.7772117
2017-01-13,139.314,141.695,138.8,141.241,141.241,1524080.4641862
2017-01-17,140.905,140.915,139.027,139.769,139.769,1118465.6359938
2017-01-18,140.372,140.372,135.38,137.061,137.061,2045411.368039
2017-01-19,136.437,141.241,128.887,139.166,139.166,2629285.1854213
2017-01-20,139.779,140.629,138.435,139.769,139.769,1349574.029573
2017-01-23,139.324,140.658,137.337,140.283,140.283,1632868.1241706
2017-01-24,140.184,142.447,139.027,141.458,141.458,1306002.3079744
2017-01-25,141.932,144.068,141.558,143.436,143.436,1255003.3814286
2017-01-26,143.149,143.564,141.578,141.725,141.725,1053899.2365776
2017-01-27,142.457,142.882,140.391,141.735,141.735,1140325.3540279
2017-01-30,141.705,141.715,139.314,140.658,140.658,712003.97895788
2017-01-31,140.105,141.458,139.502,141.152,141.152,916038.13137286
2017-02-01,141.913,144.256,140.332,142.536,142.536,1299154.8317337
2017-02-02,144.533,145.472,139.037,143.159,143.159,1586997.7226046
2017-02-03,143.911,144.918,142.981,144.138,144.138,1266512.9691522
2017-02-06,143.534,144.395,140.935,141.942,141.942,1323231.2785568
2017-02-07,141.982,143.495,140.886,142.784,142.784,800211.77573149
2017-02-08,141.913,143.554,141.231,142.724,142.724,675843.27441936
2017-02-09,142.635,143.179,140.313,143.021,143.021,2395550.3071611
2017-02-10,142.457,144.158,140.471,140.52,140.52,1987034.8119502
2017-02-13,141.548,142.062,139.819,140.806,140.806,1105361.5413915
2017-02-14,140.193,142.961,139.502,141.608,141.608,2008769.0738594
2017-02-15,141.142,142.556,140.549,141.518,141.518,2329539.1388218
2017-02-16,141.765,141.855,138.889,140.303,140.303,1625644.279555
2017-02-17,139.185,139.265,137.021,138.592,138.592,2091049.0687279
2017-02-21,139.018,142.151,138.692,141.885,141.885,1836885.0769555
2017-02-22,141.172,143.287,140.876,142.398,142.398,1683978.3424402
2017-02-23,142.516,142.645,142.022,142.417,142.417,1499214.8578673
2017-02-24,142.368,142.507,141.468,141.952,141.952,952192.76545371
2017-02-27,141.685,144.81,141.182,144.552,144.552,2755704.4896797
2017-02-28,144.552,144.691,143.277,143.751,143.751,1478946.6114829
2017-03-01,144.81,147.696,144.148,146.934,146.934,1574520.9086271
2017-03-02,146.846,147.093,145.867,146.331,146.331,846943.17054219
2017-03-03,145.67,147.33,143.841,146.737,146.737,775945.12123508
2017-03-06,145.66,147.804,145.63,147.666,147.666,1910019.9273589
2017-03-07,147.3,148.912,145.917,146.589,146.589,1712297.0274246
2017-03-08,146.529,147.755,145.501,147.004,147.004,861774.31034886
2017-03-09,147.547,147.784,146.252,146.974,146.974,1014873.2760235
2017-03-10,147.893,148.07,146.204,146.707,146.707,1311652.892313
2017-03-13,147.093,148.634,146.114,148.13,148.13,1178727.069186
2017-03-14,147.706,149.01,147.093,148.27,148.27,1345457.2475365
2017-03-15,148.99,149.504,148.22,148.714,148.714,1504471.8742009
2017-03-16,148.704,148.98,146.391,146.579,146.579,1390208.661407
2017-03-17,146.321,147.143,145.71,146.678,146.678,1618597.4899546
2017-03-20,146.934,147.755,145.531,145.937,145.937,1692710.6957841
2017-03-21,146.569,146.598,144.168,144.483,144.483,1804925.1291178
2017-03-22,144.928,146.124,143.248,145.205,145.205,1143436.4635788
2017-03-23,144.84,146.154,143.891,144.058,144.058,901157.41616196
2017-03-24,144.246,145.195,139.996,140.816,140.816,2206576.960201
2017-03-27,139.265,141.331,138.909,141.024,141.024,2074789.3478851
2017-03-28,141.014,143.564,140.549,143.208,143.208,953813.57764896
2017-03-29,142.566,143.426,141.638,142.18,142.18,852338.79565911
2017-03-30,142.487,143.821,142.092,142.536,142.536,833438.42573427
2017-03-31,142.457,142.526,141.458,141.458,141.458,1491759.3241176
2017-04-03,141.666,145.807,141.666,144.265,144.265,1688993.5522104
2017-04-04,143.95,145.521,143.644,145.363,145.363,1266129.5185767
2017-04-05,145.817,146.786,144.305,144.77,144.77,1509401.085821
2017-04-06,144.77,146.194,143.644,146.014,146.014,1556244.7840983
2017-04-07,145.907,147.033,144.888,146.826,146.826,1533507.8849322
2017-04-10,146.796,147.923,146.361,147.043,147.043,1544353.7692851
2017-04-11,146.262,146.648,145.462,146.361,146.361,858877.69030203
2017-04-12,145.719,146.184,144.74,145.413,145.413,820086.45411079
2017-04-13,145.097,145.877,144.642,145.244,145.244,781689.79766745
2017-04-17,145.491,146.034,145.097,145.977,145.977,853069.27406422
2017-04-18,145.977,146.224,143.978,144.691,144.691,1081491.4901288
2017-04-19,145.333,147.103,144.8,146.737,146.737,818092.30876944
2017-04-20,146.48,150.858,145.857,150.039,150.039,1818672.6922321
2017-04-21,149.87,150.019,148.654,149.742,149.742,1006042.7836139
2017-04-24,151.046,151.896,150.156,150.611,150.611,943490.7643979
2017-04-25,150.126,153.606,150.126,151.768,151.768,1209957.5503615
2017-04-26,151.906,153.191,150.354,151.54,151.54,940003.28647214
2017-04-27,151.798,152.806,150.553,150.858,150.858,752787.33700458
2017-04-28,150.374,151.985,147.636,151.007,151.007,1635108.1230471
2017-05-01,151.303,153.043,151.115,152.105,152.105,976221.66035843
2017-05-02,152.469,153.379,150.878,152.954,152.954,1088688.017685
2017-05-03,152.796,153.675,151.263,151.619,151.619,1004737.6352169
2017-05-04,152.371,152.736,149.979,151.352,151.352,1457090.9404206
2017-05-05,153.547,156.018,152.816,154.752,154.752,1680616.3206393
2017-05-08,155.158,156.561,154.615,156.187,156.187,1486032.8590582
2017-05-09,156.294,157.867,156.215,157.075,157.075,1326346.4350794
2017-05-10,156.434,157.678,156.117,157.323,157.323,1499228.0105255
2017-05-11,157.461,158.647,156.137,158.203,158.203,1024311.8259421
2017-05-12,157.886,159.231,155.978,156.463,156.463,1492544.4366417
2017-05-15,156.137,157.353,155.642,156.531,156.531,1634559.7583718
2017-05-16,156.434,156.601,154.911,155.801,155.801,1365869.1614187
2017-05-17,154.465,155.207,152.865,152.984,152.984,1691590.6963459
2017-05-18,153.438,155.167,152.984,154.605,154.605,1501847.4130059
2017-05-19,154.911,155.998,153.824,153.991,153.991,1664705.6511122
2017-05-22,154.268,154.645,153.349,153.864,153.864,1642961.2717734
2017-05-23,153.864,155.217,153.864,155.02,155.02,814086.81845669
2017-05-24,155.079,156.571,154.595,156.294,156.294,885046.42153195
2017-05-25,157.006,158.637,156.087,156.097,156.097,1363114.185384
2017-05-26,156.304,156.561,154.417,155.781,155.781,1396736.4268775
2017-05-30,155.9,156.7,155.524,155.948,155.948,1122589.5002309
2017-05-31,155.87,156.798,155.257,155.691,155.691,1146986.669567
2017-06-01,156.225,159.151,155.662,158.321,158.321,2315413.1838468
2017-06-02,158.37,159.497,158.163,158.815,158.815,1427308.263397
2017-06-05,158.944,159.903,158.271,159.111,159.111,1647021.3962051
2017-06-06,158.854,161.335,158.587,159.823,159.823,1703827.7272458
2017-06-07,160.229,164.162,160.209,162.709,162.709,2663959.639576
2017-06-08,162.719,163.688,159.982,160.792,160.792,3179924.2588574
2017-06-09,160.89,162.313,159.942,161.02,161.02,1808498.6051937
2017-06-12,160.782,161.227,157.847,161.078,161.078,1651982.9835994
2017-06-13,161.098,161.988,160.189,160.831,160.831,1433001.3409392
2017-06-14,161.277,162.591,160.733,162.343,162.343,1242267.5612577
2017-06-15,161.899,162.432,160.841,161.542,161.542,939398.26419202
2017-06-16,162.066,163.441,161.395,163.283,163.283,2080965.0268115
2017-06-19,163.283,164.656,163.283,164.419,164.419,1962418.0943954
2017-06-20,164.162,164.715,163.361,163.768,163.768,2206574.936715
2017-06-21,163.708,165.724,163.708,164.341,164.341,1404265.817862
2017-06-22,164.359,167.207,163.965,164.835,164.835,2271397.307096
2017-06-23,165.151,165.289,163.114,163.796,163.796,3796469.2793666
2017-06-26,163.826,164.073,162.176,162.492,162.492,1457042.3767593
2017-06-27,162.878,163.55,161.167,161.325,161.325,1772155.7869254
2017-06-28,162.066,163.243,161.632,162.363,162.363,1317243.783818
2017-06-29,162.729,163.075,160.367,160.98,160.98,1151460.5968625
2017-06-30,160.97,162.295,160.841,161.652,161.652,1814186.6240213
2017-07-03,162.502,162.669,161.088,161.75,161.75,884630.59518224
2017-07-05,161.799,163.51,161.514,163.351,163.351,2452437.5776372
2017-07-06,163.066,163.53,161.138,162.176,162.176,1086536.0404444
2017-07-07,162.729,164.548,162.343,163.796,163.796,1560383.8244796
2017-07-10,163.411,164.795,162.689,163.758,163.758,1784542.555781
2017-07-11,163.826,165.457,163.371,165.299,165.299,1140137.1698406
2017-07-12,165.624,167.493,165.032,166.138,166.138,1526548.105225
2017-07-13,166.317,168.204,166.08,167.118,167.118,1111847.8254013
2017-07-14,167.078,168.274,166.673,167.84,167.84,979430.90897476
2017-07-17,168.403,168.403,167.028,168.194,168.194,1055243.8429492
2017-07-18,168.234,168.461,164.962,166.178,166.178,1441746.8469416
2017-07-19,166.525,168.966,166.525,168.314,168.314,1284605.9682083
2017-07-20,168.314,169.044,167.622,168.491,168.491,902716.51203768
2017-07-21,168.244,169.164,168.017,168.234,168.234,752590.04713063
2017-07-24,168.155,168.907,167.67,168.531,168.531,974342.85371262
2017-07-25,169.263,169.776,167.602,167.849,167.849,1207553.6491282
2017-07-26,167.523,168.471,166.594,167.612,167.612,945409.0290185
2017-07-27,167.385,167.622,165.309,166.148,166.148,890764.79264781
2017-07-28,166.337,168.204,165.072,168.007,168.007,952984.96017836
2017-07-31,167.927,169.174,167.395,167.602,167.602,1023922.3049088
2017-08-01,168.027,168.64,166.94,167.028,167.028,894576.02831543
2017-08-02,167.246,169.311,167.246,168.738,168.738,957162.44679148
2017-08-03,169.816,171.15,168.956,170.013,170.013,1623775.5903386
2017-08-04,171.427,172.366,164.705,166.624,166.624,2304602.7104969
2017-08-07,166.742,170.893,166.574,169.945,169.945,1752276.0498315
2017-08-08,169.648,170.716,168.68,169.608,169.608,1148117.7981776
2017-08-09,169.678,172.237,168.501,171.981,171.981,1562420.4630245
2017-08-10,171.289,172.436,169.114,169.341,169.341,1184375.6300388
2017-08-11,169.954,170.745,168.224,168.383,168.383,1215712.3442233
2017-08-14,169.589,171.11,169.589,170.29,170.29,824062.60387818
2017-08-15,170.755,173.335,170.557,173.018,173.018,1386727.253939
2017-08-16,173.335,174.245,173.295,173.69,173.69,974311.48968137
2017-08-17,173.443,174.788,171.902,171.931,171.931,1084778.6429517
2017-08-18,171.802,172.159,169.973,170.953,170.953,1070967.340032
2017-08-21,170.953,172.228,170.923,171.882,171.882,1106837.6743458
2017-08-22,171.902,174.215,171.902,173.651,173.651,1037292.4879053
2017-08-23,173.345,173.888,172.712,173.226,173.226,887030.44944388
2017-08-24,173.71,173.799,172.099,173.601,173.601,1286784.2507653
2017-08-25,173.78,174.936,173.137,173.137,173.137,874431.21457026
2017-08-28,173.868,175.331,173.661,174.322,174.322,927521.41377995
2017-08-29,173.601,174.412,173.592,173.918,173.918,995067.39616433
2017-08-30,173.483,173.977,173.246,173.503,173.503,938047.58736263
2017-08-31,173.838,175.934,173.69,175.816,175.816,1491881.7450138
2017-09-01,176.428,177.921,175.984,176.882,176.882,1054934.2496087
2017-09-05,175.954,179.127,175.865,178.938,178.938,1327152.7942053
2017-09-06,178.938,179.107,175.282,175.855,175.855,1344021.5842999
2017-09-07,176.013,178.821,175.618,178.622,178.622,1164062.8669649
2017-09-08,178.356,178.988,177.832,178.227,178.227,1401282.1879221
2017-09-11,178.651,179.927,178.317,179.927,179.927,1676155.5460021
2017-09-12,180.016,180.52,178.534,179.166,179.166,1220588.9452103
2017-09-13,179.077,181.894,179.077,181.173,181.173,1345696.0188712
2017-09-14,180.64,181.489,178.681,178.87,178.87,1444143.6659745
2017-09-15,179.423,180.303,178.661,179.66,179.66,2540481.4720541
2017-09-18,179.66,180.075,178.474,178.928,178.928,956486.60250531
2017-09-19,179.551,179.561,174.055,175.282,175.282,1999751.4090053
2017-09-20,175.449,175.994,174.392,175.578,175.578,1266285.32699
2017-09-21,175.459,176.577,173.868,175.884,175.884,977185.85138346
2017-09-22,175.884,178.039,174.105,176.478,176.478,1685888.5131171
2017-09-25,176.775,177.99,175.133,175.212,175.212,982312.35287744
2017-09-26,176.033,177.475,175.509,177.338,177.338,1167310.5618132
2017-09-27,177.694,178.781,175.776,178.099,178.099,1145611.710907
2017-09-28,177.694,181.449,177.595,180.59,180.59,1042372.4492239
2017-09-29,180.59,180.787,178.751,180.53,180.53,1155676.5297075
2017-10-02,181.251,182.556,179.937,182.536,182.536,1406183.0707397
2017-10-03,182.723,185.897,182.723,185.393,185.393,1510192.2688027
2017-10-04,185.413,186.381,184.059,184.207,184.207,1090425.1803187
2017-10-05,184.474,185.333,182.962,184.138,184.138,1094417.5179731
2017-10-06,184.464,186.105,183.703,184.405,184.405,910912.64162181
2017-10-09,183.832,184.355,182.389,182.616,182.616,809648.30216417
2017-10-10,182.616,182.923,180.48,181.607,181.607,1014760.9725568
2017-10-11,181.38,181.607,179.917,180.54,180.54,1378560.4649001
2017-10-12,181.182,182.289,180.164,180.55,180.55,1193437.8115824
2017-10-13,177.495,180.036,176.794,179.759,179.759,2044267.0867701
2017-10-16,179.759,180.55,177.713,178.631,178.631,1261414.7964607
2017-10-17,179.008,182.289,178.918,180.767,180.767,2359960.2256427
2017-10-18,181.39,183.989,181.39,182.863,182.863,2546064.2696155
2017-10-19,182.596,182.596,179.71,181.756,181.756,2105637.3902282
2017-10-20,182.536,186.115,182.141,184.869,184.869,1769915.7880489
2017-10-23,185.146,187.617,184.741,186.758,186.758,1296528.3470528
2017-10-24,186.223,187.834,185.393,187.222,187.222,1264579.5283875
2017-10-25,186.777,189.108,185.868,188.981,188.981,1655901.464019
2017-10-26,189.633,195.276,189.158,191.926,191.926,1828208.3694732
2017-10-27,191.867,195.533,191.778,195.01,195.01,1535003.2410025
2017-10-30,194.634,194.96,190.908,190.927,190.927,1167615.0964391
2017-10-31,191.818,191.818,189.762,190.444,190.444,1336527.6043183
2017-11-01,191.382,191.758,189.999,191.047,191.047,1738568.9564348
2017-11-02,198.687,198.687,190.81,191.571,191.571,2028133.8337952
2017-11-03,191.828,196.127,189.535,194.97,194.97,1282190.9378025
2017-11-06,194.97,198.133,194.536,197.956,197.956,1369114.832781
2017-11-07,197.976,199.378,197.026,198.44,198.44,1168463.9487686
2017-11-08,197.956,197.956,193.587,193.607,193.607,1694983.0704349
2017-11-09,193.133,193.133,189.623,190.74,190.74,1837246.2691862
2017-11-10,190.77,191.728,190.147,191.174,191.174,1026306.9830263
2017-11-13,191.007,191.451,189.158,190.82,190.82,1323320.3119359
2017-11-14,190.454,190.878,188.546,190.364,190.364,1308088.5219236
2017-11-15,189.87,190.631,189.376,189.752,189.752,1290678.4493544
2017-11-16,189.95,194.437,189.545,194.071,194.071,1168511.500687
2017-11-17,193.043,193.33,190.977,191.164,191.164,1015765.6332996
2017-11-20,191.837,192.973,191.087,192.579,192.579,855614.8193097
2017-11-21,193.133,195.149,192.866,195.059,195.059,1165124.1853125
2017-11-22,195.306,195.416,193.053,193.824,193.824,819536.06594961
2017-11-24,193.695,194.546,193.23,193.705,193.705,424381.64804864
2017-11-27,194.022,195.208,193.003,193.063,193.063,1530014.3365489
2017-11-28,193.874,194.605,192.341,193.657,193.657,1980453.4241036
2017-11-29,194.259,200.09,193.013,198.766,198.766,1584444.0834156
2017-11-30,199.211,205.17,198.459,204.459,204.459,2116135.2350084
2017-12-01,204.361,204.361,196.137,201.267,201.267,1493681.63571
2017-12-04,203.807,204.686,196.532,197.115,197.115,1908261.5181234
2017-12-05,197.777,198.193,195.761,197.125,197.125,949850.58053985
2017-12-06,197.125,198.528,195.703,197.205,197.205,900674.81477799
2017-12-07,196.631,200.09,196.542,198.934,198.934,1010804.0459052
2017-12-08,199.665,204.331,199.092,202.76,202.76,1294865.0416539
2017-12-11,202.166,203.49,201.168,201.978,201.978,1120702.5996416
2017-12-12,201.958,202.77,199.408,201.335,201.335,1081503.6310442
2017-12-13,201.297,202.186,200.032,200.782,200.782,1075621.3575714
2017-12-14,201.701,201.811,196.502,196.641,196.641,1069880.7281108
2017-12-15,198.133,198.232,195.91,197.145,197.145,3769136.0320088
2017-12-18,199.062,199.705,197.452,199.271,199.271,1702216.020737
2017-12-19,199.378,201.325,198.489,200.14,200.14,952753.27104433
2017-12-20,200.367,203.056,198.746,198.964,198.964,1445807.9831163
2017-12-21,199.715,200.951,197.452,197.501,197.501,1634368.5389555
2017-12-22,198.499,198.499,195.456,196.413,196.413,1114695.8817868
2017-12-26,195.84,197.422,195.563,196.789,196.789,664136.39682178
2017-12-27,197.342,197.442,195.513,195.741,195.741,1146755.992176
2017-12-28,196.265,198.449,195.296,198.193,198.193,633226.63815929
2017-12-29,198.934,199.092,196.078,196.117,196.117,762411.0358818
2018-01-02,197.145,197.936,195.386,195.593,195.593,1155568.2732126
2018-01-03,195.553,199.251,194.397,198.895,198.895,1411234.703256
2018-01-04,199.003,200.901,199.003,199.932,199.932,920200.44184182
2018-01-05,200.772,203.847,200.476,203.333,203.333,780130.70179174
2018-01-08,202.561,203.273,200.574,201.078,201.078,1171051.9872177
2018-01-09,200.841,202.028,199.863,200.733,200.733,1323441.721089
2018-01-10,198.618,200.06,198.005,199.982,199.982,1153144.1371203
2018-01-11,200.951,204.104,200.387,203.668,203.668,1239358.8002955
2018-01-12,205.665,206.387,204.607,206.07,206.07,1192207.5321633
2018-01-16,207.701,208.917,206.515,207.395,207.395,1493726.1523996
2018-01-17,208.304,213.543,207.78,212.792,212.792,1461006.3856114
2018-01-18,212.792,212.89,210.676,212.138,212.138,1429312.5261678
2018-01-19,213.087,213.641,211.071,212.583,212.583,1412491.2879914
2018-01-22,212.93,213.217,211.181,213.167,213.167,912196.54341693
2018-01-23,213.227,213.523,211.22,212.258,212.258,844999.61234801
2018-01-24,213.571,215.035,212.643,213.414,213.414,708337.42253115
2018-01-25,214.214,215.312,212.445,214.264,214.264,769822.05294188
2018-01-26,214.373,218.495,213.858,218.445,218.445,1009547.4611697
2018-01-29,218.01,219.335,216.112,216.221,216.221,789099.8029846
2018-01-30,204.331,208.176,200.012,200.752,200.752,4679333.3713696
2018-01-31,207.009,212.327,201.197,201.207,201.207,2801536.4450137
2018-02-01,200.199,202.453,192.015,197.966,197.966,2836168.4059648
2018-02-02,197.135,202.393,196.235,197.442,197.442,1988281.2792564
2018-02-05,196.423,197.442,186.569,189.663,189.663,2302720.8686223
2018-02-06,186.401,193.133,185.007,190.8,190.8,3167944.210665
2018-02-07,189.593,191.511,187.706,188.734,188.734,1790666.6358171
2018-02-08,188.546,191.294,182.676,182.793,182.793,1695237.0179138
2018-02-09,185.423,188.388,180.707,187.102,187.102,2968685.4849427
2018-02-12,188.328,190.028,186.263,186.915,186.915,977035.10168489
2018-02-13,185.413,188.862,184.523,188.734,188.734,865010.87602466
2018-02-14,187.291,189.258,186.835,188.832,188.832,668348.28269498
2018-02-15,189.613,190.533,184.177,185.343,185.343,1703507.0047328
2018-02-16,185.363,188.398,184.819,187.142,187.142,1055624.258296
2018-02-20,185.986,186.796,185.986,185.986,185.986,952262.5757168
2018-02-21,186.322,188.605,185.046,185.066,185.066,708789.67162683
2018-02-22,186.184,188.2,184.612,185.313,185.313,1138552.7803911
2018-02-23,186.579,188.181,185.452,188.091,188.091,1156309.88079
2018-02-26,188.575,190.078,187.439,189.148,189.148,1006259.2966037
2018-02-27,189.425,192.263,188.871,190.098,190.098,1268440.3394593
2018-02-28,189.96,192.006,189.138,189.148,189.148,2384270.3850857
2018-03-01,188.704,189.386,185.106,186.796,186.796,1797549.5230607
2018-03-02,186.174,187.035,184.632,186.441,186.441,916004.74385573
2018-03-05,185.255,186.648,183.12,185.739,185.739,985556.00075384
2018-03-06,186.193,187.637,184.415,187.459,187.459,1104916.3744963
2018-03-07,185.888,187.755,185.433,187.577,187.577,1322023.2574825
2018-03-08,175.964,176.32,165.21,166.09,166.09,17973830.913465
2018-03-09,167.207,168.728,166.178,167.453,167.453,6442520.0571023
2018-03-12,167.652,167.68,161.365,161.612,161.612,8826147.9854189
2018-03-13,161.809,162.275,157.47,158.785,158.785,7436435.078054
2018-03-14,159.111,161.909,158.024,161.197,161.197,5046050.7303617
2018-03-15,161.988,163.796,161.088,161.217,161.217,4437103.8993571
2018-03-16,162.076,163.401,161.088,162.936,162.936,4050540.1907882
2018-03-19,162.65,163.263,159.823,160.773,160.773,3938636.3625382
2018-03-20,161.247,161.562,158.756,159.389,159.389,4004626.2842757
2018-03-21,159.962,163.787,158.707,161.365,161.365,5872100.3973807
2018-03-22,160.436,161.741,159.211,159.704,159.704,4387680.2565742
2018-03-23,160.169,161.157,158.4,158.4,158.4,3451076.4263916
2018-03-26,159.399,163.124,158.509,162.946,162.946,3210706.537909
2018-03-27,163.351,164.331,158.677,159.893,159.893,4213911.3825667
2018-03-28,160.594,163.855,159.853,162.591,162.591,3143899.1278733
2018-03-29,163.114,163.608,161.335,162.018,162.018,2832663.728409
2018-04-02,163.105,163.628,158.223,159.042,159.042,2854322.1095975
2018-04-03,159.616,162.868,159.616,162.126,162.126,1757563.4184533
2018-04-04,159.903,163.826,159.853,163.046,163.046,2623304.7728831
2018-04-05,163.885,164.182,162.156,163.273,163.273,1485337.7916562
2018-04-06,162.552,164.073,161.049,162.096,162.096,1682716.6989897
2018-04-09,162.966,164.102,162.066,162.215,162.215,1528046.496524
2018-04-10,163.945,164.992,161.889,164.054,164.054,1859460.0972507
2018-04-11,162.926,164.083,162.432,163.243,163.243,1795084.9172507
2018-04-12,163.965,165.368,162.996,164.755,164.755,3142764.9640337
2018-04-13,165.813,166.643,164.952,165.794,165.794,2703203.124863
2018-04-16,166.337,169.717,165.862,169.114,169.114,2277608.3970252
2018-04-17,170.784,171.753,168.324,168.423,168.423,2339750.6603491
2018-04-18,168.64,169.856,167.869,169.233,169.233,1621492.0865154
2018-04-19,168.6,168.66,165.616,165.872,165.872,2098263.807657
2018-04-20,166.198,166.663,163.845,164.142,164.142,3092230.427499
2018-04-23,164.598,167.937,164.449,166.465,166.465,2460117.7183203
2018-04-24,166.554,167.523,164.439,165.447,165.447,2092245.96063
2018-04-25,165.823,166.495,163.114,165.843,165.843,1428947.2869652
2018-04-26,165.784,167.157,164.894,166.268,166.268,1293963.5786914
2018-04-27,166.347,169.015,166.298,168.027,168.027,1543246.922505
2018-04-30,168.067,168.788,165.911,165.951,165.951,1547465.8905789
2018-05-01,166.129,167.078,164.992,165.249,165.249,2018233.9290945
2018-05-02,164.825,167.69,163.638,166.475,166.475,2261456.9326776
2018-05-03,166.841,168.067,160.594,166.988,166.988,3228626.5289217
2018-05-04,166.861,167.543,164.389,165.329,165.329,1920127.2393631
2018-05-07,165.654,166.781,162.62,166.702,166.702,2592876.6038617
2018-05-08,166.367,166.367,163.975,164.894,164.894,1878694.3423467
2018-05-09,164.765,164.972,163.046,163.796,163.796,2927072.4976824
2018-05-10,162.285,166.228,161.949,165.249,165.249,2017531.7794918
2018-05-11,164.696,168.314,163.885,167.81,167.81,2404888.6945284
2018-05-14,168.511,171.536,167.849,171.487,171.487,2896527.9782225
2018-05-15,171.14,171.377,169.174,170.063,170.063,1422864.6883897
2018-05-16,170.153,171.299,168.917,171.11,171.11,1541970.1029105
2018-05-17,171.595,173.858,170.656,172.81,172.81,1648953.8252269
2018-05-18,172.762,173.453,171.921,172.009,172.009,1102152.292775
2018-05-21,172.9,173.166,170.814,171.397,171.397,1404989.2140665
2018-05-22,171.605,172.266,171.012,171.19,171.19,1306924.0057959
2018-05-23,170.666,171.328,169.184,171.051,171.051,1142545.1180457
2018-05-24,171.299,171.328,168.817,169.856,169.856,1483683.5919437
2018-05-25,169.983,170.943,169.074,169.905,169.905,1337814.5413423
2018-05-29,168.847,169.035,165.852,166.692,166.692,1499655.9777906
2018-05-30,166.712,168.027,165.487,167.414,167.414,1439412.7559714
2018-05-31,167.77,167.77,163.351,163.598,163.598,2090792.0860202
2018-06-01,164.409,165.269,163.628,165.012,165.012,1203177.860898
2018-06-04,165.397,165.784,164.656,165.19,165.19,1047307.7313017
2018-06-05,165.397,166.781,164.202,165.022,165.022,1354869.4921386
2018-06-06,168.067,169.816,166.614,168.966,168.966,2775105.6723615
2018-06-07,169.253,171.832,169.074,171.071,171.071,1512352.3399867
2018-06-08,171.012,171.981,170.093,171.753,171.753,1726000.0738495
2018-06-11,172.326,175.894,171.921,174.778,174.778,1980425.0953013
2018-06-12,174.422,175.419,172.426,172.722,172.722,1553270.2598449
2018-06-13,173.374,173.374,168.67,170.173,170.173,3861242.0743432
2018-06-14,170.893,171.397,168.59,169.351,169.351,2316055.6406158
2018-06-15,169.678,170.963,168.837,169.084,169.084,3720395.3157126
2018-06-18,168.581,169.361,167.246,168.007,168.007,1641515.4911074
2018-06-19,167.207,168.441,167.028,167.453,167.453,2426908.2679475
2018-06-20,167.869,170.043,167.869,169.736,169.736,1470645.2606327
2018-06-21,169.301,170.093,166.752,169.035,169.035,2046363.4181487
2018-06-22,169.47,170.063,167.997,168.145,168.145,2615608.4443131
2018-06-25,168.126,169.993,166.465,167.927,167.927,1877887.9832209
2018-06-26,167.77,168.274,166.91,167.058,167.058,1559116.1105717
2018-06-27,166.238,169.015,166.119,166.92,166.92,1888005.4126545
2018-06-28,164.182,164.202,158.38,163.975,163.975,4163686.4393726
2018-06-29,164.598,165.249,164.102,164.152,164.152,1981716.079297
2018-07-02,163.698,163.698,161.197,163.273,163.273,1446210.6568077
2018-07-03,163.52,164.568,163.114,164.449,164.449,974775.87969237
2018-07-05,165.329,166.415,164.439,166.099,166.099,1277803.0086572
2018-07-06,166.119,166.634,165.319,166.218,166.218,811519.01486645
2018-07-09,166.643,168.107,166.415,167.315,167.315,1192422.0216673
2018-07-10,167.76,168.165,166.702,167.533,167.533,1002619.0454936
2018-07-11,167.187,167.533,165.843,165.921,165.921,1526937.6262581
2018-07-12,166.198,167.927,165.279,167.068,167.068,2279590.4014513
2018-07-13,166.554,167.82,166.544,167.197,167.197,725097.95613079
2018-07-16,167.197,167.395,166.387,166.465,166.465,1503234.5125812
2018-07-17,166.138,166.138,162.106,164.904,164.904,2345601.5697905
2018-07-18,165.002,173.355,164.914,171.694,171.694,5604553.0699535
2018-07-19,171.872,172.613,168.294,169.905,169.905,3611814.0512887
2018-07-20,168.531,173.345,168.344,172.029,172.029,3309896.8043328
2018-07-23,172.159,173.097,170.963,171.367,171.367,1736129.6441984
2018-07-24,171.417,172.86,169.806,170.409,170.409,1564807.164628
2018-07-25,170.883,171.496,167.622,171.447,171.447,3204351.7804818
2018-07-26,172.019,173.018,170.646,171.882,171.882,2082739.6239342
2018-07-27,171.892,172.009,170.28,171.2,171.2,2072767.8854844
2018-07-30,171.14,172.079,169.717,170.764,170.764,1799898.7901752
2018-07-31,171.555,175.469,170.963,173.295,173.295,2949509.9209373
2018-08-01,173.76,182.171,172.475,176.685,176.685,6480810.4805366
2018-08-02,178.908,182.763,177.97,182.467,182.467,5250878.0892443
2018-08-03,183.13,186.786,182.477,182.803,182.803,2952980.1992331
2018-08-06,182.379,182.636,180.085,181.439,181.439,2290021.4711974
2018-08-07,182.477,183.852,180.63,181.844,181.844,3767336.1413126
2018-08-08,182.24,183.802,179.68,182.981,182.981,5936389.5792304
2018-08-09,183.535,183.802,178.613,179.077,179.077,3087037.1509707
2018-08-10,176.853,179.858,175.924,177.031,177.031,4598810.7739937
2018-08-13,177.14,177.545,173.997,175.559,175.559,2158874.2921647
2018-08-14,175.084,179.215,175.084,178.968,178.968,4328182.6893042
2018-08-15,178.681,180.056,176.872,179.137,179.137,3025347.1367425
2018-08-16,179.512,182.181,179.225,181.766,181.766,2717621.4735487
2018-08-17,182.695,182.903,180.974,181.914,181.914,1869480.3993616
2018-08-20,182.536,182.843,181.064,181.469,181.469,2535645.3407848
2018-08-21,180.945,181.143,179.403,179.7,179.7,2719079.3951301
2018-08-22,179.058,180.707,177.515,180.006,180.006,2305961.4812699
2018-08-23,180.085,180.697,178.741,179.453,179.453,1546943.8312201
2018-08-24,179.512,180.5,178.622,179.374,179.374,2346846.013611
2018-08-27,179.65,181.568,179.502,180.63,180.63,1723775.251117
2018-08-28,181.301,181.953,179.75,181.538,181.538,1886098.2772062
2018-08-29,181.884,184.444,181.568,183.96,183.96,2590792.4133984
2018-08-30,183.93,184.731,183.11,183.317,183.317,2324618.0211454
2018-08-31,182.783,183.09,181.341,181.914,181.914,1873021.4996634
2018-09-04,181.084,182.141,179.235,179.72,179.72,2172200.9702145
2018-09-05,179.788,180.48,175.578,178.622,178.622,4138406.018447
2018-09-06,178.187,179.275,175.706,178.86,178.86,2808159.3143209
2018-09-07,179.215,182.714,178.978,182.161,182.161,2334557.3838208
2018-09-10,182.171,183.228,179.907,180.006,180.006,1892845.5908954
2018-09-11,179.65,179.65,176.755,178.574,178.574,1660223.6298731
2018-09-12,178.751,180.954,177.555,180.52,180.52,2052503.686072
2018-09-13,181.212,186.825,180.51,186.628,186.628,3094670.7514783
2018-09-14,186.975,189.011,186.282,188.457,188.457,2440879.4262524
2018-09-17,189.801,194.822,188.171,191.097,191.097,6762837.8729689
2018-09-18,191.324,194.684,189.308,193.24,193.24,4598863.3846268
2018-09-19,193.577,194.852,191.154,192.41,192.41,2935867.579089
2018-09-20,193.38,194.773,193.33,194.476,194.476,2588372.3242778
2018-09-21,195.247,196.137,190.681,195.336,195.336,3826107.2771492
2018-09-24,194.071,196.72,193.725,196.315,196.315,2939579.6639482
2018-09-25,196.127,196.365,192.983,194.644,194.644,3172153.0613094
2018-09-26,195.208,197.056,193.972,195.513,195.513,2336138.7380414
2018-09-27,196.433,199.585,196.038,199.329,199.329,2664779.1513601
2018-09-28,198.034,201.622,197.263,201.158,201.158,3448153.5010283
2018-10-01,202.087,204.756,201.454,203.747,203.747,2492253.7094301
2018-10-02,203.817,204.409,202.69,203.421,203.421,2349684.9643099
2018-10-03,205.763,206.297,203.214,205.092,205.092,2174543.1551284
2018-10-04,205.16,206.15,203.787,205.379,205.379,2403956.8792775
2018-10-05,205.753,208.63,205.556,208.363,208.363,2486309.7196379
2018-10-08,207.473,208.126,202.857,205.656,205.656,2796598.1277071
2018-10-09,204.776,207.949,204.311,206.742,206.742,1826274.9287085
2018-10-10,206.525,208.026,202.551,202.808,202.808,2654888.3523459
2018-10-11,202.453,203.6,195.81,198.984,198.984,3732675.851559
2018-10-12,200.674,202.68,198.974,200.032,200.032,2714153.2187389
2018-10-15,198.795,200.012,196.888,196.977,196.977,1854384.1829038
2018-10-16,199.785,205.23,199.368,204.736,204.736,2886598.7329765
2018-10-17,203.984,204.973,202.078,203.994,203.994,1508104.0313675
2018-10-18,204.143,205.823,201.938,205.497,205.497,1941300.9956816
2018-10-19,206.407,207.592,201.869,202.838,202.838,2127865.3826937
2018-10-22,202.62,204.241,200.317,201.691,201.691,1445303.1233875
2018-10-23,199.151,203.896,198.024,203.174,203.174,1909094.1825658
2018-10-24,202.61,203.737,194.723,195.039,195.039,2979301.7036474
2018-10-25,195.693,204.696,194.377,203.204,203.204,3782812.7731171
2018-10-26,201.059,201.277,197.135,199.645,199.645,2959950.0963698
2018-10-29,201.335,206.702,197.105,199.813,199.813,2058311.0905667
2018-10-30,200.812,203.47,199.251,203.095,203.095,2064374.4660263
2018-10-31,204.776,207.148,202.146,206.515,206.515,2916752.7196602
2018-11-01,211.555,215.123,204.913,208.907,208.907,4260513.2742807
2018-11-02,209.382,210.567,204.844,205.873,205.873,2361923.0069527
2018-11-05,206.702,209.193,206.07,208.166,208.166,1403125.5835649
2018-11-06,207.73,208.591,206.208,206.939,206.939,2212240.697198
2018-11-07,210.567,214.669,210.567,212.772,212.772,3352921.1729989
2018-11-08,213.077,213.651,211.862,212.97,212.97,3889434.2914599
2018-11-09,213.137,213.454,209.391,210.242,210.242,1858112.4556501
2018-11-12,209.698,211.694,209.075,210.014,210.014,2053727.8950334
2018-11-13,210.024,210.924,205.023,205.793,205.793,2985172.8479476
2018-11-14,206.277,207.355,203.737,205.111,205.111,2851661.2256564
2018-11-15,204.361,206.16,201.514,205.556,205.556,2490021.8044971
2018-11-16,205.952,207.78,205.15,206.425,206.425,1860465.7697362
2018-11-19,208.481,208.481,202.324,203.984,203.984,1446879.4188933
2018-11-20,204.024,204.607,200.169,200.694,200.694,1864022.0461822
2018-11-21,200.169,204.736,200.169,202.551,202.551,1904087.0667392
2018-11-23,201.721,205.903,200.12,203.964,203.964,554315.74729218
2018-11-26,205.863,210.933,204.321,208.907,208.907,2265036.4792111
2018-11-27,208.491,209.855,206.91,209.421,209.421,2358896.8838092
2018-11-28,209.203,214.926,208.136,214.165,214.165,2697446.3075152
2018-11-29,212.979,216.201,211.467,214.926,214.926,1956694.6645648
2018-11-30,215.579,216.32,212.415,215.767,215.767,2527111.2890576
2018-12-03,217.159,218.87,213.247,217.179,217.179,2799577.7106754
2018-12-04,217.753,218.465,209.895,210.409,210.409,2637886.0121828
2018-12-06,208.67,209.401,199.567,206.989,206.989,2955507.5331055
2018-12-07,206.12,207.79,197.312,199.092,199.092,2646651.7530441
2018-12-10,199.585,200.397,192.717,199.062,199.062,2089179.3677685
2018-12-11,200.644,202.957,197.115,198.924,198.924,1379313.20165
2018-12-12,201.434,203.984,200.337,200.604,200.604,2098173.7625351
2018-12-13,202.857,206.417,200.278,204.726,204.726,3191134.3706697
2018-12-14,203.668,204.361,195.741,198.371,198.371,3760435.0426961
2018-12-17,194.15,195.949,190.81,191.887,191.887,4074055.1202777
2018-12-18,194.654,195.484,183.822,185.502,185.502,3851442.3321938
2018-12-19,185.482,194.279,184.197,186.718,186.718,4919575.7802414
2018-12-20,188.161,188.161,172.228,173.67,173.67,9016424.4572901
2018-12-21,172.446,180.867,171.071,175.114,175.114,7493366.8652197
2018-12-24,174.362,175.242,170.497,171.951,171.951,2680350.8870014
2018-12-26,173.611,181.479,171.15,181.212,181.212,5214952.1090687
2018-12-27,179.403,186.213,177.12,186.213,186.213,4786810.8242425
2018-12-28,186.362,187.587,182.309,184.148,184.148,2919815.2655498
2018-12-31,184.562,185.373,181.587,183.436,183.436,2972340.912197
2019-01-02,181.271,182.516,178.01,180.777,180.777,3600951.9790487
2019-01-03,179.65,182.319,178.217,179.225,179.225,3742257.0572327
2019-01-04,180.52,184.622,178.968,182.259,182.259,3039819.1078042
2019-01-07,182.171,183.209,179.927,180.145,180.145,2423375.2615894
2019-01-08,181.114,183.772,178.691,183.446,183.446,3206607.9672454
2019-01-09,184.562,184.562,180.707,183.852,183.852,4263875.2960814
2019-01-10,183.633,185.393,181.786,185.235,185.235,2739682.5284286
2019-01-11,183.377,188.181,183.07,188.022,188.022,4062230.8804987
2019-01-14,187.062,187.953,185.136,185.492,185.492,2577804.6692345
2019-01-15,185.768,190.602,185.304,189.85,189.85,3049960.8190684
2019-01-16,189.692,191.62,189.148,190.028,190.028,3013761.668298
2019-01-17,188.754,190.018,186.51,187.864,187.864,2626213.5338453
2019-01-18,189.752,191.224,187.982,188.181,188.181,2610373.6863241
2019-01-22,187.035,188.774,185.926,186.5,186.5,3831624.3114194
2019-01-23,187.864,190.967,187.33,190.217,190.217,2320773.3979606
2019-01-24,189.692,190.7,186.461,186.49,186.49,1991239.6156229
2019-01-25,188.289,190.167,187.894,189.584,189.584,2059022.345856
2019-01-28,188.891,189.148,186.53,188.427,188.427,1563447.3821122
2019-01-29,187.874,191.709,187.666,191.62,191.62,1630916.4720329
2019-01-30,192.47,193.438,188.615,192.983,192.983,2815612.8245846
2019-01-31,192.687,195.159,192.084,192.993,192.993,2997090.1680774
2019-02-01,188.348,192.598,182.181,187.439,187.439,5763238.8801614
2019-02-04,185.759,186.796,183.05,185.512,185.512,3464452.6798458
2019-02-05,186.154,186.708,179.66,180.095,180.095,4204493.067507
2019-02-06,179.551,181.577,178.899,181.074,181.074,2348293.8177629
2019-02-07,179.531,180.44,177.338,179.611,179.611,2432174.3899678
2019-02-08,178.998,179.255,174.362,175.183,175.183,3143241.4949601
2019-02-11,175.419,176.785,174.709,176.645,176.645,4069074.3097676
2019-02-12,177.298,179.967,176.013,178.801,178.801,2937032.0952168
2019-02-13,179.137,182.883,178.918,182.369,182.369,2476531.2240904
2019-02-14,182.023,185.749,180.896,185.66,185.66,2446518.8814186
2019-02-15,187.232,191.364,186.431,191.126,191.126,2943067.141874
2019-02-19,190.997,192.351,189.346,191.511,191.511,3321415.4977428
2019-02-20,190.997,191.154,187.053,187.499,187.499,3308645.2783119
2019-02-21,187.379,188.338,184.128,185.313,185.313,1657629.5209663
2019-02-22,185.462,187.755,183.643,187.152,187.152,1795297.3832688
2019-02-25,187.924,188.871,184.662,185.076,185.076,1952950.2039315
2019-02-26,185.076,185.076,181.627,181.726,181.726,2016937.8863841
2019-02-27,180.58,180.974,173.374,174.549,174.549,4809645.8624741
2019-02-28,173.948,174.788,167.335,168.481,168.481,6127805.2736557
2019-03-01,170.003,174.205,169.381,172.179,172.179,3261574.9496151
2019-03-04,172.88,173.858,165.121,165.823,165.823,3153448.9695156
2019-03-05,166.041,166.752,162.502,164.311,164.311,4077140.936255
2019-03-06,164.024,164.102,158.924,159.299,159.299,2526774.3786574
2019-03-07,159.487,160.317,156.888,158.232,158.232,3474308.067857
2019-03-08,157.451,160.149,157.056,157.62,157.62,2082663.7432135
2019-03-11,157.777,159.389,156.948,158.094,158.094,2164189.9895891
2019-03-12,158.904,161.207,158.489,158.737,158.737,2067770.8870871
2019-03-13,159.873,163.855,159.379,162.313,162.313,2753168.0501206
2019-03-14,163.134,165.299,162.62,163.816,163.816,3886782.5132053
2019-03-15,163.768,164.835,160.613,160.812,160.812,3884855.1428981
2019-03-18,160.91,162.285,160.812,161.454,161.454,1755879.8781956
2019-03-19,162.196,167.533,161.79,166.93,166.93,3573226.175429
2019-03-20,166.357,167.543,161.988,162.186,162.186,2395832.5834423
2019-03-21,161.355,163.965,161.355,163.164,163.164,1681957.8917822
2019-03-22,162.571,162.936,159.636,160.476,160.476,1651541.8636761
2019-03-25,159.783,159.783,156.956,158.232,158.232,1712375.9433742
2019-03-26,158.824,159.003,154.495,155.317,155.317,2705948.9952112
2019-03-27,155.03,156.284,153.231,154.378,154.378,2018082.167653
2019-03-28,154.378,155.593,153.418,154.278,154.278,1741643.6432396
2019-03-29,154.664,156.304,153.339,155.385,155.385,3448854.638888
2019-04-01,157.125,157.57,155.02,156.384,156.384,1960963.2080428
2019-04-02,156.956,156.996,153.181,153.261,153.261,2807875.0145539
2019-04-03,153.844,155.771,152.657,153.606,153.606,2366663.0226425
2019-04-04,153.606,156.177,153.013,156.008,156.008,1763715.8272918
2019-04-05,157.155,161.78,156.888,160.516,160.516,3822311.2176257
2019-04-08,160.555,161.859,159.082,161.731,161.731,2468951.2459587
2019-04-09,160.822,165.121,159.586,163.401,163.401,2838757.4561568
2019-04-10,162.749,163.945,161.247,162.512,162.512,2155241.1232551
2019-04-11,162.61,162.689,156.868,158.45,158.45,3486123.2019495
2019-04-12,159.369,159.428,154.318,155.177,155.177,3718799.7970909
2019-04-15,156.205,159.903,154.742,158.281,158.281,2763432.182281
2019-04-16,161.058,161.602,145.413,145.927,145.927,6606768.4300128
2019-04-17,145.996,146.628,137.139,140.559,140.559,8974181.1541761
2019-04-18,141.014,143.998,139.354,143.95,143.95,5535253.7370483
2019-04-22,144.454,146.589,142.734,142.981,142.981,2747240.2482155
2019-04-23,143.732,150.523,143.664,148.615,148.615,4512815.6590373
2019-04-24,148.19,149.217,146.401,149.0,149.0,1885043.0293163
2019-04-25,148.051,152.381,146.984,151.501,151.501,2371135.938195
2019-04-26,151.778,155.701,151.699,155.504,155.504,2426055.3686463
2019-04-29,155.504,155.909,152.964,155.247,155.247,1858253.0879192
2019-04-30,155.691,155.711,150.878,153.468,153.468,3550409.3485704
2019-05-01,153.547,157.333,152.944,156.511,156.511,3316665.3646237
2019-05-02,158.241,158.43,147.33,152.874,152.874,5056515.1876248
2019-05-03,152.826,153.379,144.74,147.656,147.656,5964365.2833572
2019-05-06,146.044,153.942,145.165,153.428,153.428,3363492.8750141
2019-05-07,152.262,153.528,148.023,149.899,149.899,2432869.4573699
2019-05-08,149.732,152.459,148.24,151.215,151.215,1864011.9287527
2019-05-09,149.593,152.035,148.802,150.591,150.591,1741155.983141
2019-05-10,150.868,153.309,148.24,153.092,153.092,2272533.4944214
2019-05-13,150.196,152.322,148.961,151.985,151.985,2423003.9519291
2019-05-14,151.985,153.339,149.989,150.029,150.029,2875888.422178
2019-05-15,149.889,150.72,146.094,150.009,150.009,2167457.9192962
2019-05-16,149.752,152.697,148.2,148.585,148.585,2286240.587818
2019-05-17,148.19,151.669,147.943,149.613,149.613,1613068.3147691
2019-05-20,148.792,150.563,147.626,148.477,148.477,2099918.0073694
2019-05-21,148.98,150.958,147.755,149.416,149.416,3084015.0747988
2019-05-22,149.712,149.712,145.768,147.656,147.656,2619697.9092901
2019-05-23,146.224,147.241,143.96,144.928,144.928,2453637.5047681
2019-05-24,145.244,145.729,143.712,144.424,144.424,2349218.5508131
2019-05-28,144.168,145.145,141.301,141.528,141.528,4711947.9168918
2019-05-29,140.995,143.911,139.542,143.387,143.387,2126401.3906547
2019-05-30,143.188,144.612,142.022,142.981,142.981,1336947.4776399
2019-05-31,141.913,143.357,140.105,143.011,143.011,2458826.7343246
2019-06-03,142.615,146.124,142.507,145.314,145.314,2566097.7916369
2019-06-04,146.756,149.544,146.292,148.842,148.842,2329996.4466323
2019-06-05,150.116,150.116,146.994,148.605,148.605,2270922.7996555
2019-06-06,148.507,149.416,147.923,148.517,148.517,1346223.1369446
2019-06-07,149.217,152.657,148.714,152.133,152.133,1927654.6068617
2019-06-10,152.529,153.131,151.046,151.254,151.254,1516863.7017711
2019-06-11,151.58,153.033,150.79,151.076,151.076,1307621.0966837
2019-06-12,150.533,151.135,149.366,150.8,150.8,1285502.3724562
2019-06-13,151.215,152.855,150.256,152.766,152.766,985382.99271052
2019-06-14,152.994,154.495,151.392,153.063,153.063,1525201.4753674
2019-06-17,153.112,154.258,152.687,153.715,153.715,1013329.3562919
2019-06-18,154.585,155.622,153.339,154.427,154.427,1616550.7339801
2019-06-19,154.585,156.215,152.627,154.782,154.782,2470126.891259
2019-06-20,155.197,155.385,153.398,154.338,154.338,1600553.0545598
2019-06-21,154.862,157.115,153.261,155.691,155.691,3162063.9606782
2019-06-24,155.554,155.554,153.616,155.039,155.039,1453627.7443255
2019-06-25,154.15,155.385,153.468,154.664,154.664,1289445.1347064
2019-06-26,154.832,155.217,151.086,151.59,151.59,1584050.5154107
2019-06-27,151.945,153.349,151.076,152.549,152.549,1409992.2829215
2019-06-28,152.706,153.745,151.205,152.212,152.212,3363357.3014597
2019-07-01,153.547,154.427,152.569,153.388,153.388,1776431.412604
2019-07-02,153.547,156.354,151.985,156.324,156.324,1798903.2351189
2019-07-03,156.828,160.327,156.511,159.259,159.259,1200134.5381245
2019-07-05,158.46,159.596,157.343,157.906,157.906,893047.28472802
2019-07-08,157.727,157.916,154.742,156.245,156.245,1244450.9025294
2019-07-09,154.772,155.86,154.041,154.318,154.318,1042400.7780263
2019-07-10,154.515,155.83,153.892,155.089,155.089,981838.85717995
2019-07-11,173.443,179.473,167.148,169.401,169.401,10417549.825056
2019-07-12,168.976,173.611,168.334,173.127,173.127,3955842.063033
2019-07-15,172.989,173.73,170.38,171.032,171.032,1869644.3017184
2019-07-16,171.526,175.954,170.666,173.868,173.868,3164817.9249701
2019-07-17,172.356,175.687,172.039,172.426,172.426,1583346.3423221
2019-07-18,171.772,173.236,168.383,170.943,170.943,1779906.7496145
2019-07-19,171.585,171.585,167.602,167.81,167.81,1160052.3179375
2019-07-22,167.898,167.898,164.696,164.845,164.845,1746120.605764
2019-07-23,164.715,167.118,162.966,166.258,166.258,1700498.0812192
2019-07-24,165.131,165.724,159.903,165.477,165.477,1880802.8146407
2019-07-25,164.952,165.121,160.486,160.91,160.91,2112366.4925444
2019-07-26,161.75,161.949,160.327,161.642,161.642,1865036.8243545
2019-07-29,161.138,166.643,161.138,166.395,166.395,1618205.9454355
2019-07-30,164.805,166.594,163.451,166.405,166.405,909672.24477326
2019-07-31,167.662,167.78,163.54,164.162,164.162,2087983.4876095
2019-08-01,164.281,167.157,159.467,161.889,161.889,3287197.3396556
2019-08-02,162.186,163.421,156.848,159.012,159.012,1972680.2030699
2019-08-05,156.868,157.747,151.798,153.606,153.606,2660610.7704335
2019-08-06,157.48,158.864,154.179,158.183,158.183,3196345.858571
2019-08-07,156.097,161.187,154.96,160.841,160.841,1869641.2664896
2019-08-08,160.98,162.305,159.309,160.96,160.96,1646605.5698555
2019-08-09,160.87,165.072,160.693,164.142,164.142,1723284.5557895
2019-08-12,162.689,163.905,159.458,159.991,159.991,1280064.2541355
2019-08-13,160.001,164.321,160.001,163.738,163.738,1375103.3392628
2019-08-14,160.96,161.217,154.625,154.762,154.762,2938616.4846661
2019-08-15,155.574,155.751,151.798,154.288,154.288,1809647.9451774
2019-08-16,154.911,157.649,154.911,155.781,155.781,1546293.2805075
2019-08-19,157.53,159.211,157.233,157.47,157.47,1309778.132639
2019-08-20,157.066,158.47,155.277,155.691,155.691,1294279.2424897
2019-08-21,157.155,158.489,156.087,156.848,156.848,1307933.7252533
2019-08-22,156.908,156.908,150.146,150.513,150.513,2132953.4379558
2019-08-23,149.742,151.748,147.133,148.11,148.11,2279179.6338162
2019-08-26,149.01,149.287,147.043,147.726,147.726,1582852.6117657
2019-08-27,148.003,148.347,141.271,141.311,141.311,2892389.9495842
2019-08-28,141.321,144.325,140.579,142.457,142.457,2425404.8179337
2019-08-29,144.038,147.656,143.871,147.33,147.33,2116848.5137835
2019-08-30,148.11,150.107,147.37,148.763,148.763,1607925.6253879
2019-09-03,147.646,150.068,146.974,149.732,149.732,3098882.6373515
2019-09-04,151.145,152.242,147.36,147.755,147.755,1982839.1139641
2019-09-05,149.643,149.643,145.827,145.887,145.887,2166271.1448236
2019-09-06,145.748,149.475,144.918,148.595,148.595,2102505.0340756
2019-09-09,149.909,157.095,149.406,156.671,156.671,3048595.9778378
2019-09-10,156.898,161.315,154.852,159.418,159.418,3039370.9056804
2019-09-11,158.854,159.853,154.772,156.404,156.404,2271531.8689074
2019-09-12,159.546,159.686,153.388,153.586,153.586,3480524.2165011
2019-09-13,154.683,157.48,154.141,155.415,155.415,2271834.3800476
2019-09-16,154.565,160.011,154.565,159.893,159.893,1613257.5106995
2019-09-17,158.528,160.149,155.356,156.028,156.028,1682294.8021823
2019-09-18,155.109,156.473,153.972,155.02,155.02,1828843.7440417
2019-09-19,155.574,161.058,155.167,159.141,159.141,2086176.5147126
2019-09-20,159.932,161.078,155.86,155.909,155.909,2818314.1782433
2019-09-23,155.148,155.929,154.278,154.733,154.733,2279368.8297467
2019-09-24,155.356,156.127,151.432,152.569,152.569,1912519.944172
2019-09-25,152.123,153.112,149.653,149.959,149.959,1850413.0918512
2019-09-26,150.641,151.017,144.405,144.73,144.73,3659359.8991688
2019-09-27,145.511,146.895,143.109,144.424,144.424,2551081.5028716
2019-09-30,145.432,147.706,143.208,146.658,146.658,2471356.1589352
2019-10-01,147.774,147.913,142.912,145.333,145.333,2312406.283819
2019-10-02,144.158,146.905,143.387,144.188,144.188,2681038.8722029
2019-10-03,143.969,144.958,142.804,143.584,143.584,2163192.4110469
2019-10-04,143.347,146.134,142.991,145.64,145.64,2172966.8596227
2019-10-07,145.491,146.717,144.098,144.148,144.148,2297636.8603319
2019-10-08,142.971,143.741,141.538,142.21,142.21,2108735.3471208
2019-10-09,143.495,144.908,142.398,144.533,144.533,1916637.7379515
2019-10-10,144.048,147.29,143.524,145.729,145.729,2326951.1003728
2019-10-11,147.517,150.72,146.598,147.241,147.241,2020316.0960719
2019-10-14,147.053,147.626,145.69,146.451,146.451,1372484.9485253
2019-10-15,150.039,155.87,149.84,154.742,154.742,2900175.3115333
2019-10-16,154.328,156.196,152.469,155.998,155.998,1890423.4782891
2019-10-17,156.245,159.694,155.998,159.201,159.201,1871491.744333
2019-10-18,160.199,161.712,158.291,161.237,161.237,2101478.114988
2019-10-21,161.305,162.363,160.239,161.098,161.098,2038158.1828781
2019-10-22,160.466,166.387,160.466,164.617,164.617,2470528.5532075
2019-10-23,164.439,167.652,163.283,167.058,167.058,2172298.0975372
2019-10-24,167.018,167.79,162.313,164.35,164.35,2051491.9431285
2019-10-25,164.232,166.307,163.164,165.684,165.684,1371757.5053491
2019-10-28,165.862,169.796,165.566,168.867,168.867,2090051.4901858
2019-10-29,168.68,172.099,168.403,171.961,171.961,1994529.8036746
2019-10-30,170.567,171.634,169.499,170.459,170.459,2110405.7347203
2019-10-31,172.218,173.413,165.833,172.406,172.406,4110589.1579624
2019-11-01,173.127,178.317,171.981,173.423,173.423,3545868.6462406
2019-11-04,175.163,177.456,172.396,176.912,176.912,2577983.7477354
2019-11-05,177.772,178.494,175.519,175.687,175.687,2671565.9230242
2019-11-06,176.765,178.197,175.578,176.922,176.922,1825393.7006049
2019-11-07,177.802,180.194,177.239,179.048,179.048,1403536.3511998
2019-11-08,179.7,182.873,178.988,181.824,181.824,1512466.6669393
2019-11-11,179.601,181.114,178.801,180.817,180.817,1439087.9864864
2019-11-12,180.164,184.088,179.947,182.586,182.586,1896149.9433485
2019-11-13,181.577,185.245,180.877,183.802,183.802,1584017.1278936
2019-11-14,183.89,185.216,182.626,183.268,183.268,1588724.767809
2019-11-15,183.94,191.916,181.904,189.366,189.366,3164074.2939068
2019-11-18,190.7,195.978,189.118,191.659,191.659,2918377.5788273
2019-11-19,192.006,193.597,189.682,193.24,193.24,1724493.5886068
2019-11-20,192.273,193.804,190.493,193.143,193.143,1690277.4540054
2019-11-21,193.477,194.625,191.382,194.407,194.407,1406782.0225621
2019-11-22,195.159,196.008,193.527,195.02,195.02,1544690.6796852
2019-11-25,195.159,198.291,195.0,196.977,196.977,2504546.3861919
2019-11-26,197.472,197.472,192.648,193.577,193.577,2278361.1337751
2019-11-27,193.705,195.721,191.778,193.25,193.25,2113578.5605906
2019-11-29,193.25,193.992,191.778,193.153,193.153,840450.81607468
2019-12-02,193.153,193.597,190.187,190.275,190.275,1551392.464942
2019-12-03,186.559,189.337,186.016,188.724,188.724,2174442.992577
2019-12-04,189.762,191.274,188.684,190.088,190.088,1884101.0966361
2019-12-05,190.048,190.167,187.025,188.971,188.971,1579806.2537633
2019-12-06,190.82,193.172,190.414,192.203,192.203,1716138.6153805
2019-12-09,191.364,192.114,189.208,189.308,189.308,1431100.2759487
2019-12-10,189.061,189.061,183.09,185.216,185.216,3452039.6056737
2019-12-11,184.998,186.955,183.397,185.255,185.255,2040222.1384825
2019-12-12,185.808,188.299,184.652,187.005,187.005,2083660.3100125
2019-12-13,187.34,188.358,182.418,183.436,183.436,2164223.3771062
2019-12-16,185.313,190.543,184.542,188.526,188.526,1932920.7288819
2019-12-17,187.844,189.682,185.571,186.975,186.975,1761309.9025726
2019-12-18,188.398,193.033,188.002,191.481,191.481,2525143.4490328
2019-12-19,191.491,193.22,191.117,191.996,191.996,1742506.6599704
2019-12-20,194.743,199.271,194.743,197.649,197.649,5116519.6381095
2019-12-23,197.076,200.259,196.492,199.488,199.488,1967591.1360648
2019-12-24,199.537,199.922,197.105,197.115,197.115,549596.97820436
2019-12-26,197.589,198.401,197.085,197.462,197.462,769189.71360228
2019-12-27,197.521,198.005,196.7,197.105,197.105,1090562.7773589
2019-12-30,196.809,197.649,195.513,196.097,196.097,988280.6245003
2019-12-31,196.008,197.767,195.169,197.569,197.569,1535559.6996214
2020-01-02,198.44,198.885,195.247,197.995,197.995,1396342.8588726
2020-01-03,195.169,197.472,194.002,196.305,196.305,1435915.1606161
2020-01-06,195.159,200.14,195.109,199.912,199.912,1286567.7377755
2020-01-07,199.211,201.711,198.331,200.891,200.891,1403037.5619288
2020-01-08,200.891,204.548,200.169,204.251,204.251,1535592.0753956
2020-01-09,202.917,205.043,201.918,203.717,203.717,2088946.6668916
2020-01-10,204.933,205.16,202.591,203.164,203.164,1071061.4321258
2020-01-13,201.464,201.918,195.129,196.621,196.621,2460026.6614555
2020-01-14,196.384,199.942,196.147,198.242,198.242,1551642.365449
2020-01-15,198.242,203.303,198.242,201.187,201.187,1862737.1326442
2020-01-16,202.324,204.104,201.444,203.817,203.817,1436097.274346
2020-01-17,203.827,205.447,202.146,205.329,205.329,1738887.655462
2020-01-21,204.509,207.186,203.283,205.793,205.793,2269075.357041
2020-01-22,206.08,206.555,203.253,204.104,204.104,1520217.6296284
2020-01-23,203.906,206.16,202.72,205.507,205.507,1564532.9822903
2020-01-24,205.516,205.783,197.797,199.042,199.042,1948187.9298971
2020-01-27,195.346,195.741,189.999,193.181,193.181,1550897.7226427
2020-01-28,194.546,199.151,193.834,198.381,198.381,1659546.773844
2020-01-29,197.916,199.438,194.892,195.673,195.673,1915165.6519689
2020-01-30,193.715,194.713,188.269,190.315,190.315,3291492.1884501
2020-01-31,188.774,189.178,184.632,185.858,185.858,1879649.4276853
2020-02-03,187.252,189.435,184.722,185.274,185.274,2438792.2005602
2020-02-04,187.587,191.986,187.33,190.207,190.207,2024265.9405228
2020-02-05,193.31,200.476,193.31,199.498,199.498,2196999.8014992
2020-02-06,203.48,208.858,200.792,204.686,204.686,3111529.4241435
2020-02-07,203.55,205.596,200.97,201.84,201.84,2118533.0657843
2020-02-10,200.99,204.726,200.486,203.204,203.204,2112985.6792257
2020-02-11,205.16,208.046,203.283,207.899,207.899,1878702.4362903
2020-02-12,210.439,217.032,209.668,215.015,215.015,2816123.754771
2020-02-13,212.86,216.646,212.86,214.373,214.373,2190043.0570206
2020-02-14,214.027,214.748,211.525,212.87,212.87,2150125.7509334
2020-02-18,212.87,216.962,212.011,214.431,214.431,2024647.3676125
2020-02-19,214.007,216.013,212.08,213.947,213.947,1671901.1669253
2020-02-20,211.901,214.224,208.888,212.94,212.94,2283565.5394757
2020-02-21,211.171,212.376,209.441,209.855,209.855,1521350.7817249
2020-02-24,202.473,203.006,193.27,193.567,193.567,3223701.3642735
2020-02-25,196.463,197.046,182.933,185.264,185.264,2923213.7100965
2020-02-26,187.152,188.881,182.161,182.536,182.536,2970246.6043043
2020-02-27,178.247,183.357,175.559,175.766,175.766,3210034.7405946
2020-02-28,170.27,178.346,168.304,176.735,176.735,5660486.2668341
2020-03-02,176.398,187.953,174.312,187.765,187.765,4037968.2729741
2020-03-03,187.765,196.986,180.58,182.843,182.843,3695113.8830441
2020-03-04,201.474,204.766,198.401,202.453,202.453,6342565.9247563
2020-03-05,196.157,199.378,191.906,194.13,194.13,3215733.8885944
2020-03-06,187.637,189.9,181.627,188.901,188.901,3568717.8488734
2020-03-09,175.153,180.085,168.047,175.489,175.489,4033588.4377723
2020-03-10,181.459,192.015,179.769,191.117,191.117,4334139.8317547
2020-03-11,184.819,189.93,177.357,180.925,180.925,4249685.6013008
2020-03-12,169.263,175.331,158.074,158.737,158.737,4998425.966532
2020-03-13,166.881,173.948,158.697,173.819,173.819,5258777.778146
2020-03-16,144.948,156.928,140.352,145.62,145.62,3457219.7295437
2020-03-17,149.02,157.283,143.287,149.86,149.86,3896724.9111097
2020-03-18,140.124,141.083,114.506,138.098,138.098,4345883.1320982
2020-03-19,136.833,144.543,129.589,141.588,141.588,4126367.289164
2020-03-20,144.295,145.57,135.113,137.308,137.308,4875846.2267437
2020-03-23,135.537,135.737,121.761,125.694,125.694,4373595.7830597
2020-03-24,137.159,142.674,131.961,142.249,142.249,5654638.3926215
2020-03-25,140.124,159.962,138.187,151.54,151.54,4380345.1202347
2020-03-26,152.994,165.112,149.217,163.826,163.826,4200882.1569422
2020-03-27,155.346,162.136,154.417,155.86,155.86,3687495.4586806
2020-03-30,157.273,172.919,157.273,172.256,172.256,3805449.5097318
2020-03-31,171.022,175.855,167.662,171.21,171.21,4581912.6433538
2020-04-01,163.995,168.393,161.75,167.256,167.256,3097569.395011
2020-04-02,162.779,167.118,158.756,163.134,163.134,2588730.4812798
2020-04-03,161.692,164.044,154.011,158.321,158.321,2350960.7721615
2020-04-06,165.901,170.745,164.666,167.652,167.652,3167260.2724354
2020-04-07,175.361,180.145,170.28,171.2,171.2,2433411.7515875
2020-04-08,173.592,182.873,169.243,179.957,179.957,2637502.5616072
2020-04-09,180.61,182.309,174.659,175.706,175.706,2572137.8970088
2020-04-13,174.432,175.875,168.174,171.506,171.506,1741435.2241933
2020-04-14,174.946,182.003,174.946,179.364,179.364,1862135.1455928
2020-04-15,176.605,181.291,173.186,176.468,176.468,2688230.3410442
2020-04-16,178.544,189.722,177.071,188.784,188.784,2772208.0405717
2020-04-17,191.946,192.648,184.286,187.597,187.597,3604009.4662236
2020-04-20,185.036,187.015,182.042,182.359,182.359,1926327.20012
2020-04-21,177.852,181.667,171.772,171.931,171.931,2538457.9861674
2020-04-22,176.775,181.479,174.758,176.458,176.458,1817950.3077706
2020-04-23,176.834,180.184,176.508,178.079,178.079,1059716.7585019
2020-04-24,179.275,182.486,176.834,181.864,181.864,1393670.8457592
2020-04-27,183.96,187.409,183.594,186.322,186.322,1583012.4671508
2020-04-28,189.92,190.355,178.613,183.199,183.199,1394550.050377
2020-04-29,186.421,190.681,181.469,189.268,189.268,1908739.0607926
2020-04-30,190.612,195.92,187.577,189.178,189.178,2827938.8888636
2020-05-01,185.531,188.318,179.107,180.787,180.787,1670456.3980021
2020-05-04,174.906,180.155,174.442,178.404,178.404,1578818.7926505
2020-05-05,180.727,186.302,180.343,183.98,183.98,1490436.9760906
2020-05-06,185.798,186.925,176.843,177.248,177.248,1488729.1540023
2020-05-07,179.265,181.36,177.12,177.98,177.98,1170937.6602651
2020-05-08,180.817,183.04,179.838,182.893,182.893,1345898.3674597
2020-05-11,181.301,185.086,181.232,182.646,182.646,1105288.6958995
2020-05-12,184.286,187.666,183.17,183.17,183.17,1381274.9712173
2020-05-13,181.993,182.656,172.663,174.916,174.916,1910062.4205626
2020-05-14,173.631,178.257,170.577,178.257,178.257,1902787.9887999
2020-05-15,177.485,183.999,177.081,183.742,183.742,1350633.3244347
2020-05-18,188.674,189.593,186.855,186.995,186.995,1301788.3986153
2020-05-19,186.371,188.417,184.088,185.313,185.313,1031993.9901109
2020-05-20,187.409,188.002,181.182,181.934,181.934,1673671.7170761
2020-05-21,181.627,183.822,180.392,182.339,182.339,1109690.7894461
2020-05-22,183.07,183.347,180.6,182.656,182.656,847185.9888486
2020-05-26,187.232,191.324,186.371,189.318,189.318,1596388.7206049
2020-05-27,190.028,192.924,186.796,192.737,192.737,1333054.2907939
2020-05-28,193.26,198.094,192.836,193.814,193.814,1513991.3635549
2020-05-29,193.814,196.532,189.09,190.681,190.681,2387188.2517344
2020-06-01,189.831,192.124,188.062,191.422,191.422,1099953.7753591
2020-06-02,191.531,195.683,189.643,194.546,194.546,2033302.8284929
2020-06-03,196.71,197.966,193.824,194.595,194.595,1453618.638639
2020-06-04,192.737,197.521,191.778,195.563,195.563,1303106.6996705
2020-06-05,198.094,206.367,196.572,202.433,202.433,2024319.5628988
2020-06-08,200.98,208.64,200.239,208.561,208.561,2165725.8153771
2020-06-09,206.782,209.985,204.38,207.286,207.286,1549791.8876056
2020-06-10,207.256,207.286,199.695,201.958,201.958,1483225.2723904
2020-06-11,197.312,197.876,182.943,185.106,185.106,3038628.2863599
2020-06-12,191.164,191.728,181.617,183.614,183.614,2075090.8472823
2020-06-15,179.018,183.0,176.231,180.827,180.827,2179428.8618019
2020-06-16,187.32,189.554,183.11,186.53,186.53,1396565.4423201
2020-06-17,187.972,188.427,184.415,185.333,185.333,1210283.3315892
2020-06-18,183.95,184.355,180.964,183.574,183.574,1946813.9829801
2020-06-19,187.548,190.237,184.335,184.949,184.949,2331504.9553608
2020-06-22,183.88,185.926,180.867,183.97,183.97,1500565.5346966
2020-06-23,185.67,187.459,183.248,185.828,185.828,1746017.4079838
2020-06-24,183.693,185.512,176.082,177.782,177.782,1716137.6036376
2020-06-25,176.932,179.7,174.965,179.225,179.225,1268167.1688647
2020-06-26,178.691,179.374,176.3,178.831,178.831,2494390.5105265
2020-06-29,180.412,181.43,177.505,181.222,181.222,1339496.0581142
2020-06-30,181.202,182.448,178.148,181.321,181.321,2221671.153173
2020-07-01,181.627,185.868,181.163,184.088,184.088,2073769.5109983
2020-07-02,185.492,187.972,183.683,184.079,184.079,923579.66327263
2020-07-06,185.333,186.312,182.666,182.943,182.943,1625918.4618926
2020-07-07,180.667,181.864,175.419,175.924,175.924,2259954.4944065
2020-07-08,176.348,178.326,171.17,174.027,174.027,2622670.4100576
2020-07-09,173.453,174.264,165.981,168.047,168.047,2412699.3500511
2020-07-10,168.471,170.133,165.052,169.638,169.638,1573837.9821404
2020-07-13,170.409,174.075,170.27,171.397,171.397,1794051.9277055
2020-07-14,171.012,176.261,169.431,176.043,176.043,1861558.4521152
2020-07-15,176.932,178.514,174.135,174.946,174.946,1879914.5043365
2020-07-16,174.906,175.252,172.88,173.948,173.948,1766324.1005998
2020-07-17,175.173,175.786,173.246,173.76,173.76,2625873.5882163
2020-07-20,173.918,174.185,169.806,169.945,169.945,2072220.5325521
2020-07-21,172.019,172.465,170.32,172.296,172.296,2631291.471678
2020-07-22,172.336,172.465,169.301,170.973,170.973,1664405.1634579
2020-07-23,171.09,175.084,170.844,173.087,173.087,2113521.9029858
2020-07-24,174.719,177.97,173.848,174.926,174.926,2342463.1431803
2020-07-27,173.848,174.037,169.49,169.598,169.598,1951931.3787875
2020-07-28,169.341,171.892,168.314,169.836,169.836,1879673.7095159
2020-07-29,171.16,177.16,170.656,175.677,175.677,2206483.8798501
2020-07-30,173.166,175.114,171.042,172.456,172.456,1790497.6747455
2020-07-31,171.081,171.17,165.259,166.881,166.881,2538169.6394285
2020-08-03,168.037,168.145,165.102,167.187,167.187,2135341.1513022
2020-08-04,166.682,169.876,165.981,167.662,167.662,1925099.9559297
2020-08-05,169.529,170.844,167.443,168.986,168.986,2514704.2853432
2020-08-06,167.385,169.717,165.654,167.256,167.256,1837679.2951661
2020-08-07,167.375,172.306,167.167,172.199,172.199,1863712.4528415
2020-08-10,171.17,177.051,171.17,176.834,176.834,2119634.8538495
2020-08-11,178.771,180.896,175.894,176.251,176.251,1995222.8475908
2020-08-12,178.908,180.49,175.628,178.118,178.118,2229271.3661635
2020-08-13,176.31,176.518,173.661,174.788,174.788,1252855.4511598
2020-08-14,173.611,178.454,172.722,177.219,177.219,1254136.3177261
2020-08-17,177.12,177.733,175.489,176.063,176.063,1575710.7183285
2020-08-18,175.875,177.338,174.669,175.806,175.806,1184987.7345195
2020-08-19,176.281,177.318,174.936,175.143,175.143,1747063.5501872
2020-08-20,173.997,174.442,171.477,172.029,172.029,1291286.5068633
2020-08-21,172.553,174.422,171.367,172.296,172.296,1434127.4108353
2020-08-24,173.383,173.69,169.707,171.704,171.704,1504814.8550587
2020-08-25,172.446,172.446,170.093,171.437,171.437,1384308.1765614
2020-08-26,171.071,171.071,166.357,168.224,168.224,2006373.2665696
2020-08-27,169.243,172.346,168.413,171.12,171.12,1705357.4825762
2020-08-28,171.437,175.331,170.043,175.055,175.055,1563978.5471574
2020-08-31,173.295,176.586,171.309,171.397,171.397,3146066.2812579
2020-09-01,170.083,171.328,168.62,170.22,170.22,2018697.3073626
2020-09-02,171.17,175.964,170.173,175.232,175.232,1751940.1511742
2020-09-03,176.468,178.998,170.854,172.416,172.416,1712525.6813298
2020-09-04,173.403,173.898,169.411,172.593,172.593,1876833.7470739
2020-09-08,172.019,172.019,167.148,168.126,168.126,1564385.2678205
2020-09-09,169.025,170.29,166.298,168.165,168.165,1725087.4817145
2020-09-10,168.541,169.895,163.975,164.015,164.015,1393168.0095163
2020-09-11,164.933,165.131,162.056,163.658,163.658,1552295.9513904
2020-09-14,164.598,167.652,163.579,166.061,166.061,1619307.7335007
2020-09-15,167.523,168.107,160.396,160.89,160.89,2957698.9683208
2020-09-16,162.936,165.881,161.405,162.926,162.926,5452295.8744078
2020-09-17,161.692,164.429,161.227,163.313,163.313,3269886.4178947
2020-09-18,162.215,163.758,161.058,162.265,162.265,3121798.6150186
2020-09-21,159.448,160.633,154.635,159.418,159.418,2615224.9937375
2020-09-22,159.111,160.99,156.117,156.284,156.284,2399235.0749608
2020-09-23,156.938,158.577,154.92,155.109,155.109,2979903.6906987
2020-09-24,154.615,157.52,153.498,155.474,155.474,1859962.9334935
2020-09-25,153.685,157.243,153.636,156.986,156.986,1918026.8610127
2020-09-28,159.369,161.098,158.37,158.756,158.756,1202312.8206816
2020-09-29,159.211,159.883,156.956,158.776,158.776,1511542.945632
2020-09-30,158.548,165.072,158.153,163.708,163.708,2409200.7429529
2020-10-01,163.648,164.142,160.486,161.741,161.741,1388553.4499517
2020-10-02,158.924,164.419,158.509,161.602,161.602,1844139.2738593
2020-10-05,163.5,167.503,163.036,166.415,166.415,1956877.7900376
2020-10-06,167.463,169.698,165.022,165.141,165.141,1529741.1659542
2020-10-07,166.495,171.081,166.495,170.36,170.36,1642889.4380246
2020-10-08,170.459,172.159,169.233,171.892,171.892,1184491.9804772
2020-10-09,172.485,172.623,169.866,170.459,170.459,1199364.6017446
2020-10-12,170.201,172.989,169.579,171.487,171.487,1228018.1736433
2020-10-13,169.806,171.912,167.859,168.699,168.699,1133082.2862964
2020-10-14,168.808,170.873,167.305,168.61,168.61,1452608.9191815
2020-10-15,166.357,171.377,166.198,170.863,170.863,1397115.8304814
2020-10-16,170.745,173.345,169.717,171.921,171.921,1537518.4339599
2020-10-19,171.931,172.237,164.924,165.881,165.881,2006868.0088688
2020-10-20,166.831,167.76,165.131,165.329,165.329,2084313.895954
2020-10-21,165.17,170.211,163.55,168.68,168.68,1968987.3413267
2020-10-22,169.094,173.888,168.867,173.285,173.285,1468045.0812683
2020-10-23,174.362,178.494,173.948,178.287,178.287,1775870.9070134
2020-10-26,176.605,177.921,173.878,175.756,175.756,1917249.8424322
2020-10-27,174.065,176.358,171.318,172.286,172.286,2078141.2522565
2020-10-28,168.413,170.459,162.393,162.669,162.669,2229501.0318115
2020-10-29,161.909,161.929,154.98,157.896,157.896,2457946.5179638
2020-10-30,157.955,161.869,157.727,161.355,161.355,2084654.8533258
2020-11-02,164.162,169.351,161.959,168.956,168.956,1998048.6456316
2020-11-03,171.487,178.988,171.299,177.694,177.694,2314637.1770092
2020-11-04,188.744,205.427,188.408,203.54,203.54,7297455.9968969
2020-11-05,201.494,210.409,200.951,206.949,206.949,4596104.3616203
2020-11-06,205.437,205.665,193.932,194.693,194.693,3775594.9989592
2020-11-09,207.919,209.905,199.072,204.084,204.084,2779836.5823645
2020-11-10,205.507,214.057,203.174,212.782,212.782,2939529.0768011
2020-11-11,212.88,217.386,212.583,213.671,213.671,2131910.3309812
2020-11-12,212.119,214.986,210.261,212.732,212.732,1566795.2395117
2020-11-13,212.583,214.174,210.864,212.297,212.297,1531856.7204487
2020-11-16,215.598,216.132,210.192,210.943,210.943,1801075.4472183
2020-11-17,208.551,209.708,201.148,207.582,207.582,2858202.1437853
2020-11-18,208.7,208.748,203.6,203.837,203.837,1723723.6522269
2020-11-19,201.622,203.006,196.522,197.836,197.836,2122504.1568369
2020-11-20,196.453,199.398,195.109,197.916,197.916,1504008.4959329
2020-11-23,199.585,202.453,198.518,199.972,199.972,1733864.3517482
2020-11-24,201.187,207.049,199.785,202.947,202.947,1648024.033462
2020-11-25,202.857,203.114,198.193,200.041,200.041,1671888.014267
2020-11-27,200.298,205.922,199.695,205.349,205.349,808137.76994975
2020-11-30,203.105,204.874,200.752,202.096,202.096,3924894.8698816
2020-12-01,206.337,207.652,200.417,200.515,200.515,1860731.8581304
2020-12-02,200.515,206.238,200.05,204.874,204.874,1415961.5662872
2020-12-03,203.906,207.978,203.906,206.208,206.208,1443401.0466541
2020-12-04,206.218,212.535,206.218,210.31,210.31,1686252.7405768
2020-12-07,208.985,211.665,206.307,211.229,211.229,1586716.4580664
2020-12-08,209.174,212.386,208.571,211.308,211.308,1417306.172659
2020-12-09,211.438,212.96,208.245,209.708,209.708,1423601.2372526
2020-12-10,207.405,210.202,204.162,205.497,205.497,1552814.9755204
2020-12-11,204.568,205.437,201.257,202.305,202.305,1380623.4087618
2020-12-14,204.627,204.627,195.781,196.315,196.315,2098241.5493123
2020-12-15,199.358,199.863,195.446,198.588,198.588,1636029.8208685
2020-12-16,198.014,198.271,194.912,195.573,195.573,1638854.6071663
2020-12-17,196.473,198.459,194.407,195.8,195.8,2922175.6618366
2020-12-18,194.902,195.87,187.894,190.444,190.444,6363344.089584
2020-12-21,186.598,191.344,185.076,190.74,190.74,1385875.3663806
2020-12-22,189.435,190.364,187.369,188.408,188.408,1451739.8319931
2020-12-23,189.97,193.784,189.89,192.292,192.292,1888749.0437178
2020-12-24,192.786,192.836,190.621,192.143,192.143,514964.00551032
2020-12-28,193.567,197.382,193.023,195.346,195.346,1302973.149602
2020-12-29,197.076,199.339,196.789,197.185,197.185,1209407.1622003
2020-12-30,197.056,198.638,196.7,197.185,197.185,1236445.9923616
2020-12-31,197.185,201.603,196.582,201.178,201.178,1276396.6859659
2021-01-04,202.096,202.927,193.784,198.795,198.795,2705244.8221227
2021-01-05,198.608,200.417,196.235,196.592,196.592,1830062.8942884
2021-01-06,187.785,203.224,184.464,202.383,202.383,3610275.1902718
2021-01-07,205.833,213.087,203.174,213.077,213.077,2910300.8349104
2021-01-08,212.583,215.598,211.674,213.364,213.364,2427734.8619323
2021-01-11,211.892,215.331,210.992,212.505,212.505,1194733.8542929
2021-01-12,212.198,219.612,211.555,217.643,217.643,2198444.5704223
2021-01-13,218.198,219.137,215.856,216.27,216.27,1466982.7511777
2021-01-14,216.982,218.168,212.653,213.344,213.344,1216617.8541577
2021-01-15,212.643,212.643,209.145,211.535,211.535,1513473.351168
2021-01-19,214.669,216.399,211.555,213.364,213.364,1820327.9036874
2021-01-20,213.848,221.411,211.665,220.728,220.728,2092391.6516137
2021-01-21,221.401,223.12,218.465,218.573,218.573,2167934.4502225
2021-01-22,217.93,219.769,215.717,215.904,215.904,1472480.562332
2021-01-25,214.501,214.748,209.865,212.673,212.673,1922915.602915
2021-01-26,212.692,214.106,207.919,208.491,208.491,1487035.4963151
2021-01-27,205.19,208.373,202.492,205.407,205.407,2313218.7134026
2021-01-28,207.929,215.283,206.228,211.428,211.428,1595714.8998046
2021-01-29,210.943,213.157,206.702,209.757,209.757,1354257.3876578
2021-02-01,210.764,211.684,206.268,209.509,209.509,1459682.0140984
2021-02-02,212.505,215.243,210.35,210.469,210.469,1273777.2834856
2021-02-03,210.389,214.096,209.005,212.05,212.05,1585850.4061068
2021-02-04,202.927,209.015,197.846,198.469,198.469,3929810.9288434
2021-02-05,200.505,202.028,196.512,196.592,196.592,2920659.0591645
2021-02-08,197.195,200.15,196.265,199.122,199.122,1964561.9776924
2021-02-09,200.12,204.786,199.635,203.896,203.896,2121817.1833783
2021-02-10,205.17,208.373,203.857,204.054,204.054,1610944.6663309
2021-02-11,205.25,205.833,200.792,201.454,201.454,1642457.4237876
2021-02-12,202.068,203.945,198.944,199.962,199.962,1755062.3898974
2021-02-16,199.872,200.515,196.117,196.433,196.433,2601951.9380635
2021-02-17,196.245,201.879,195.613,201.02,201.02,2127543.6484377
2021-02-18,200.99,202.245,198.588,198.726,198.726,1499697.4592513
2021-02-19,198.726,199.289,195.683,197.392,197.392,1759161.9723038
2021-02-22,196.107,202.818,194.842,202.106,202.106,1546146.5777807
2021-02-23,203.807,208.196,202.62,205.516,205.516,2528122.020258
2021-02-24,204.509,208.68,204.509,207.711,207.711,1389586.4394969
2021-02-25,207.167,209.362,201.217,202.295,202.295,1646240.3306529
2021-02-26,202.937,205.339,201.118,202.828,202.828,2819555.5868349
2021-03-01,205.22,208.848,203.935,207.721,207.721,1897672.6164783
2021-03-02,209.232,213.048,207.869,212.128,212.128,2320626.6952338
2021-03-03,211.358,214.798,210.082,213.197,213.197,1478107.8765829
2021-03-04,213.561,220.323,213.087,217.022,217.022,2865613.1608452
2021-03-05,218.732,224.613,216.972,222.853,222.853,2437084.3784718
2021-03-08,223.674,229.495,223.417,227.913,227.913,2397301.634196
2021-03-09,227.331,235.01,225.977,229.614,229.614,2396852.4203293
2021-03-10,231.531,233.725,228.655,231.185,231.185,2352214.3216684
2021-03-11,230.166,233.637,229.959,232.035,232.035,1688451.2579928
2021-03-12,233.301,236.701,232.115,236.265,236.265,1297968.0572612
2021-03-15,236.177,240.309,235.9,238.233,238.233,2015203.7589792
2021-03-16,238.223,238.223,234.476,234.545,234.545,1596905.7212489
2021-03-17,234.902,236.968,232.579,234.763,234.763,1826410.5022629
2021-03-18,234.793,241.06,234.793,236.621,236.621,2077239.789294
2021-03-19,236.364,239.468,234.892,236.067,236.067,5214224.6658924
2021-03-22,236.067,236.177,231.936,235.237,235.237,1477150.7677585
2021-03-23,235.435,236.928,230.385,231.403,231.403,1606782.355862
2021-03-24,231.926,236.819,231.521,233.439,233.439,1859403.4396458
2021-03-25,233.182,234.605,228.704,234.258,234.258,1786709.7091655
2021-03-26,235.989,236.799,233.261,236.581,236.581,1699288.036659
2021-03-29,235.01,241.495,234.872,240.229,240.229,1857624.7955513
2021-03-30,239.389,241.188,236.494,238.54,238.54,1819472.9809003
2021-03-31,237.363,239.033,234.22,234.595,234.595,2217250.8482535
2021-04-01,235.188,236.354,231.136,234.685,234.685,1338195.9684321
2021-04-05,236.227,237.956,234.398,236.147,236.147,1184855.196194
2021-04-06,235.564,236.977,231.66,232.055,232.055,1433491.0245238
2021-04-07,233.142,234.842,232.075,233.122,233.122,1400157.1297691
2021-04-08,232.499,233.844,230.849,231.215,231.215,1744354.1025849
2021-04-09,232.687,238.884,231.313,238.835,238.835,1704997.3020883
2021-04-12,238.38,241.168,238.311,238.559,238.559,2192004.8265878
2021-04-13,238.806,240.338,237.946,238.006,238.006,1466863.3655105
2021-04-14,238.35,242.927,238.35,242.058,242.058,1204726.8393444
2021-04-15,242.156,248.334,242.058,246.841,246.841,1720875.5958413
2021-04-16,247.246,247.86,243.006,245.112,245.112,1589899.4013662
2021-04-19,246.011,247.038,243.846,245.032,245.032,1361856.5889053
2021-04-20,244.668,246.98,243.748,245.882,245.882,1080947.1724252
2021-04-21,247.474,249.154,245.062,245.517,245.517,1491583.2808455
2021-04-22,244.548,245.497,240.683,245.082,245.082,1294882.2412839
2021-04-23,245.517,246.001,241.692,244.351,244.351,905996.58266004
2021-04-26,244.845,245.902,241.405,241.998,241.998,1168159.4141427
2021-04-27,241.395,243.55,240.14,243.046,243.046,1140260.6024796
2021-04-28,243.658,244.905,239.389,239.833,239.833,1250595.2174243
2021-04-29,241.752,243.995,240.823,242.849,242.849,1323741.1970003
2021-04-30,241.889,242.365,238.894,241.652,241.652,1471805.7297888
2021-05-03,243.106,246.791,242.612,244.598,244.598,1321670.1591952
2021-05-04,244.855,251.832,243.925,251.822,251.822,1930320.5495174
2021-05-05,251.19,252.297,250.014,250.786,250.786,993500.20634509
2021-05-06,250.786,252.129,247.355,249.342,249.342,1761335.1961462
2021-05-07,249.342,255.886,248.453,253.463,253.463,1814617.6265151
2021-05-10,255.134,264.752,254.422,259.018,259.018,2594006.7207294
2021-05-11,257.832,258.247,250.31,253.156,253.156,1423432.276181
2021-05-12,253.384,254.412,250.893,251.082,251.082,1803738.3546453
2021-05-13,252.683,257.922,251.972,256.201,256.201,1515826.6652542
2021-05-14,256.597,257.17,255.46,255.737,255.737,1137368.0294045
2021-05-17,256.271,257.842,254.838,256.894,256.894,837774.7559895
2021-05-18,256.518,257.17,253.978,255.391,255.391,732536.29025036
2021-05-19,252.633,254.858,250.706,254.669,254.669,896245.40417197
2021-05-20,254.976,255.559,251.812,252.959,252.959,945036.70761535
2021-05-21,253.918,257.645,252.772,254.492,254.492,1051994.1246152
2021-05-24,255.609,256.261,253.563,253.81,253.81,983663.02970682
2021-05-25,253.948,254.432,251.388,251.922,251.922,1488677.5551122
2021-05-26,252.199,253.355,247.978,251.724,251.724,1283180.4224011
2021-05-27,252.565,252.782,250.3,251.822,251.822,2657296.3005511
2021-05-28,253.336,253.82,250.41,251.21,251.21,1087034.8297154
2021-06-01,252.386,252.929,247.533,250.063,250.063,1337429.0672809
2021-06-02,251.991,251.991,247.029,247.86,247.86,1297915.4466281
2021-06-03,247.642,251.497,246.684,249.381,249.381,1768631.8862536
2021-06-04,249.984,250.795,245.309,245.477,245.477,1532840.1345897
2021-06-07,247.503,247.503,238.954,241.247,241.247,2661399.9299293
2021-06-08,240.98,241.465,237.976,239.606,239.606,1705798.6024995
2021-06-09,239.903,240.367,235.653,235.781,235.781,1984200.9199659
2021-06-10,236.571,237.946,232.589,233.498,233.498,1723300.7436766
2021-06-11,235.435,237.669,234.191,235.643,235.643,2040665.2818917
2021-06-14,234.458,235.307,232.392,233.439,233.439,1510347.065473
2021-06-15,234.011,234.071,229.842,232.935,232.935,2311484.5859977
2021-06-16,233.261,234.201,230.029,230.899,230.899,2094579.0398574
2021-06-17,231.245,231.403,227.38,230.612,230.612,2660464.0677067
2021-06-18,226.027,228.368,225.205,226.007,226.007,4356635.9361002
2021-06-21,226.964,230.79,226.51,230.404,230.404,2626978.4115105
2021-06-22,231.146,231.146,228.606,229.939,229.939,1864767.7007314
2021-06-23,229.199,229.861,226.717,226.945,226.945,1481961.6054542
2021-06-24,228.073,229.702,227.113,228.744,228.744,1789947.2865843
2021-06-25,229.9,232.202,228.24,231.008,231.008,3501070.6921947
2021-06-28,230.938,234.812,230.523,233.864,233.864,1913329.3385267
2021-06-29,234.121,236.265,230.375,230.612,230.612,1775162.686953
2021-06-30,230.414,231.868,230.385,230.978,230.978,1235143.8791935
2021-07-01,232.202,232.994,230.77,232.175,232.175,2592517.4351167
2021-07-02,232.372,232.648,230.543,231.907,231.907,1514248.3462626
2021-07-06,231.106,231.897,227.321,229.199,229.199,2823903.0462625
2021-07-07,228.606,230.306,227.113,229.861,229.861,2086255.4306623
2021-07-08,228.14,228.14,224.583,225.463,225.463,1434713.2099994
2021-07-09,227.893,229.1,226.737,228.862,228.862,2251617.7325533
2021-07-12,227.222,229.861,226.036,229.179,229.179,2454081.6599203
2021-07-13,229.307,231.066,228.053,229.505,229.505,2609197.029281
2021-07-14,230.276,230.731,228.082,229.949,229.949,1331172.4489193
2021-07-15,228.339,229.871,227.133,228.872,228.872,1690132.7747646
2021-07-16,229.861,229.861,227.054,227.825,227.825,1423574.931936
2021-07-19,225.225,226.421,219.394,221.785,221.785,1752403.5294422
2021-07-20,222.912,227.202,222.369,226.056,226.056,2630405.1848596
2021-07-21,227.607,229.1,226.619,227.568,227.568,1521527.83674
2021-07-22,228.043,228.457,225.304,226.273,226.273,939820.1609994
2021-07-23,227.983,228.101,226.134,226.896,226.896,1134503.7851318
2021-07-26,226.461,227.409,222.191,222.567,222.567,1719879.0290422
2021-07-27,221.163,223.11,218.88,222.992,222.992,3204978.0493637
2021-07-28,223.427,223.427,219.365,221.411,221.411,1962956.3416412
2021-07-29,222.735,224.038,221.785,223.061,223.061,1234620.8080917
2021-07-30,222.379,225.047,221.598,223.594,223.594,1829592.4338198
2021-08-02,224.088,224.908,222.625,223.456,223.456,1425704.6508318
2021-08-03,224.889,228.358,223.011,227.943,227.943,1485545.1989595
2021-08-04,226.797,227.489,224.87,225.532,225.532,1800983.3786105
2021-08-05,210.844,212.603,194.536,200.911,200.911,8171713.1916809
2021-08-06,201.831,205.714,200.09,203.925,203.925,4009151.8104614
2021-08-09,203.827,207.662,203.362,205.734,205.734,2414920.1258117
2021-08-10,205.962,206.455,203.954,205.536,205.536,2432951.4085482
2021-08-11,207.177,207.672,205.389,205.873,205.873,1349589.2057172
2021-08-12,204.568,206.11,203.876,204.291,204.291,1971727.1412172
2021-08-13,205.942,206.495,203.668,205.2,205.2,1192081.0642953
2021-08-16,203.727,206.06,202.947,205.487,205.487,1395845.0813445
2021-08-17,205.033,206.555,203.727,205.092,205.092,1579736.4435001
2021-08-18,204.044,204.578,200.13,200.317,200.317,3456533.7678281
2021-08-19,199.725,201.484,199.241,200.881,200.881,2719898.9069143
2021-08-20,201.385,203.55,200.407,202.196,202.196,1865845.2069661
2021-08-23,202.887,203.727,201.869,202.403,202.403,1233235.7320023
2021-08-24,204.786,208.018,204.114,206.435,206.435,1735440.647254
2021-08-25,205.922,208.008,203.896,205.962,205.962,1786244.3074116
2021-08-26,204.844,206.179,202.275,202.453,202.453,2126848.5810356
2021-08-27,203.293,206.14,202.75,205.27,205.27,1573629.5630941
2021-08-30,205.23,205.487,201.918,202.136,202.136,1586892.5013385
2021-08-31,201.681,209.005,201.385,206.208,206.208,2865611.1373595
2021-09-01,207.395,207.395,203.184,205.636,205.636,1640140.5324473
2021-09-02,206.08,213.947,206.08,212.593,212.593,2586522.8581774
2021-09-03,212.495,212.623,207.859,211.348,211.348,1686018.0162139
2021-09-07,211.497,213.74,210.072,211.744,211.744,1881195.3709027
2021-09-08,211.457,212.405,208.146,208.838,208.838,1776204.7821848
2021-09-09,208.481,210.736,207.879,209.421,209.421,1578534.4928834
2021-09-10,204.558,205.546,198.895,200.357,200.357,4538765.8537915
2021-09-13,200.584,207.385,199.843,204.666,204.666,2579574.2076424
2021-09-14,205.457,206.327,199.042,199.339,199.339,2346731.6866583
2021-09-15,198.865,204.192,198.855,202.205,202.205,2723987.3601483
2021-09-16,202.887,204.816,199.191,201.168,201.168,2579541.8318682
2021-09-17,200.772,203.075,199.675,201.267,201.267,3798137.6434801
2021-09-20,198.756,199.912,196.582,198.242,198.242,2224631.5130252
2021-09-21,199.595,200.901,197.689,198.104,198.104,1981241.5718566
2021-09-22,200.13,200.821,197.263,197.709,197.709,2283356.1086864
2021-09-23,198.064,200.259,197.352,198.173,198.173,2421643.1576703
2021-09-24,198.014,201.059,198.014,199.567,199.567,1750076.5206726
2021-09-27,198.795,203.876,198.795,202.235,202.235,2097607.1864867
2021-09-28,202.078,203.619,198.697,198.974,198.974,2037212.2032259
2021-09-29,199.378,201.554,198.885,199.605,199.605,1489028.6299136
2021-09-30,201.671,203.154,195.86,195.92,195.92,1669454.7724883
2021-10-01,196.739,199.458,194.654,198.311,198.311,1824830.1597853
2021-10-04,198.213,200.437,194.496,195.227,195.227,1790006.979418
2021-10-05,195.82,199.665,195.503,197.135,197.135,1561234.700295
2021-10-06,195.189,199.082,193.113,198.944,198.944,1955938.8925861
2021-10-07,200.447,202.977,200.268,200.377,200.377,1769008.2546286
2021-10-08,203.105,204.568,199.982,200.831,200.831,1510873.1718035
2021-10-11,200.515,203.114,199.251,199.605,199.605,1071158.5594483
2021-10-12,199.872,200.772,197.492,197.817,197.817,1398263.1469792
2021-10-13,197.175,197.719,193.073,195.247,195.247,2004836.4290385
2021-10-14,200.545,202.828,198.578,198.736,198.736,2586412.5781965
2021-10-15,199.813,203.658,199.685,201.821,201.821,1471089.4157849
2021-10-18,201.108,201.514,198.924,200.239,200.239,1422373.9930622
2021-10-19,201.554,202.74,200.239,202.255,202.255,1170124.2189386
2021-10-20,204.004,211.428,202.937,210.212,210.212,2868260.8921281
2021-10-21,208.868,211.724,208.798,211.655,211.655,1523966.1372335
2021-10-22,211.497,214.471,210.162,211.822,211.822,1443046.9366238
2021-10-25,212.248,213.493,210.854,211.051,211.051,1747141.4543939
2021-10-26,211.191,211.793,208.966,211.101,211.101,1472994.5277471
2021-10-27,211.101,211.921,208.748,208.878,208.878,1383736.5417983
2021-10-28,208.858,211.565,208.453,211.181,211.181,1399783.796623
2021-10-29,210.409,211.497,208.778,209.085,209.085,1531695.8533207
2021-11-01,209.292,212.92,209.252,211.555,211.555,1672030.6700219
2021-11-02,212.327,212.772,209.015,210.162,210.162,1741638.584525
2021-11-03,208.018,213.72,204.776,213.631,213.631,2991316.1510997
2021-11-04,220.451,221.964,206.179,208.64,208.64,3802822.0133079
2021-11-05,210.112,218.109,209.164,209.589,209.589,2576407.4522297
2021-11-08,210.439,214.976,209.213,213.543,213.543,2019311.4353291
2021-11-09,212.89,214.274,211.507,211.625,211.625,2013734.7082254
2021-11-10,212.011,216.221,211.901,213.227,213.227,2473069.0397383
2021-11-11,212.84,215.035,212.376,213.087,213.087,1158666.2301052
2021-11-12,213.819,215.173,212.772,213.117,213.117,1490850.7789545
2021-11-15,213.364,213.8,210.577,210.963,210.963,1584630.2441172
2021-11-16,211.575,217.071,210.973,213.147,213.147,1738185.5058593
2021-11-17,214.353,216.053,212.307,212.376,212.376,1483989.1383126
2021-11-18,212.574,215.589,212.04,214.126,214.126,1960384.4910793
2021-11-19,213.78,213.78,204.459,206.05,206.05,3045923.9647244
2021-11-22,206.594,210.389,206.367,207.069,207.069,2049137.6172993
2021-11-23,207.049,209.569,206.742,208.718,208.718,2494751.7027573
2021-11-24,207.869,210.232,204.746,206.12,206.12,1776290.7803349
2021-11-26,203.61,203.935,196.433,197.749,197.749,1940417.7440922
2021-11-29,198.825,200.555,194.693,195.376,195.376,3549964.1816754
2021-11-30,193.804,194.516,187.676,187.834,187.834,3622514.2446575
2021-12-01,191.314,197.215,188.289,190.602,190.602,2846210.9664206
2021-12-02,190.572,194.822,189.525,193.597,193.597,2274800.8103574
2021-12-03,194.585,197.422,193.884,195.623,195.623,2415064.8050526
2021-12-06,199.418,205.17,198.341,203.233,203.233,1875057.1264654
2021-12-07,203.59,206.01,203.263,204.588,204.588,2061737.8639159
2021-12-08,204.479,205.606,203.085,204.923,204.923,1486733.996918
2021-12-09,204.893,207.929,204.351,207.869,207.869,1543929.8489918
2021-12-10,209.322,211.961,208.521,211.447,211.447,2212614.030344
2021-12-13,211.457,213.087,209.421,211.655,211.655,1888424.2742331
2021-12-14,209.915,214.304,209.401,213.097,213.097,2648541.6888623
2021-12-15,213.513,215.312,210.172,213.928,213.928,2555417.8331268
2021-12-16,213.019,216.794,212.989,215.113,215.113,2097800.4293889
2021-12-17,215.093,217.496,212.554,216.053,216.053,4123825.7908903
2021-12-20,213.247,215.974,209.569,213.474,213.474,1874134.4169011
2021-12-21,212.485,218.049,212.485,216.656,216.656,1596587.0222217
2021-12-22,216.419,219.512,216.35,218.712,218.712,1565245.2493225
2021-12-23,219.819,223.258,218.653,222.221,222.221,1307408.6306657
2021-12-27,223.891,224.948,222.24,224.158,224.158,947969.75040814
2021-12-28,224.078,227.212,224.078,226.787,226.787,879078.14990909
2021-12-29,226.846,228.536,226.737,227.883,227.883,834975.26326522
2021-12-30,227.706,229.1,226.836,226.994,226.994,781021.03558189
2021-12-31,227.35,228.507,225.867,225.897,225.897,939074.50645014
2022-01-03,225.76,230.592,224.928,230.394,230.394,1458166.4231694
2022-01-04,230.306,233.093,229.09,229.505,229.505,1640752.6369281
2022-01-05,230.998,235.702,229.594,232.678,232.678,1585053.1526675
2022-01-06,229.03,231.323,222.408,223.841,223.841,2295724.6661689
2022-01-07,223.447,230.286,221.538,229.386,229.386,2083643.1103825
2022-01-10,230.286,232.165,226.391,229.89,229.89,1702812.9490736
2022-01-11,231.897,237.264,228.813,236.237,236.237,1958294.2301583
2022-01-12,236.187,236.928,232.242,234.902,234.902,1374943.4838777
2022-01-13,234.061,238.273,233.528,236.641,236.641,1157824.4599762
2022-01-14,235.722,238.41,235.01,238.233,238.233,1349722.7557856
2022-01-18,237.403,237.817,233.034,236.077,236.077,1469692.19878
2022-01-19,236.898,240.199,234.615,234.921,234.921,1476351.4908333
2022-01-20,234.525,240.703,233.874,236.484,236.484,1452786.9859395
2022-01-21,236.701,238.243,231.838,232.412,232.412,1811449.8593595
2022-01-24,230.069,232.974,224.622,232.579,232.579,2013060.8874252
2022-01-25,230.109,232.282,224.306,230.918,230.918,1583574.9962273
2022-01-26,231.531,235.07,226.994,230.216,230.216,1791164.4133452
2022-01-27,227.281,228.853,220.758,223.734,223.734,2377454.2728762
2022-01-28,223.961,230.651,222.339,229.653,229.653,2727162.2095045
2022-01-31,226.974,229.179,223.951,226.708,226.708,2665593.6044296
2022-02-01,225.73,226.174,219.859,222.24,222.24,2357211.3200657
2022-02-02,222.24,226.856,221.658,226.283,226.283,2077983.4203573
2022-02-03,221.341,221.341,213.74,214.027,214.027,3079521.9243875
2022-02-04,209.875,219.414,209.698,217.773,217.773,2070588.5911844
2022-02-07,214.61,222.912,214.461,220.827,220.827,1497612.2570449
2022-02-08,222.882,228.635,220.906,228.003,228.003,1640566.4762265
2022-02-09,228.942,230.099,226.688,228.606,228.606,1131040.5890368
2022-02-10,226.322,231.669,225.571,226.53,226.53,1380538.4223544
2022-02-11,226.263,229.643,223.09,223.801,223.801,1235566.7877438
2022-02-14,224.988,225.433,219.908,221.578,221.578,1496316.2143345
2022-02-15,223.239,226.007,222.487,224.691,224.691,1711259.9909077
2022-02-16,224.108,226.184,223.367,225.275,225.275,1262434.6333475
2022-02-17,223.791,226.124,222.448,223.417,223.417,1242985.8987474
2022-02-18,223.297,227.044,221.391,224.928,224.928,1361995.1976885
2022-02-22,223.654,225.61,221.735,224.029,224.029,1624739.7813636
2022-02-23,224.86,225.453,221.203,221.43,221.43,1622435.0309386
2022-02-24,217.348,221.222,214.966,220.778,220.778,3059691.7626976
2022-02-25,221.845,230.316,221.488,229.05,229.05,1894388.498884
2022-02-28,224.978,235.237,224.395,233.914,233.914,3423545.88916
2022-03-01,233.231,235.455,229.802,233.241,233.241,1571899.4826609
2022-03-02,235.109,238.015,234.002,236.601,236.601,1486454.7558657
2022-03-03,237.283,238.054,232.282,233.943,233.943,1306934.1232252
2022-03-04,230.513,238.006,228.704,237.699,237.699,1367942.2227097
2022-03-07,237.204,238.006,233.004,233.982,233.982,1762562.4403365
2022-03-08,232.352,233.972,226.342,226.441,226.441,1837420.2889725
2022-03-09,230.424,230.978,227.439,228.576,228.576,1313390.0549468
2022-03-10,226.362,227.365,222.872,226.797,226.797,2181481.688234
2022-03-11,228.319,229.307,223.811,224.227,224.227,1777767.9250322
2022-03-14,226.906,226.906,221.618,223.574,223.574,2007318.2344787
2022-03-15,225.561,231.531,225.294,230.375,230.375,1703716.4355221
2022-03-16,231.778,235.435,230.592,234.743,234.743,1554172.7345504
2022-03-17,232.165,240.061,232.165,239.576,239.576,2161758.7712961
2022-03-18,238.904,240.881,236.384,238.36,238.36,3514678.6347828
2022-03-21,237.689,243.135,237.386,240.683,240.683,1537529.5631321
2022-03-22,241.899,243.915,240.615,240.703,240.703,1579921.5924587
2022-03-23,239.636,240.773,235.712,235.732,235.732,1548301.59025
2022-03-24,236.197,240.095,235.732,239.29,239.29,1133885.6101934
2022-03-25,239.982,241.128,238.55,240.753,240.753,1342988.5947547
2022-03-28,241.168,241.168,238.568,240.833,240.833,1488101.8733775
2022-03-29,242.582,242.699,237.353,240.516,240.516,1252637.926427
2022-03-30,241.05,243.214,240.319,242.976,242.976,954464.12836154
2022-03-31,240.259,242.058,236.721,236.829,236.829,1805200.3231983
2022-04-01,239.389,244.963,237.981,243.392,243.392,1603335.3476539
2022-04-04,242.107,243.333,238.559,239.449,239.449,1421669.8199737
2022-04-05,237.976,246.081,237.976,242.245,242.245,1449949.0469834
2022-04-06,240.861,247.415,240.219,246.713,246.713,1389063.3683951
2022-04-07,246.584,253.196,245.774,252.169,252.169,1667345.2884513
2022-04-08,253.316,256.291,251.832,254.906,254.906,1510553.4610333
2022-04-11,254.946,256.438,250.514,251.17,251.17,1186677.3452349
2022-04-12,251.417,254.462,250.469,251.862,251.862,1115447.6067937
2022-04-13,252.929,256.359,251.842,255.984,255.984,1518182.0028263
2022-04-14,256.982,262.142,255.866,256.201,256.201,1397338.4139288
2022-04-18,255.105,258.494,254.808,255.954,255.954,1170609.8555515
2022-04-19,257.111,259.265,255.658,258.0,258.0,1519527.6209409
2022-04-20,259.424,266.708,258.425,265.749,265.749,1480327.6406006
2022-04-21,266.016,266.836,261.282,261.539,261.539,1145289.976651
2022-04-22,259.948,259.948,251.754,252.099,252.099,1276895.4752369
2022-04-25,252.209,252.209,243.915,251.407,251.407,1418649.7672877
2022-04-26,249.273,253.434,249.234,249.668,249.668,899527.49828022
2022-04-27,249.737,252.287,245.749,247.86,247.86,1222529.4681757
2022-04-28,249.964,251.784,246.861,251.29,251.29,928376.33656709
2022-04-29,249.658,250.736,243.204,243.915,243.915,1440558.0489832
2022-05-02,244.341,246.584,238.806,243.253,243.253,1515062.799332
2022-05-03,243.876,247.74,243.456,244.419,244.419,1128956.3985735
2022-05-04,245.26,253.726,243.046,252.702,252.702,1143952.4524799
2022-05-05,250.953,252.838,246.891,249.154,249.154,1647651.7120589
2022-05-06,252.832,264.405,252.079,263.802,263.802,2234120.6500909
2022-05-09,263.703,265.354,256.705,258.377,258.377,2254690.3958724
2022-05-10,258.978,261.37,255.629,257.625,257.625,1631847.2755407
2022-05-11,257.091,264.425,256.675,257.18,257.18,1427263.7467075
2022-05-12,256.418,257.704,251.319,257.012,257.012,1695092.3386728
2022-05-13,258.02,258.94,255.035,256.181,256.181,1537965.6243408
2022-05-16,260.787,266.308,259.265,263.397,263.397,1560852.2614624
2022-05-17,265.453,268.557,264.405,268.201,268.201,1453119.8493678
2022-05-18,266.441,266.865,252.959,254.581,254.581,2415309.646845
2022-05-19,252.495,256.142,250.193,253.898,253.898,1711877.1541032
2022-05-20,253.78,258.831,251.467,256.478,256.478,1642781.1815296
2022-05-23,259.226,262.676,258.322,260.313,260.313,1105094.4412544
2022-05-24,261.173,263.555,258.377,261.884,261.884,1399435.7570505
2022-05-25,262.27,263.441,260.378,262.666,262.666,1110366.6337322
2022-05-26,266.164,267.855,264.597,265.759,265.759,1715746.0591185
2022-05-27,264.999,269.801,263.199,269.238,269.238,1262789.7551207
2022-05-31,267.084,270.4,264.227,265.176,265.176,3598897.1291308
2022-06-01,268.141,268.428,259.102,261.509,261.509,2653662.1198985
2022-06-02,262.132,262.132,254.601,260.373,260.373,1675750.8488248
2022-06-03,259.769,260.253,250.746,251.023,251.023,2358776.486399
2022-06-06,253.216,256.725,251.565,255.322,255.322,1634039.7224989
2022-06-07,255.302,260.901,253.287,260.365,260.365,1805476.6765453
2022-06-08,257.625,260.683,256.999,258.876,258.876,1244684.4343199
2022-06-09,258.3,260.623,255.57,255.699,255.699,1109684.5842226
2022-06-10,251.391,254.22,250.04,251.44,251.44,1413278.6103898
2022-06-13,247.062,247.976,239.389,240.461,240.461,2258518.0571757
2022-06-14,240.381,244.571,238.356,243.915,243.915,2221637.7348816
2022-06-15,245.246,247.887,242.178,245.295,245.295,1655463.1878293
2022-06-16,245.484,246.706,238.426,246.486,246.486,1918205.8930823
2022-06-17,248.343,249.981,239.776,242.734,242.734,3851046.6588064
2022-06-21,247.177,252.929,243.062,250.338,250.338,2341701.512797
2022-06-22,250.984,257.129,248.42,254.031,254.031,1517370.7538244
2022-06-23,255.411,258.38,253.059,257.784,257.784,1787260.6521799
2022-06-24,259.56,263.859,254.041,263.194,263.194,3431268.1839188
2022-06-27,262.41,267.189,260.395,265.924,265.924,1649354.5790945
2022-06-28,266.5,269.418,262.826,264.266,264.266,1505889.913826
2022-06-29,266.232,267.909,262.906,265.387,265.387,1450226.4255574
2022-06-30,262.568,264.127,259.541,261.595,261.595,2044656.3100773
2022-07-01,261.834,266.986,258.746,266.073,266.073,1312354.6025868
2022-07-05,262.588,263.293,254.498,262.906,262.906,2349066.294865
2022-07-06,263.104,271.203,261.487,269.111,269.111,3283626.011984
2022-07-07,270.063,275.424,270.063,273.766,273.766,5058122.4522116
2022-07-08,273.597,279.434,272.674,277.151,277.151,2342340.176705
2022-07-11,275.166,279.85,274.778,277.866,277.866,1561914.0356576
2022-07-12,277.131,280.268,276.337,277.311,277.311,2618402.1472436
2022-07-13,274.838,277.479,271.463,271.751,271.751,1574913.9689893
2022-07-14,264.871,264.871,259.094,262.976,262.976,2277404.9808514
2022-07-15,267.056,272.376,265.338,272.108,272.108,1894461.4972234
2022-07-18,272.466,272.843,265.338,266.39,266.39,1608800.4282952
2022-07-19,268.227,274.362,268.108,272.595,272.595,2100112.2829435
2022-07-20,271.682,272.178,262.36,264.773,264.773,1681540.6209293
2022-07-21,262.856,265.795,261.536,264.405,264.405,1718490.4508096
2022-07-22,265.051,267.254,263.781,267.234,267.234,1800378.4462012
2022-07-25,268.277,272.913,268.277,270.639,270.639,1333215.9446531
2022-07-26,272.148,273.642,270.828,272.823,272.823,1744180.0517257
2022-07-27,272.009,274.58,268.068,272.723,272.723,1128332.76445
2022-07-28,273.399,273.737,268.614,271.224,271.224,1662811.8521962
2022-07-29,271.146,275.692,270.426,273.349,273.349,1850411.8199877
2022-08-01,271.979,274.901,270.143,271.414,271.414,1445188.6365925
2022-08-02,272.943,273.021,268.793,269.457,269.457,1425987.4177445
2022-08-03,270.123,271.8,269.299,269.755,269.755,3575147.8799919
2022-08-04,278.581,282.383,277.221,278.055,278.055,3681601.2666446
2022-08-05,276.526,280.596,276.251,279.712,279.712,2054841.689846
2022-08-08,279.94,281.777,278.68,279.712,279.712,2409555.0199145
2022-08-09,282.244,286.358,281.301,282.958,282.958,1703172.5905818
2022-08-10,284.954,287.133,283.614,284.973,284.973,1410684.6678613
2022-08-11,284.805,287.514,282.303,283.912,283.912,1858507.9427453
2022-08-12,284.06,289.262,284.06,288.795,288.795,4427793.4104551
2022-08-15,287.922,291.356,285.977,288.746,288.746,1065025.4564124
2022-08-16,288.915,291.059,287.118,288.488,288.488,1502699.616355
2022-08-17,286.522,291.238,285.441,289.471,289.471,1115834.4945666
2022-08-18,289.867,290.027,285.857,288.766,288.766,1858585.5091821
2022-08-19,289.243,291.814,288.612,290.84,290.84,1171109.143295
2022-08-22,288.468,290.513,288.27,289.371,289.371,1358677.8830406
2022-08-23,288.875,289.262,283.722,284.239,284.239,1264244.2720185
2022-08-24,284.596,287.486,283.742,286.651,286.651,1821660.8632099
2022-08-25,286.701,289.808,284.715,289.719,289.719,1453948.607166
2022-08-26,289.867,290.037,282.571,282.79,282.79,1736847.5050601
2022-08-29,281.797,287.178,279.991,285.093,285.093,1167188.512491
2022-08-30,285.579,286.403,281.536,282.988,282.988,1244848.6334003
2022-08-31,283.326,284.616,281.083,281.381,281.381,2470123.3261136
2022-09-01,282.76,286.324,281.439,285.937,285.937,1277101.1607524
2022-09-02,287.754,290.642,284.17,285.599,285.599,2050306.5716857
2022-09-06,285.599,289.227,282.809,284.274,284.274,1246901.1211462
2022-09-07,284.383,290.841,283.915,289.007,289.007,2684186.9257978
2022-09-08,288.778,290.452,285.918,289.715,289.715,1992139.0578183
2022-09-09,290.253,293.522,289.884,291.838,291.838,1367550.1005328
2022-09-12,291.758,295.271,290.971,293.143,293.143,3011713.0420748
2022-09-13,290.143,290.652,285.161,285.838,285.838,2283999.0897003
2022-09-14,287.772,288.3,280.666,283.108,283.108,2462755.9714398
2022-09-15,288.35,291.15,283.596,288.967,288.967,2377551.3173707
2022-09-16,288.967,290.104,286.376,289.356,289.356,4999837.3574987
2022-09-19,286.606,288.459,284.782,288.33,288.33,2049917.8335765
2022-09-20,288.569,289.396,284.712,287.094,287.094,1774608.4542943
2022-09-21,290.074,293.273,283.905,283.975,283.975,1808334.8993371
2022-09-22,283.785,284.383,280.407,281.932,281.932,1180048.2850351
2022-09-23,279.709,279.929,272.683,276.819,276.819,1898670.1152313
2022-09-26,276.052,277.646,272.2,275.853,275.853,2000905.063706
2022-09-27,278.115,281.384,275.195,276.67,276.67,2303243.9645769
2022-09-28,278.593,283.287,276.052,281.583,281.583,1567149.3252547
2022-09-29,280.726,280.726,276.749,279.6,279.6,1477317.8335999
2022-09-30,278.862,283.013,276.401,276.52,276.52,2335211.3885206
2022-10-03,279.789,287.621,278.374,286.237,286.237,2323052.7697772
2022-10-04,288.16,292.067,287.512,292.017,292.017,1844573.9449686
2022-10-05,291.04,294.15,290.044,293.024,293.024,1224666.0107447
2022-10-06,291.389,293.671,290.721,292.077,292.077,1678881.7835426
2022-10-07,288.37,289.889,285.39,287.393,287.393,1962789.5951109
2022-10-10,287.014,288.688,282.819,284.752,284.752,2901084.3620008
2022-10-11,283.526,292.824,283.152,289.954,289.954,1821839.1240667
2022-10-12,290.991,293.901,287.213,287.373,287.373,2340953.0421023
2022-10-13,284.622,298.096,283.875,296.621,296.621,2213079.3325884
2022-10-14,298.973,299.721,292.097,294.289,294.289,2510186.3247254
2022-10-17,293.99,296.133,288.29,288.928,288.928,2605098.2064683
2022-10-18,293.99,295.216,289.406,292.735,292.735,2229493.5180637
2022-10-19,293.243,295.276,289.187,292.077,292.077,1553750.4611728
2022-10-20,291.798,295.958,290.921,293.303,293.303,1514707.8188781
2022-10-21,292.216,301.25,290.911,300.309,300.309,1887704.5803937
2022-10-24,302.461,307.225,302.406,305.899,305.899,1881643.8345647
2022-10-25,307.195,310.543,303.807,309.856,309.856,1656605.5323168
2022-10-26,312.277,316.642,311.749,313.872,313.872,1776366.4719586
2022-10-27,314.829,318.406,312.945,315.496,315.496,1427451.1407658
2022-10-28,317.26,324.047,317.26,323.648,323.648,1424891.3787444
2022-10-31,321.247,323.035,320.2,321.954,321.954,1842199.818374
2022-11-01,322.094,325.203,319.523,324.007,324.007,1719485.7702926
2022-11-02,323.021,327.475,319.742,319.762,319.762,2198077.9832269
2022-11-03,320.13,327.386,316.294,323.13,323.13,2912558.6382516
2022-11-04,325.881,325.881,316.986,321.027,321.027,2238072.8850898
2022-11-07,322.891,326.249,320.38,323.26,323.26,1571957.7845283
2022-11-08,321.984,328.263,320.081,326.618,326.618,1353965.601024
2022-11-09,327.585,329.917,323.479,323.878,323.878,1282385.5838532
2022-11-10,327.924,327.924,314.55,322.233,322.233,2070180.1912793
2022-11-11,323.28,323.389,288.619,302.78,302.78,5513489.5802451
2022-11-14,305.381,311.46,303.777,305.8,305.8,1967375.2918723
2022-11-15,307.265,307.603,300.368,304.125,304.125,2128433.5916694
2022-11-16,305.102,308.351,304.086,305.64,305.64,1379717.7501888
2022-11-17,304.404,311.809,304.404,311.032,311.032,1621999.0750071
2022-11-18,314.041,321.167,314.041,318.117,318.117,1916297.4533071
2022-11-21,318.446,321.037,313.423,314.211,314.211,1937375.6034535
2022-11-22,316.543,320.26,316.373,318.257,318.257,1524556.5308502
2022-11-23,318.008,320.898,317.888,318.745,318.745,1548136.2438031
2022-11-25,320.968,323.001,318.855,322.791,322.791,924606.91360294
2022-11-28,321.934,325.926,317.883,318.416,318.416,1996686.6240595
2022-11-29,317.49,321.855,317.49,319.602,319.602,2138780.0072725
2022-11-30,319.602,327.794,318.038,327.764,327.764,4850584.4674165
2022-12-01,327.475,328.442,321.486,322.343,322.343,2188950.7408328
2022-12-02,321.536,326.977,321.466,326.08,326.08,1305741.5308592
2022-12-05,323.82,328.27,323.36,327.39,327.39,1476903.0
2022-12-06,327.8,331.945,325.99,329.64,329.64,1300564.0
2022-12-07,329.5,332.9,328.64,332.19,332.19,1951768.0
2022-12-08,333.41,335.646,332.19,333.5,333.5,1039471.0
2022-12-09,333.22,336.31,332.08,332.12,332.12,1323686.0
2022-12-12,332.29,339.51,332.29,339.3,339.3,1566520.0
2022-12-13,340.0,340.11,330.07,330.25,330.25,2003887.0
2022-12-14,332.49,336.0,330.67,334.68,334.68,1217935.0
2022-12-15,332.49,334.0,329.35,331.45,331.45,2013501.0
2022-12-16,327.95,329.605,321.595,327.29,327.29,3188385.0
2022-12-19,327.8,331.96,326.72,330.78,330.78,1041380.0
2022-12-20,330.62,333.48,329.37,329.54,329.54,983596.0
2022-12-21,332.2,333.77,327.38,333.16,333.16,1283228.0
2022-12-22,333.23,334.55,329.65,333.28,333.28,888530.0
2022-12-23,333.28,335.81,331.76,334.31,334.31,618863.0
2022-12-27,335.4,335.86,333.195,334.1,334.1,563718.0
2022-12-28,335.01,336.0,331.485,331.85,331.85,553458.0
2022-12-29,333.74,334.05,330.39,330.72,330.72,583566.0
2022-12-30,330.7,331.82,327.37,331.34,331.34,699695.0
2023-01-03,327.36,327.91,318.04,321.48,321.48,1560384.0
2023-01-04,321.07,322.23,307.1176,310.3,310.3,2482980.0
2023-01-05,308.93,309.1165,303.3,304.19,304.19,1949859.0
2023-01-06,305.36,305.36,299.51,302.68,302.68,3554030.0
2023-01-09,302.75,304.63,299.485,303.04,303.04,2531486.0
2023-01-10,303.42,306.935,302.26,303.79,303.79,1393343.0
2023-01-11,303.45,311.27,303.26,309.23,309.23,1608301.0
2023-01-12,308.58,311.99,306.82,310.22,310.22,1278562.0
2023-01-13,309.47,317.44,309.47,314.21,314.21,1524968.0
2023-01-17,314.78,318.2,313.695,315.0,315.0,1813021.0
2023-01-18,314.43,316.26,307.96,308.36,308.36,1105993.0
2023-01-19,309.5,313.75,309.24,310.66,310.66,1207636.0
2023-01-20,310.69,312.34,306.01,308.36,308.36,1118319.0
2023-01-23,308.37,312.44,307.605,308.17,308.17,1482031.0
2023-01-24,308.54,309.07,303.84,308.99,308.99,1296708.0
2023-01-25,309.0,315.4,307.47,313.59,313.59,1193302.0
2023-01-26,314.15,315.43,311.6,313.2,313.2,1051107.0
2023-01-27,313.2,314.32,307.59,308.3,308.3,1217052.0
2023-01-30,309.79,311.85,308.64,310.36,310.36,1551214.0
2023-01-31,313.25,317.01,311.23,316.67,316.67,1583467.0
2023-02-01,315.0,316.155,311.27,313.28,313.28,1253736.0
2023-02-02,310.0,310.16,299.44,301.53,301.53,2146002.0
2023-02-03,304.38,309.75,291.35,292.59,292.59,2842054.0
2023-02-06,293.82,294.75,286.61,288.44,288.44,2245571.0
2023-02-07,286.98,289.7,284.27,289.0,289.0,2078513.0
2023-02-08,287.95,292.595,286.5,290.2,290.2,2000205.0
2023-02-09,290.2,293.17,287.6,291.51,291.51,1781188.0
2023-02-10,293.61,296.78,292.82,296.51,296.51,1267601.0
2023-02-13,296.16,300.62,295.45,298.56,298.56,1232526.0
2023-02-14,298.6,302.09,298.37,299.36,299.36,1347552.0
2023-02-15,298.84,303.88,298.26,298.58,298.58,1760224.0
2023-02-16,297.3,302.8,296.925,299.43,299.43,1525481.0
2023-02-17,299.14,302.7,298.01,301.06,301.06,2116956.0
2023-02-21,300.33,301.315,293.66,293.98,293.98,1191986.0
2023-02-22,294.39,296.45,292.77,294.92,294.92,1865341.0
2023-02-23,295.47,299.84,293.62,294.65,294.65,2163289.0
2023-02-24,293.31,296.35,292.19,293.73,293.73,1473776.0
2023-02-27,294.06,298.47,293.7,296.36,296.36,1275177.0
2023-02-28,295.79,296.495,290.38,292.1,292.1,1753491.0
2023-03-01,288.92,292.0,286.88,288.75,288.75,1557050.0
2023-03-02,289.0,290.46,286.94,287.59,287.59,1498670.0
2023-03-03,289.11,289.2,284.75,286.97,286.97,2179023.0
2023-03-06,286.33,289.19,284.4,288.47,288.47,1316448.0
2023-03-07,288.43,288.695,279.68,281.72,281.72,1234650.0
2023-03-08,281.68,283.63,277.32,279.32,279.32,1317829.0
2023-03-09,281.19,281.4,270.91,271.93,271.93,1807363.0
2023-03-10,271.67,280.13,271.66,275.64,275.64,2599908.0
2023-03-13,272.97,277.22,272.66,273.05,273.05,1404353.0
2023-03-14,273.96,274.775,268.465,272.13,272.13,1731228.0
2023-03-15,268.93,270.69,267.17,270.36,270.36,1585164.0
2023-03-16,269.42,274.93,268.89,274.43,274.43,1473126.0
2023-03-17,274.85,274.85,267.17,269.45,269.45,3738093.0
2023-03-20,270.32,274.5,270.32,272.9,272.9,1626460.0
2023-03-21,274.73,277.58,274.13,276.62,276.62,1704915.0
2023-03-22,277.54,279.4671,270.25,270.44,270.44,1183927.0
2023-03-23,267.93,269.01,255.26,256.58,256.58,3386125.0
2023-03-24,254.99,261.05,251.7401,260.21,260.21,2216560.0
2023-03-27,263.59,265.79,259.85,261.78,261.78,1666836.0
2023-03-28,261.41,262.48,255.26,256.5,256.5,2127517.0
2023-03-29,256.78,257.355,252.0,254.03,254.03,3023143.0
2023-03-30,256.34,256.97,250.61,254.09,254.09,2834001.0
2023-03-31,255.74,256.0,253.405,255.53,255.53,1876861.0
2023-04-03,259.74,264.35,258.175,262.0,262.0,2168762.0
2023-04-04,261.02,261.82,256.105,256.54,256.54,1417424.0
2023-04-05,258.7,266.98,257.15,265.88,265.88,2695779.0
2023-04-06,267.73,269.26,264.55,265.29,265.29,1709129.0
2023-04-10,264.34,264.98,261.22,263.1,263.1,1199045.0
2023-04-11,265.19,267.83,263.68,266.48,266.48,1496166.0
2023-04-12,264.54,264.67,258.58,260.77,260.77,2293445.0
2023-04-13,261.84,265.96,260.72,263.81,263.81,2994390.0
2023-04-14,264.15,264.89,258.71,259.1,259.1,2823971.0
2023-04-17,260.0,260.585,256.34,258.67,258.67,2468207.0
2023-04-18,260.0,260.28,257.05,259.69,259.69,1367721.0
2023-04-19,256.34,256.56,251.1984,256.1,256.1,1960175.0
2023-04-20,256.46,257.655,255.48,255.78,255.78,1822472.0
2023-04-21,256.5,256.705,250.82,252.12,252.12,1449498.0
2023-04-24,253.51,256.6,252.12,256.1,256.1,1208751.0
2023-04-25,256.11,258.6,252.565,253.71,253.71,1606781.0
2023-04-26,252.15,253.98,247.03,248.17,248.17,1339127.0
2023-04-27,249.44,251.1,247.79,250.33,250.33,1138755.0
2023-04-28,249.62,253.82,249.22,253.29,253.29,1112096.0
2023-05-01,253.29,256.77,252.0,254.9,254.9,1133512.0
2023-05-02,252.99,254.45,247.635,250.42,250.42,1370661.0
2023-05-03,250.3,250.98,245.16,246.0,246.0,1540249.0
2023-05-04,243.59,244.51,241.06,243.69,243.69,1564004.0
2023-05-05,252.18,264.2,252.0,260.74,260.74,3768095.0
2023-05-08,259.06,266.19,257.51,264.69,264.69,2357871.0
2023-05-09,265.08,269.3634,262.63,262.79,262.79,2177682.0
2023-05-10,265.41,268.64,262.51,263.45,263.45,2772541.0
2023-05-11,262.64,262.98,258.7,260.0,260.0,1964342.0
2023-05-12,261.08,261.08,255.2732,256.57,256.57,1161460.0
2023-05-15,256.43,258.88,253.56,258.0,258.0,1979556.0
2023-05-16,258.87,260.06,255.28,255.48,255.48,1601276.0
2023-05-17,255.71,263.5,254.37,263.22,263.22,1639060.0
2023-05-18,260.92,260.92,253.6,256.49,256.49,1718898.0
2023-05-19,257.26,258.92,254.41,255.13,255.13,1079548.0
2023-05-22,256.56,257.63,251.83,255.52,255.52,1025572.0
2023-05-23,254.46,254.92,251.76,251.92,251.92,963905.0
2023-05-24,252.38,253.05,249.66,249.76,249.76,1013338.0
2023-05-25,247.86,248.84,243.435,247.07,247.07,1323209.0
2023-05-26,246.78,248.63,242.9,244.1,244.1,1683182.0
2023-05-30,241.55,245.565,240.5,242.64,242.64,1475375.0
2023-05-31,241.84,248.03,241.84,247.41,247.41,4134890.0
2023-06-01,248.86,255.99,248.86,253.39,253.39,1966476.0
2023-06-02,255.38,258.48,253.51,257.03,257.03,1282815.0
2023-06-05,257.56,263.3,257.56,262.74,262.74,1882166.0
2023-06-06,267.0,269.88,259.23,263.2,263.2,1606639.0
2023-06-07,261.99,262.55,255.24,261.79,261.79,1440131.0
2023-06-08,262.23,266.29,261.05,264.51,264.51,1285568.0
2023-06-09,264.0,267.815,262.6264,265.88,265.88,1275354.0
2023-06-12,265.34,268.33,265.34,266.99,266.99,1167777.0
2023-06-13,267.35,272.82,266.34,272.25,272.25,1837881.0
2023-06-14,260.08,266.01,255.5,263.77,263.77,3507733.0
2023-06-15,266.29,274.045,265.75,269.49,269.49,2514092.0
2023-06-16,271.81,272.805,266.85,268.83,268.83,2896300.0
2023-06-20,268.85,272.01,267.26,270.05,270.05,1347142.0
2023-06-21,269.91,276.25,269.57,273.83,273.83,1825214.0
2023-06-22,274.35,276.19,272.04,275.33,275.33,1300179.0
2023-06-23,275.41,276.62,273.61,274.85,274.85,2060356.0
2023-06-26,275.41,278.66,274.01,276.41,276.41,1396213.0
2023-06-27,273.22,276.44,273.13,275.8,275.8,1168880.0
2023-06-28,275.68,276.06,273.09,274.74,274.74,803789.0
2023-06-29,275.13,278.53,273.4,277.25,277.25,1164535.0
2023-06-30,277.64,282.1,276.46,280.6,280.6,1525041.0
2023-07-03,278.95,280.93,277.67,280.33,280.33,627694.0
2023-07-05,279.91,282.37,278.6,280.75,280.75,1279590.0
2023-07-06,279.78,281.34,277.74,279.0,279.0,1794955.0
2023-07-07,277.66,280.385,276.72,277.12,277.12,999715.0
2023-07-10,277.61,280.78,275.63,278.34,278.34,994689.0
2023-07-11,279.35,282.345,278.41,281.74,281.74,934331.0
2023-07-12,277.5,278.0,268.51,268.69,268.69,2350970.0
2023-07-13,269.13,271.98,267.51,270.06,270.06,1940962.0
2023-07-14,277.94,284.9,277.94,282.76,282.76,2063798.0
2023-07-17,281.14,283.82,279.71,281.16,281.16,1154895.0
2023-07-18,283.75,287.999,281.01,284.82,284.82,1301872.0
2023-07-19,295.21,297.42,291.075,292.66,292.66,2197461.0
2023-07-20,293.18,295.1,289.01,294.22,294.22,1516824.0
2023-07-21,294.63,296.83,293.02,293.77,293.77,1497108.0
2023-07-24,293.07,294.57,290.41,292.06,292.06,1638231.0
2023-07-25,291.75,295.34,290.03,294.69,294.69,1291541.0
2023-07-26,294.46,295.55,289.74,290.69,290.69,1416104.0
2023-07-27,291.45,293.48,290.45,292.75,292.75,1283366.0
2023-07-28,293.25,293.25,284.93,292.1,292.1,1397374.0
2023-07-31,292.84,295.48,290.06,295.1,295.1,1245078.0
2023-08-01,295.79,297.99,294.29,295.64,295.64,1498107.0
2023-08-02,299.23,303.33,297.81,299.4,299.4,2040333.0
2023-08-03,292.62,293.3,281.885,287.64,287.64,2410935.0
2023-08-04,287.75,290.44,285.69,286.58,286.58,1213174.0
2023-08-07,287.11,291.89,287.11,291.82,291.82,1142071.0
2023-08-08,290.44,294.0,288.27,292.15,292.15,1152865.0
2023-08-09,290.7,291.42,287.98,288.33,288.33,899863.0
2023-08-10,290.0,292.93,288.0101,288.91,288.91,1074744.0
2023-08-11,288.47,290.78,287.65,289.51,289.51,947939.0
2023-08-14,289.14,292.03,289.05,289.84,289.84,825139.0
2023-08-15,288.32,290.4499,287.685,289.29,289.29,869730.0
2023-08-16,288.91,292.525,288.79,288.96,288.96,993445.0
2023-08-17,269.97,277.85,265.56,270.53,270.53,4554968.0
2023-08-18,270.66,276.3,270.5,276.01,276.01,2103744.0
2023-08-21,276.86,281.59,276.01,281.26,281.26,1345232.0
2023-08-22,280.8,282.57,279.54,280.07,280.07,1044223.0
2023-08-23,280.9,282.855,280.44,281.83,281.83,1203449.0
2023-08-24,281.37,284.64,280.38,282.38,282.38,1340779.0
2023-08-25,283.35,284.615,279.02,279.23,279.23,1209436.0
2023-08-28,280.59,282.62,280.25,281.55,281.55,531891.0
2023-08-29,282.22,283.94,279.0,281.64,281.64,1117429.0
2023-08-30,282.94,284.55,282.01,282.67,282.67,744950.0
2023-08-31,282.65,282.99,276.13,276.26,276.26,1747492.0
2023-09-01,277.81,280.12,276.17,276.67,276.67,1118598.0
2023-09-05,276.45,280.99,276.15,278.75,278.75,1236337.0
2023-09-06,277.3,278.145,274.9,275.63,275.63,1004092.0
2023-09-07,276.73,282.8174,275.93,281.29,281.29,1029549.0
2023-09-08,280.47,284.19,279.38,281.48,281.48,1065206.0
2023-09-11,282.01,287.27,280.91,284.82,284.82,1191812.0
2023-09-12,283.34,288.39,281.0,286.53,286.53,970874.0
2023-09-13,287.41,287.82,282.5,285.21,285.21,1177920.0
2023-09-14,287.58,288.83,281.81,283.31,283.31,892738.0
2023-09-15,283.08,287.315,282.11,283.22,283.22,1595034.0
2023-09-18,285.0,286.2,282.82,285.34,285.34,626522.0
2023-09-19,284.66,286.63,283.56,284.64,284.64,735721.0
2023-09-20,285.81,288.9,284.29,287.33,287.33,768039.0
2023-09-21,287.3,292.48,286.09,290.84,290.84,1696188.0
2023-09-22,289.37,292.19,288.8,289.44,289.44,1170952.0
2023-09-25,289.44,294.36,289.1901,294.34,294.34,806585.0
2023-09-26,293.7,293.8051,287.97,288.47,288.47,1051365.0
2023-09-27,289.15,291.26,286.2,288.61,288.61,1217334.0
2023-09-28,289.41,293.56,289.41,290.32,290.32,1016998.0
2023-09-29,288.33,288.87,285.27,286.07,286.07,1358470.0
2023-10-02,285.71,288.18,283.57,287.54,287.54,978609.0
2023-10-03,286.11,286.885,283.75,284.41,284.41,989110.0
2023-10-04,284.35,285.56,281.695,285.08,285.08,992930.0
2023-10-05,285.3,288.06,283.05,285.35,285.35,1095384.0
2023-10-06,285.92,289.31,285.1175,288.23,288.23,1051166.0
2023-10-09,287.18,290.35,286.99,289.67,289.67,762165.0
2023-10-10,289.22,292.42,288.32,291.76,291.76,1071030.0
2023-10-11,291.18,294.77,289.82,294.45,294.45,1220580.0
2023-10-12,295.0,298.31,292.36,295.8,295.8,1527590.0
2023-10-13,299.9,307.31,299.9,305.09,305.09,2387924.0
2023-10-16,306.99,312.71,305.97,312.13,312.13,2282988.0
2023-10-17,314.0,316.14,309.807,310.6,310.6,1183392.0
2023-10-18,313.57,315.0,309.9,311.94,311.94,1049408.0
2023-10-19,311.29,313.537,306.83,310.17,310.17,1190353.0
2023-10-20,310.44,312.02,306.04,306.78,306.78,1263136.0
2023-10-23,306.41,306.7,300.175,301.05,301.05,1595064.0
2023-10-24,303.1,307.8,302.51,304.64,304.64,864427.0
2023-10-25,305.14,305.66,300.41,303.89,303.89,1144605.0
2023-10-26,302.08,305.73,301.5979,304.22,304.22,968986.0
2023-10-27,303.24,304.21,301.3865,303.24,303.24,1269800.0
2023-10-30,303.97,306.46,301.78,305.22,305.22,1725228.0
2023-10-31,307.2,310.09,306.15,309.2,309.2,1592539.0
2023-11-01,307.75,311.84,305.65,309.41,309.41,1755410.0
2023-11-02,306.31,319.92,306.31,318.89,318.89,2231573.0
2023-11-03,317.71,319.25,310.48,310.65,310.65,1580423.0
2023-11-06,311.19,315.34,302.23,306.84,306.84,2272612.0
2023-11-07,307.71,307.7975,293.3,295.03,295.03,3558072.0
2023-11-08,296.48,298.68,293.91,295.35,295.35,1565745.0
2023-11-09,295.55,296.84,288.51,288.91,288.91,1389668.0
2023-11-10,289.24,294.0,286.46,293.21,293.21,1224704.0
2023-11-13,293.73,295.99,291.72,294.12,294.12,1002933.0
2023-11-14,293.19,294.61,285.29,290.08,290.08,2766769.0
2023-11-15,289.96,290.79,281.035,282.98,282.98,2401916.0
2023-11-16,282.6,284.5,280.1,282.24,282.24,1774317.0
2023-11-17,282.97,282.97,277.0563,282.56,282.56,1517505.0
2023-11-20,281.38,285.83,281.38,284.3,284.3,1394884.0
2023-11-21,285.21,286.89,280.72,286.49,286.49,1274465.0
2023-11-22,286.59,289.16,285.95,288.31,288.31,905931.0
2023-11-24,288.5,290.78,287.33,287.85,287.85,416247.0
2023-11-27,287.97,289.6566,285.01,286.26,286.26,1220239.0
2023-11-28,287.03,289.04,285.35,286.08,286.08,1437048.0
2023-11-29,283.15,287.6,262.51,262.87,262.87,7568667.0
2023-11-30,263.89,266.91,259.42,262.88,262.88,7046791.0
2023-12-01,263.96,273.13,263.7901,269.02,269.02,3401904.0
2023-12-04,268.25,269.88,261.1,262.91,262.91,3027834.0
2023-12-05,262.29,262.71,257.13,257.78,257.78,3120987.0
2023-12-06,258.7,259.99,255.77,257.49,257.49,2034955.0
2023-12-07,257.55,258.5,255.825,257.94,257.94,2919733.0
2023-12-08,259.47,259.7,253.95,258.8,258.8,2781362.0
2023-12-11,298.82,303.6898,291.43,301.97,301.97,9029490.0
2023-12-12,301.97,301.97,296.32,296.71,296.71,2933261.0
2023-12-13,296.97,298.3,293.38,297.18,297.18,2443794.0
2023-12-14,293.49,300.0,290.39,298.64,298.64,2817466.0
2023-12-15,297.02,297.5699,288.93,290.5,290.5,4357021.0
2023-12-18,291.49,293.76,288.875,292.07,292.07,1364725.0
2023-12-19,291.65,294.4,290.09,294.32,294.32,1182008.0
2023-12-20,297.0,299.39,294.56,295.85,295.85,2105512.0
2023-12-21,297.0,299.28,295.92,297.24,297.24,1089785.0
2023-12-22,297.41,299.7539,297.17,298.09,298.09,1167473.0
2023-12-26,297.24,300.85,296.08,300.12,300.12,752499.0
2023-12-27,299.77,300.98,297.95,299.14,299.14,992160.0
2023-12-28,299.65,301.63,299.29,299.4,299.4,825804.0
2023-12-29,300.01,300.735,298.0,299.45,299.45,1187021.0
2024-01-02,301.29,311.01,300.32,310.1,310.1,2881950.0
2024-01-03,313.27,313.877,303.06,303.66,303.66,3004595.0
2024-01-04,305.09,308.91,304.31,306.22,306.22,1769806.0
2024-01-05,307.46,313.77,306.845,313.59,313.59,2341061.0
2024-01-08,314.0,314.9,308.75,313.63,313.63,1597909.0
2024-01-09,313.7,313.78,308.145,312.87,312.87,1215502.0
2024-01-10,312.39,312.39,305.9,307.72,307.72,1151698.0
2024-01-11,307.54,307.785,304.83,307.39,307.39,1226828.0
2024-01-12,303.0,306.7,301.53,305.01,305.01,1344442.0
2024-01-16,305.58,308.355,303.0,306.94,306.94,1143968.0
2024-01-17,308.23,312.71,307.73,308.48,308.48,1356532.0
2024-01-18,301.62,309.46,299.27,309.08,309.08,2249374.0
2024-01-19,309.84,311.05,301.0,302.06,302.06,1760590.0
2024-01-22,302.16,306.89,301.05,305.03,305.03,1234349.0
2024-01-23,304.95,307.835,303.25,304.4,304.4,1032484.0
2024-01-24,307.44,309.59,303.6,304.5,304.5,1697285.0
2024-01-25,297.0,301.24,291.4401,298.57,298.57,2464258.0
2024-01-26,299.59,301.69,297.54,297.82,297.82,1157596.0
2024-01-29,297.0,298.98,295.6,298.88,298.88,1219236.0
2024-01-30,299.77,300.97,296.955,298.95,298.95,1080033.0
2024-01-31,300.14,303.06,295.54,300.95,300.95,2463538.0
2024-02-01,303.63,309.065,301.73,307.32,307.32,2981893.0
2024-02-02,315.84,328.37,315.05,323.84,323.84,3376579.0
2024-02-05,327.36,330.81,321.0,321.27,321.27,2305477.0
2024-02-06,322.0,329.27,321.52,327.58,327.58,1857980.0
2024-02-07,329.48,333.86,328.755,330.55,330.55,1809975.0
2024-02-08,330.51,333.5,329.91,332.29,332.29,1417040.0
2024-02-09,331.61,335.83,330.67,334.93,334.93,1508331.0
2024-02-12,334.53,337.88,333.16,337.25,337.25,1021076.0
2024-02-13,337.0,341.96,336.08,337.42,337.42,1140821.0
2024-02-14,338.9,340.06,335.63,338.61,338.61,1198366.0
2024-02-15,342.0,342.05,337.4,339.2,339.2,1572277.0
2024-02-16,340.18,342.74,338.54,341.09,341.09,1282607.0
2024-02-20,340.44,344.42,340.04,341.35,341.35,1624923.0
2024-02-21,342.03,344.375,339.71,343.38,343.38,1396187.0
2024-02-22,344.06,344.19,341.21,342.16,342.16,1373983.0
2024-02-23,343.16,345.66,341.38,344.24,344.24,998845.0
2024-02-26,344.74,347.135,342.14,342.31,342.31,2311185.0
2024-02-27,342.0,345.24,340.55,340.74,340.74,1697099.0
2024-02-28,340.44,340.44,332.51,335.13,335.13,1981188.0
2024-02-29,335.06,336.72,331.015,336.14,336.14,2184997.0
2024-03-01,336.0,336.0,330.71,332.96,332.96,1473261.0
2024-03-04,332.62,338.74,331.78,336.8,336.8,1294105.0
2024-03-05,336.21,336.97,332.01,332.73,332.73,1468188.0
2024-03-06,333.43,340.84,333.43,339.82,339.82,2449796.0
2024-03-07,343.76,347.99,338.73,342.74,342.74,2072799.0
2024-03-08,342.03,345.8499,340.855,341.79,341.79,1485394.0
2024-03-11,340.87,344.43,339.62,342.27,342.27,1326493.0
2024-03-12,342.08,345.05,341.0,343.94,343.94,1313492.0
2024-03-13,345.8,349.1273,344.44,348.72,348.72,1584250.0
2024-03-14,348.51,350.215,347.39,349.51,349.51,1527864.0
2024-03-15,346.03,353.1,345.85,352.05,352.05,3818806.0
2024-03-18,350.51,354.155,349.932,352.63,352.63,1499138.0
2024-03-19,353.98,354.43,351.31,352.37,352.37,1134633.0
2024-03-20,351.55,354.775,351.08,353.83,353.83,1049410.0
2024-03-21,354.11,355.35,352.71,353.72,353.72,1290842.0
2024-03-22,353.67,355.77,351.325,351.78,351.78,1102279.0
2024-03-25,353.08,355.8078,352.295,355.55,355.55,1033993.0
2024-03-26,355.04,359.83,354.54,357.73,357.73,1205133.0
2024-03-27,359.99,364.71,359.445,363.34,363.34,1467557.0
2024-03-28,363.95,365.71,363.15,363.19,363.19,1162695.0
2024-04-01,362.69,364.35,359.931,364.08,364.08,1036780.0
2024-04-02,359.95,364.65,359.09,363.09,363.09,2054851.0
2024-04-03,364.37,364.52,360.33,361.07,361.07,1567480.0
2024-04-04,364.11,364.14,359.8327,360.37,360.37,1147920.0
2024-04-05,360.84,364.26,359.37,362.45,362.45,992542.0
2024-04-08,360.89,361.87,357.335,357.98,357.98,1612544.0
2024-04-09,359.47,360.46,356.38,357.48,357.48,1129195.0
2024-04-10,356.25,359.72,355.51,357.84,357.84,1005709.0
2024-04-11,357.39,358.34,352.65,353.08,353.08,1081147.0
2024-04-12,351.78,353.33,348.5,349.84,349.84,1442009.0
2024-04-15,354.12,355.12,347.46,348.9,348.9,1356979.0
2024-04-16,356.13,356.13,346.44,346.85,346.85,1799903.0
2024-04-17,346.86,349.93,345.78,346.08,346.08,1426524.0
2024-04-18,349.71,353.3833,347.0,348.78,348.78,1621669.0
2024-04-19,351.28,352.8,348.02,352.38,352.38,1305065.0
2024-04-22,352.75,356.385,352.645,353.18,353.18,1404009.0
2024-04-23,354.0,357.21,351.89,352.65,352.65,1188492.0
2024-04-24,351.04,353.99,350.06,352.28,352.28,1120735.0
2024-04-25,352.56,355.86,352.365,354.51,354.51,922193.0
2024-04-26,352.5,355.15,351.415,354.47,354.47,830527.0
2024-04-29,354.02,358.23,354.02,356.44,356.44,1144263.0
2024-04-30,356.59,357.95,355.7,357.04,357.04,1216228.0
2024-05-01,349.97,359.36,348.43,357.18,357.18,1904491.0
2024-05-02,360.0,361.71,342.6841,344.5,344.5,3108825.0
2024-05-03,342.29,343.65,334.715,341.5,341.5,2413548.0
2024-05-06,342.46,344.38,339.445,342.41,342.41,1339270.0
2024-05-07,343.5,347.06,343.2,346.7,346.7,1567974.0
2024-05-08,348.59,348.79,345.44,347.35,347.35,1355254.0
2024-05-09,347.6,351.3,346.47,350.97,350.97,1388775.0
2024-05-10,351.6,352.02,347.35,348.39,348.39,1675308.0
2024-05-13,347.7,349.97,346.84,349.14,349.14,1361062.0
2024-05-14,348.47,351.15,345.65,346.42,346.42,1852987.0
2024-05-15,345.0,345.615,342.08,343.28,343.28,2244544.0
2024-05-16,343.91,344.8,338.16,339.26,339.26,2275031.0
2024-05-17,338.71,339.36,334.23,338.71,338.71,2010294.0
2024-05-20,338.55,338.6,332.23,333.37,333.37,1306751.0
2024-05-21,334.99,338.81,333.955,336.38,336.38,1176040.0
2024-05-22,335.43,337.38,334.17,336.47,336.47,968784.0
2024-05-23,335.72,339.43,335.48,337.83,337.83,1510860.0
2024-05-24,338.92,338.92,331.05,332.61,332.61,1311594.0
2024-05-28,332.87,335.65,331.62,333.21,333.21,1445841.0
2024-05-29,331.32,334.32,329.31,332.92,332.92,2931143.0
2024-05-30,331.54,334.7,330.63,331.0,331.0,3686558.0
2024-05-31,332.98,344.67,331.53,344.62,344.62,3915510.0
2024-06-03,340.61,344.73,339.22,341.49,341.49,1500548.0
2024-06-04,338.25,338.25,331.27,337.06,337.06,1654853.0
2024-06-05,337.62,338.58,329.52,334.18,334.18,1552024.0
2024-06-06,334.14,339.49,333.43,337.91,337.91,1632273.0
2024-06-07,338.44,341.4,336.92,338.1,338.1,1208098.0
2024-06-10,337.51,339.56,336.2,338.65,338.65,1002682.0
2024-06-11,337.81,339.67,335.77,337.94,337.94,896521.0
2024-06-12,338.08,339.0,333.94,336.05,336.05,1249626.0
2024-06-13,334.38,337.63,329.5,334.15,334.15,1177567.0
2024-06-14,332.49,334.81,328.61,333.29,333.29,907518.0
2024-06-17,331.38,334.11,329.28,333.9,333.9,1157006.0
2024-06-18,335.56,337.55,333.445,334.8,334.8,1206235.0
2024-06-20,334.8,338.15,331.35,337.88,337.88,1692630.0
2024-06-21,334.83,340.0,334.61,339.98,339.98,4076118.0
2024-06-24,342.16,345.955,340.11,343.14,343.14,1276146.0
2024-06-25,343.98,344.37,337.31,338.8,338.8,1268078.0
2024-06-26,338.59,338.59,332.91,337.58,337.58,1491555.0
2024-06-27,336.95,336.95,331.405,334.15,334.15,1300760.0
2024-06-28,339.5,340.0,328.26,330.57,330.57,2645258.0
2024-07-01,330.58,335.0,325.83,326.27,326.27,1386265.0
2024-07-02,326.96,327.335,324.22,325.91,325.91,1056374.0
2024-07-03,327.42,327.89,321.69,325.43,325.43,900742.0
2024-07-05,324.53,325.01,316.55,319.12,319.12,1611976.0
2024-07-08,320.09,324.02,318.015,323.78,323.78,1753494.0
2024-07-09,322.2,328.69,319.67,328.37,328.37,1379456.0
2024-07-10,329.51,332.81,323.27,329.91,329.91,1981992.0
2024-07-11,327.01,333.84,327.01,333.56,333.56,1144007.0
2024-07-12,333.56,335.61,330.53,334.79,334.79,820208.0
2024-07-15,336.6,338.77,330.5501,331.42,331.42,1266462.0
2024-07-16,333.83,342.46,333.83,339.71,339.71,1166652.0
2024-07-17,339.59,345.49,339.39,344.76,344.76,1441943.0
2024-07-18,343.06,347.37,340.46,340.52,340.52,1028831.0
2024-07-19,343.67,343.67,335.53,335.84,335.84,1169194.0
2024-07-22,335.76,338.08,334.59,335.79,335.79,756286.0
2024-07-23,336.05,337.31,333.79,336.17,336.17,603380.0
2024-07-24,337.67,342.71,334.93,342.21,342.21,1029808.0
2024-07-25,343.99,349.27,340.45,341.15,341.15,775038.0
2024-07-26,342.69,346.66,342.49,343.64,343.64,1135664.0
2024-07-29,343.65,348.46,343.075,346.54,346.54,1021540.0
2024-07-30,346.01,355.56,346.01,352.77,352.77,909724.0
2024-07-31,349.25,353.9999,347.62,348.67,348.67,1466143.0
2024-08-01,336.0,339.15,324.55,332.6,332.6,2495507.0
2024-08-02,333.27,338.7,321.51,337.33,337.33,3193740.0
2024-08-05,337.71,339.68,321.36,325.71,325.71,2507392.0
2024-08-06,323.69,329.91,323.145,329.29,329.29,2441879.0
2024-08-07,329.9,335.39,325.75,329.01,329.01,1933697.0
2024-08-08,329.06,337.27,328.275,335.02,335.02,1164913.0
2024-08-09,333.8,338.0,333.075,336.14,336.14,969003.0
2024-08-12,330.96,331.78,326.46,328.1,328.1,1720518.0
2024-08-13,328.74,333.38,328.455,332.72,332.72,1057580.0
2024-08-14,335.0,337.0999,332.75,334.9,334.9,621091.0
2024-08-15,337.48,337.99,332.9,336.7,336.7,1003065.0
2024-08-16,336.82,342.91,335.74,342.32,342.32,865340.0
2024-08-19,342.68,343.7,341.26,342.33,342.33,907568.0
2024-08-20,341.7,344.4,339.68,342.6,342.6,900770.0
2024-08-21,343.99,345.0,340.215,342.4,342.4,694537.0
2024-08-22,343.19,346.82,338.8244,346.47,346.47,733990.0
2024-08-23,347.5,354.49,346.15,353.99,353.99,1425818.0
2024-08-26,354.69,356.835,352.25,353.94,353.94,1361100.0
2024-08-27,354.75,355.51,352.385,353.89,353.89,1058167.0
2024-08-28,356.51,359.82,354.052,357.93,357.93,1314617.0
2024-08-29,360.09,361.71,355.12,361.06,361.06,1024703.0
2024-08-30,360.72,362.515,359.92,361.81,361.81,1148195.0
2024-09-03,362.28,367.0799,360.71,365.48,365.48,1433539.0
2024-09-04,366.4,370.6399,364.0096,366.64,366.64,1194436.0
2024-09-05,362.06,364.41,348.8,355.12,355.12,2528316.0
2024-09-06,357.46,359.46,352.99,353.49,353.49,2363544.0
2024-09-09,356.55,359.32,351.45,357.61,357.61,1102418.0
2024-09-10,358.51,360.61,355.65,358.1,358.1,868399.0
2024-09-11,356.85,358.21,350.43,357.78,357.78,748689.0
2024-09-12,357.26,362.66,355.16,362.17,362.17,962242.0
2024-09-13,362.17,368.16,360.765,364.72,364.72,882661.0
2024-09-16,367.51,370.825,365.58,366.85,366.85,668049.0
2024-09-17,364.66,366.9055,354.64,356.23,356.23,863318.0
2024-09-18,356.23,362.25,354.855,355.39,355.39,824419.0
2024-09-19,357.16,358.83,354.77,357.26,357.26,753277.0
2024-09-20,356.75,358.91,352.01,356.14,356.14,2900933.0
2024-09-23,357.03,358.7112,354.59,354.94,354.94,807831.0
2024-09-24,354.39,355.44,350.0,353.17,353.17,968058.0
2024-09-25,354.99,355.34,347.735,348.86,348.86,892513.0
2024-09-26,344.82,346.52,342.01,344.99,344.99,1663131.0
2024-09-27,345.53,351.11,344.99,347.7,347.7,1379580.0
2024-09-30,348.19,349.68,343.99,346.44,346.44,1294763.0
2024-10-01,345.98,351.63,344.585,348.09,348.09,1005826.0
2024-10-02,348.46,348.91,339.81,340.71,340.71,1627864.0
2024-10-03,340.92,342.295,337.48,340.56,340.56,1145932.0
2024-10-04,341.18,342.21,339.32,341.7,341.7,720032.0
2024-10-07,339.98,342.9,338.69,340.27,340.27,851903.0
2024-10-08,341.72,345.13,339.2706,343.93,343.93,1127736.0
2024-10-09,344.3,347.63,342.62,346.72,346.72,846650.0
2024-10-10,347.53,350.93,346.19,350.5,350.5,800612.0
2024-10-11,351.37,354.99,349.69,350.3,350.3,786700.0
2024-10-14,350.13,352.2,348.36,351.45,351.45,952477.0
2024-10-15,348.5,355.0,344.15,348.84,348.84,1317766.0
2024-10-16,348.84,358.88,348.84,358.58,358.58,970346.0
2024-10-17,351.41,358.72,350.0,353.12,353.12,1614441.0
2024-10-18,353.55,353.55,335.96,336.0,336.0,2712344.0
2024-10-21,333.32,333.32,318.235,320.23,320.23,4638585.0
2024-10-22,320.18,322.29,315.09,317.46,317.46,2636374.0
2024-10-23,316.86,320.73,315.0,317.57,317.57,1352849.0
2024-10-24,318.67,322.44,318.05,318.24,318.24,1646767.0
2024-10-25,319.07,321.34,315.51,316.85,316.85,1390535.0
2024-10-28,317.26,318.25,313.595,314.92,314.92,1545549.0
2024-10-29,314.83,315.11,307.86,308.23,308.23,2556345.0
2024-10-30,308.0,316.53,308.0,312.89,312.89,2412074.0
2024-10-31,333.38,342.39,313.95,314.81,314.81,3506849.0
2024-11-01,313.3,318.75,306.66,316.49,316.49,2810769.0
2024-11-04,316.72,317.975,311.4,312.32,312.32,1695664.0
2024-11-05,312.24,318.79,311.26,318.39,318.39,2046365.0
2024-11-06,324.84,326.04,308.58,315.22,315.22,2655277.0
2024-11-07,316.5,321.49,314.675,319.49,319.49,1752683.0
2024-11-08,319.69,321.75,317.48,319.77,319.77,1315168.0
2024-11-11,344.94,347.6224,339.72,343.06,343.06,2585840.0
2024-11-12,343.0,346.73,339.48,339.87,339.87,2244581.0
2024-11-13,340.22,340.7,331.06,332.04,332.04,1675469.0
2024-11-14,331.5,332.015,322.73,323.88,323.88,1826974.0
2024-11-15,322.0724,324.77,316.77,321.52,321.52,1650180.0
2024-11-18,321.25,323.65,320.55,322.45,322.45,1194622.0
2024-11-19,321.02,327.09,319.18,322.5,322.5,1322790.0
2024-11-20,323.205,324.39,319.4395,323.39,323.39,1527324.0
2024-11-21,323.515,331.07,322.21,330.07,330.07,1520437.0
2024-11-22,329.655,330.94,325.47,328.45,328.45,1475200.0
2024-11-25,330.43,335.14,330.07,333.01,333.01,2588568.0
2024-11-26,333.62,335.23,329.67,335.0,335.0,1695335.0
2024-11-27,335.16,340.14,333.79,336.5,336.5,1770192.0
2024-11-29,335.01,339.6,335.01,337.8,337.8,900380.0
2024-12-02,337.56,338.78,334.89,337.06,337.06,1107929.0
2024-12-03,338.0,339.305,334.13,334.9,334.9,1524659.0
2024-12-04,333.3,336.545,329.84,330.12,330.12,1523741.0
2024-12-05,329.01,330.26,321.89,322.61,322.61,1460391.0
2024-12-06,323.25,323.915,315.1,317.81,317.81,1746122.0
2024-12-09,319.23,320.11,313.07,319.15,319.15,2146091.0
2024-12-10,318.9,319.53,310.59,311.37,311.37,2610470.0
2024-12-11,308.6,309.835,293.62,294.03,294.03,4301004.0
2024-12-12,293.0,296.83,282.27,282.96,282.96,4474066.0
2024-12-13,282.385,286.0,279.88,281.86,281.86,3277306.0
2024-12-16,281.915,283.7,271.88,273.26,273.26,4009271.0
2024-12-17,264.095,270.678,262.0303,265.59,265.59,4483128.0
2024-12-18,276.8599,284.29,272.24,282.41,282.41,4913398.0
2024-12-19,280.87,284.675,270.22,274.8,274.8,3826881.0
2024-12-20,276.68,280.37,273.26,276.92,276.92,3481214.0
2024-12-23,275.0,282.3,273.11,281.63,281.63,1945416.0
2024-12-24,279.2,280.75,277.03,280.06,280.06,669265.0
2024-12-26,279.72,281.87,278.13,281.58,281.58,1090241.0
2024-12-27,280.0,282.78,276.6,278.71,278.71,976968.0
2024-12-30,277.06,277.71,273.5814,275.14,275.14,1271115.0
2024-12-31,276.04,277.99,273.85,276.14,276.14,1222384.0
2025-01-02,278.675,278.99,274.05,274.49,274.49,1020311.0
2025-01-03,274.61,282.02,273.73,280.7,280.7,1333151.0
2025-01-06,278.54,284.25,278.01,279.66,279.66,1373729.0
2025-01-07,280.97,282.94,278.19,279.93,279.93,1033470.0
2025-01-08,279.01,279.58,276.0,279.32,279.32,1013335.0
2025-01-10,275.56,281.6896,275.0,278.99,278.99,1527171.0
2025-01-13,281.06,282.7,279.7,282.45,282.45,1892529.0
2025-01-14,280.85,285.7,280.85,285.03,285.03,2173540.0
2025-01-15,284.36,285.2375,280.15,284.58,284.58,1711969.0
2025-01-16,281.0,281.6447,275.46,280.97,280.97,2013297.0
2025-01-17,280.94,286.39,279.47,283.99,283.99,1899951.0
2025-01-21,283.99,288.6,283.0,288.59,288.59,1634384.0
2025-01-22,288.23,290.795,285.685,289.04,289.04,1383996.0
2025-01-23,291.45,296.6,288.67,294.99,294.99,1693119.0
2025-01-24,294.55,298.0,293.28,293.64,293.64,1398100.0
2025-01-27,295.0,306.43,294.75,305.72,305.72,1918097.0
2025-01-28,306.0,308.64,301.14,302.82,302.82,1610316.0
2025-01-29,303.29,305.76,301.47,303.31,303.31,1793785.0
2025-01-30,275.0,282.99,268.99,282.98,282.98,5487862.0
2025-01-31,284.44,299.72,282.03,294.21,294.21,3531997.0
2025-02-03,292.015,302.335,290.74,292.46,292.46,1966351.0
2025-02-04,290.18,296.0,286.7,291.46,291.46,1836864.0
2025-02-05,290.31,293.83,288.86,293.31,293.31,1781814.0
2025-02-06,289.5,291.18,286.115,287.23,287.23,1820775.0
2025-02-07,288.12,289.71,285.265,286.71,286.71,1271914.0
2025-02-10,288.355,293.83,286.925,292.82,292.82,2125909.0
2025-02-11,291.95,295.61,290.7,295.24,295.24,1202795.0
2025-02-12,295.16,302.97,290.18,292.69,292.69,1712699.0
2025-02-13,293.39,300.57,293.33,299.82,299.82,1670815.0
2025-02-14,299.5,301.5988,291.85,292.32,292.32,1579582.0
2025-02-18,291.675,296.7,288.49,294.75,294.75,1791198.0
2025-02-19,294.3,299.63,293.32,297.23,297.23,1734597.0
2025-02-20,296.84,301.66,296.19,299.68,299.68,1269997.0
2025-02-21,294.49,304.01,293.8472,299.81,299.81,2213915.0
2025-02-24,299.01,303.33,294.01,301.02,301.02,2494819.0
2025-02-25,302.29,315.16,301.31,313.9,313.9,3039591.0
2025-02-26,311.505,312.97,303.37,305.34,305.34,1910799.0
2025-02-27,306.845,309.225,302.63,302.92,302.92,1729067.0
2025-02-28,304.285,309.09,302.62,308.85,308.85,2025669.0
2025-03-03,307.97,314.65,307.11,311.51,311.51,2036290.0
2025-03-04,313.0,317.37,308.4,308.86,308.86,1547301.0
2025-03-05,306.27,312.23,305.76,309.83,309.83,1313843.0
2025-03-06,308.185,317.115,308.185,315.63,315.63,1607580.0
2025-03-07,314.675,325.21,313.9,321.02,321.02,2193493.0
2025-03-10,319.1874,332.9,319.1874,326.68,326.68,2746896.0
2025-03-11,327.565,327.65,316.33,317.87,317.87,1963989.0
2025-03-12,316.93,318.98,307.77,311.05,311.05,1844116.0
2025-03-13,312.545,315.06,309.7,311.99,311.99,1463357.0
2025-03-14,310.31,315.7259,309.55,312.9,312.9,1352653.0
2025-03-17,312.79,318.18,312.05,316.8,316.8,1139455.0
2025-03-18,318.68,322.98,316.39,322.43,322.43,1348455.0
2025-03-19,322.48,323.0,317.28,320.83,320.83,1432112.0
2025-03-20,321.0,324.06,319.24,321.39,321.39,1181010.0
2025-03-21,321.52,324.0,316.01,316.65,316.65,3554964.0
2025-03-24,318.325,321.01,315.68,320.4,320.4,1287842.0
2025-03-25,321.455,321.51,313.4,316.84,316.84,1172138.0
2025-03-26,317.09,322.89,316.9,321.23,321.23,1200591.0
2025-03-27,321.825,327.265,319.82,324.74,324.74,1285358.0
2025-03-28,325.16,329.99,324.2486,325.04,325.04,1105941.0
2025-03-31,325.625,332.24,325.625,329.0,329.0,2128613.0
2025-04-01,330.25,333.25,328.51,331.0,331.0,1669142.0
2025-04-02,329.09,332.65,327.48,331.92,331.92,1108320.0
2025-04-03,329.955,342.57,329.955,338.45,338.45,2403946.0
2025-04-04,336.59,343.91,321.0,322.4,322.4,3801021.0
2025-04-07,316.59,320.96,307.835,315.39,315.39,2918621.0
2025-04-08,324.81,326.0,311.29,313.84,313.84,2483640.0
2025-04-09,313.19,325.2725,309.06,319.99,319.99,2463684.0
2025-04-10,319.11,331.57,318.07,327.27,327.27,2021432.0
2025-04-11,323.12,332.78,323.12,330.19,330.19,1728185.0
2025-04-14,330.46,331.155,326.03,329.2,329.2,1442405.0
2025-04-15,328.805,330.105,326.52,328.63,328.63,1082596.0
2025-04-16,330.2,335.16,327.74,329.44,329.44,1311509.0
2025-04-17,324.45,333.51,324.45,330.13,330.13,2847281.0
2025-04-21,330.84,331.87,322.11,324.77,324.77,1409139.0
2025-04-22,325.535,337.39,325.21,337.07,337.07,1852365.0
2025-04-23,337.1,341.59,333.4,336.69,336.69,1782706.0
2025-04-24,335.92,337.21,332.03,335.7,335.7,1341368.0
2025-04-25,336.05,336.76,331.21,335.36,335.36,1400119.0
2025-04-28,336.0,339.67,333.02,334.82,334.82,1347244.0
2025-04-29,336.215,338.93,333.57,337.21,337.21,1272156.0
2025-04-30,341.12,342.91,335.69,340.04,340.04,1562974.0
2025-05-01,338.095,341.4,334.655,335.18,335.18,1987791.0
2025-05-02,344.025,350.0,330.0,334.75,334.75,2471764.0
2025-05-05,335.79,337.0545,332.62,333.01,333.01,1472607.0
2025-05-06,332.9,337.0,331.9355,333.82,333.82,1825904.0
2025-05-07,335.03,335.87,331.32,334.44,334.44,1325064.0
2025-05-08,333.17,337.25,330.21,333.11,333.11,1322303.0
2025-05-09,334.155,335.42,331.84,333.46,333.46,787938.0
2025-05-12,325.0,328.255,309.59,315.74,315.74,3560738.0
2025-05-13,310.25,310.25,301.48,301.89,301.89,3144364.0
2025-05-14,305.75,307.16,302.11,303.35,303.35,2517211.0
2025-05-15,303.095,308.97,296.26,308.86,308.86,2723351.0
2025-05-16,307.78,320.97,307.78,320.94,320.94,2056251.0
2025-05-19,320.78,322.88,318.0,321.96,321.96,1242737.0
2025-05-20,324.23,325.48,322.3605,325.0,325.0,1329732.0
2025-05-21,323.89,326.0,317.01,317.09,317.09,984422.0
2025-05-22,315.81,316.46,310.2,312.68,312.68,1699864.0
2025-05-23,313.055,316.59,310.51,315.99,315.99,1667846.0
2025-05-27,316.745,316.99,311.7,315.28,315.28,1573804.0
2025-05-28,314.27,315.8,310.285,310.86,310.86,1157468.0
2025-05-29,311.0,312.1,308.39,312.05,312.05,1745737.0
2025-05-30,312.47,319.25,310.05,316.64,316.64,2732238.0
2025-06-02,317.36,319.95,312.18,314.99,314.99,1247849.0
2025-06-03,313.25,315.0,310.3,311.67,311.67,1321064.0
2025-06-04,311.26,312.8,309.71,310.12,310.12,991227.0
2025-06-05,310.58,312.99,309.2101,311.02,311.02,1682932.0
2025-06-06,311.06,312.51,309.5,312.18,312.18,2048289.0
2025-06-09,311.53,314.155,309.05,311.4,311.4,2313185.0
2025-06-10,312.35,318.13,311.05,313.62,313.62,2228284.0
2025-06-11,314.475,315.855,309.48,310.2,310.2,2210123.0
2025-06-12,310.85,315.825,308.375,315.37,315.37,2074449.0
2025-06-13,314.35,318.71,313.75,317.4,317.4,1866266.0
2025-06-16,317.48,318.03,309.81,314.44,314.44,1225918.0
2025-06-17,314.23,315.645,311.14,312.51,312.51,1114485.0
2025-06-18,312.325,316.04,311.08,314.4,314.4,1170309.0
2025-06-20,315.37,316.58,311.96,314.35,314.35,3249878.0
2025-06-23,313.27,317.45,313.1,316.97,316.97,1248232.0
2025-06-24,315.3,317.77,313.235,316.83,316.83,1328293.0
2025-06-25,315.335,317.27,310.82,316.0,316.0,1434891.0
2025-06-26,316.725,331.87,316.725,330.0,330.0,2453702.0
2025-06-27,327.875,332.57,325.96,326.31,326.31,3402335.0
2025-06-30,326.19,330.83,325.56,330.58,330.58,4328635.0
2025-07-01,331.73,338.8899,330.615,334.39,334.39,2684077.0
2025-07-02,330.45,332.2876,320.25,320.39,320.39,2925969.0
2025-07-03,321.235,323.096,318.68,319.75,319.75,852424.0
2025-07-07,320.41,320.92,310.535,313.63,313.63,1397186.0
2025-07-08,312.55,314.6,310.61,312.0,312.0,1599366.0
2025-07-09,312.0,312.49,306.78,309.78,309.78,983956.0
2025-07-10,307.84,311.82,306.335,308.78,308.78,989554.0
2025-07-11,306.0005,307.2308,302.07,303.27,303.27,1590773.0
2025-07-14,304.36,304.36,301.0,303.06,303.06,926317.0
2025-07-15,303.53,305.08,299.54,302.44,302.44,1139785.0
2025-07-16,301.955,306.46,300.01,305.82,305.82,1416213.0
2025-07-17,303.905,304.24,295.935,298.28,298.28,1696496.0
2025-07-18,298.0,298.79,293.272,295.71,295.71,2071591.0
2025-07-21,296.61,297.5605,293.53,294.8,294.8,2004333.0
2025-07-22,295.8,302.89,295.355,300.05,300.05,1392397.0
2025-07-23,302.25,304.8,300.74,304.34,304.34,1443554.0
2025-07-24,302.085,303.0,293.0401,293.93,293.93,1652520.0
2025-07-25,295.49,298.849,294.0,296.37,296.37,1326049.0
2025-07-28,295.84,296.015,290.92,292.39,292.39,1193704.0
2025-07-29,290.5,297.4,285.81,292.17,292.17,1808320.0
2025-07-30,290.59,298.71,287.46,297.86,297.86,2649670.0
2025-07-31,297.5,297.5,264.22,267.38,267.38,5452433.0
2025-08-01,269.49,271.0,256.89,262.23,262.23,3429121.0
2025-08-04,262.49,267.54,260.1201,266.59,266.59,2498437.0
2025-08-05,267.92,276.59,267.31,270.74,270.74,3150026.0
2025-08-06,270.19,274.6,266.29,269.96,269.96,2153953.0
2025-08-07,270.0,272.19,267.57,271.0,271.0,1964191.0
2025-08-08,270.58,275.64,269.99,274.9,274.9,1518326.0
2025-08-11,275.95,279.524,274.71,277.04,277.04,1609647.0
2025-08-12,276.06,281.731,274.76,280.47,280.47,1600559.0
2025-08-13,282.0,287.39,281.34,287.1,287.1,1410109.0
2025-08-14,281.27,291.995,281.11,290.35,290.35,1990826.0
2025-08-15,295.25,300.1799,293.92,296.86,296.86,2918171.0
2025-08-18,298.61,303.12,297.5,298.32,298.32,1961557.0
2025-08-19,298.17,302.59,298.0,302.11,302.11,1482105.0
2025-08-20,302.99,305.67,301.3,304.57,304.57,1588118.0
2025-08-21,304.22,305.2944,300.69,300.95,300.95,999198.0
2025-08-22,302.42,308.42,302.42,304.35,304.35,1127505.0
2025-08-25,304.12,304.14,298.78,300.76,300.76,1051852.0
2025-08-26,299.4626,301.11,297.945,300.32,300.32,2487041.0
2025-08-27,300.965,301.59,298.28,299.95,299.95,994843.0
2025-08-28,299.5,299.5,294.86,299.0,299.0,1949222.0
2025-08-29,298.565,302.97,298.35,300.87,300.87,1588857.0
2025-09-02,301.0,306.34,300.14,300.72,300.72,1431170.0
2025-09-03,299.985,301.125,297.77,300.48,300.48,1514099.0
2025-09-04,298.64,304.04,296.28,304.03,304.03,1556491.0
2025-09-05,303.56,307.55,303.28,305.31,305.31,1157710.0
2025-09-08,305.75,306.59,299.26,300.89,300.89,1210091.0
2025-09-09,301.97,304.77,300.15,302.01,302.01,1230151.0
2025-09-10,301.285,303.9676,299.03,302.44,302.44,1574098.0
2025-09-11,303.8,307.58,303.0001,305.87,305.87,1443954.0
2025-09-12,304.18,308.3,302.61,302.76,302.76,1107074.0
2025-09-15,303.5,303.5,295.73,297.14,297.14,1053812.0
2025-09-16,297.24,298.76,292.32,294.21,294.21,1661168.0
2025-09-17,294.91,299.7,294.84,296.59,296.59,1256569.0
2025-09-18,296.21,297.24,293.255,293.76,293.76,1179598.0
2025-09-19,293.745,294.94,287.06,290.36,290.36,2573933.0
2025-09-22,289.2,290.1,287.36,288.62,288.62,1340262.0
2025-09-23,288.93,292.08,287.016,290.08,290.08,1447404.0
2025-09-24,289.06,292.499,288.72,291.43,291.43,1348490.0
2025-09-25,292.96,293.01,282.8,284.06,284.06,1571430.0
2025-09-26,285.7,286.78,284.66,286.17,286.17,1468578.0
2025-09-29,285.5,287.73,283.57,286.64,286.64,1218014.0
2025-09-30,286.64,292.45,286.45,288.25,288.25,1692845.0
2025-10-01,288.445,292.53,286.3666,291.65,291.65,1788285.0
2025-10-02,290.01,297.07,288.1,296.98,296.98,1699579.0
2025-10-03,296.775,315.47,295.95,311.0,311.0,2836998.0
2025-10-06,310.0,311.295,301.39,302.99,302.99,1555272.0
2025-10-07,302.96,309.25,302.79,307.14,307.14,1037937.0
2025-10-08,307.905,310.88,305.18,306.76,306.76,1172186.0
2025-10-09,308.435,312.18,305.125,306.13,306.13,1153887.0
2025-10-10,307.28,308.46,300.0,300.73,300.73,1108369.0
2025-10-13,299.3,301.3498,295.12,295.41,295.41,845793.0
2025-10-14,296.33,303.875,296.12,302.13,302.13,1073899.0
2025-10-15,301.17,301.17,292.08,294.57,294.57,986610.0
2025-10-16,294.475,296.25,289.71,291.07,291.07,1029038.0
2025-10-17,291.29,299.915,290.5163,299.27,299.27,1729881.0
2025-10-20,299.385,308.695,299.385,306.84,306.84,1608871.0
2025-10-21,306.56,309.595,304.11,307.5,307.5,1381152.0
2025-10-22,306.75,311.05,303.68,307.87,307.87,923345.0
2025-10-23,305.885,306.0,300.5,305.07,305.07,1214277.0
2025-10-24,304.63,306.43,300.08,301.78,301.78,1318276.0
2025-10-27,301.0,309.71,301.0,309.18,309.18,1374998.0
2025-10-28,309.005,311.34,306.235,308.41,308.41,1173587.0
2025-10-29,305.92,306.01,298.22,299.12,299.12,1992371.0
2025-10-30,265.0,273.32,245.61,247.1,247.1,9349022.0
2025-10-31,248.525,248.525,240.67,244.41,244.41,5144682.0
2025-11-03,242.74,261.06,239.51,258.62,258.62,5479629.0
2025-11-04,257.7,264.8,256.0,264.66,264.66,3686454.0
2025-11-05,263.33,266.18,259.465,259.58,259.58,3202224.0
2025-11-06,260.25,264.57,255.67,256.38,256.38,2882191.0
2025-11-07,258.27,265.88,255.5275,264.58,264.58,3025532.0
2025-11-10,261.23,263.585,256.52,258.16,258.16,2543365.0
2025-11-11,260.255,269.15,259.51,268.0,268.0,3298603.0
2025-11-12,267.7,276.14,266.5,270.61,270.61,2459758.0
2025-11-13,271.0,275.41,270.29,270.89,270.89,2678116.0
2025-11-14,271.97,273.6,267.69,269.66,269.66,1960476.0
2025-11-17,269.625,274.61,268.35,271.33,271.33,2003422.0
2025-11-18,271.085,274.21,268.28,272.61,272.61,2048275.0
2025-11-19,274.5,276.0,271.02,271.99,271.99,1732776.0
2025-11-20,272.225,274.4263,267.515,269.6,269.6,2005935.0
2025-11-21,270.22,280.09,270.22,278.09,278.09,1928691.0
2025-11-24,281.0,281.0,269.54,271.47,271.47,2640372.0
2025-11-25,272.62,280.19,271.24,278.2,278.2,1862085.0
2025-11-26,277.34,280.59,276.0,278.35,278.35,1103165.0
2025-11-28,278.94,280.24,277.0459,277.28,277.28,562880.0
2025-12-01,276.64,278.6926,273.27,273.57,273.57,1978681.0
2025-12-02,275.615,276.1199,271.31,274.1,274.1,1534571.0
2025-12-03,275.79,277.96,270.06,270.32,270.32,1925820.0
2025-12-04,269.505,272.09,266.51,268.42,268.42,1551557.0
2025-12-05,268.805,269.08,263.87,265.44,265.44,1095906.0
2025-12-08,265.25,265.495,258.27,263.54,263.54,2547039.0
2025-12-09,264.0,266.5,262.44,262.71,262.71,1160273.0
2025-12-10,262.07,264.15,261.25,262.6,262.6,1373664.0
2025-12-11,264.91,273.53,263.79,272.26,272.26,2084132.0
2025-12-12,273.515,275.27,272.4,274.7,274.7,1758829.0
2025-12-15,276.0,278.0,274.21,277.15,277.15,1713732.0
2025-12-16,277.31,277.68,274.68,276.11,276.11,1600233.0
2025-12-17,275.5,277.51,273.68,273.84,273.84,1681148.0
2025-12-18,273.06,275.53,270.62,274.0,274.0,1678890.0
2025-12-19,273.0,275.39,270.72,271.89,271.89,4195394.0
2025-12-22,268.8,275.74,268.8,275.6,275.6,1420101.0
2025-12-23,274.91,275.94,273.292,273.75,273.75,1013024.0
2025-12-24,273.91,275.71,272.56,274.86,274.86,578409.0
2025-12-26,275.5,276.775,273.94,276.51,276.51,760231.0
2025-12-29,277.14,277.8899,275.31,276.01,276.01,992389.0
2025-12-30,276.02,277.323,275.0,276.48,276.48,787666.0
2025-12-31,276.285,277.44,274.6,275.23,275.23,1200926.0
2026-01-02,276.66,280.5,274.0,279.12,279.12,1099441.0
2026-01-05,278.025,285.17,277.15,283.97,283.97,1499007.0
2026-01-06,284.94,289.03,280.755,284.76,284.76,1720031.0
2026-01-07,286.11,287.0,277.79,279.12,279.12,1947373.0
2026-01-08,280.0,286.73,279.51,283.91,283.91,1398780.0
2026-01-09,286.0,286.88,278.2,278.95,278.95,1696447.0
2026-01-12,279.5,279.5,270.56,276.02,276.02,1616634.0
2026-01-13,276.49,276.5,270.31,271.81,271.81,1014254.0
2026-01-14,272.11,276.67,270.96,271.0,271.0,1822650.0
2026-01-15,272.19,278.0,268.95,277.94,277.94,1656823.0
2026-01-16,276.505,276.96,270.77,272.21,272.21,1702745.0
2026-01-20,270.575,274.4799,268.36,271.24,271.24,1512812.0
2026-01-21,272.0,276.43,270.62,274.91,274.91,1212771.0
2026-01-22,274.985,280.73,274.26,280.39,280.39,1427792.0
2026-01-23,279.99,281.03,277.74,279.2,279.2,1024035.0
2026-01-26,279.81,281.49,277.1,280.41,280.41,1323995.0
2026-01-27,279.0,281.385,269.575,270.09,270.09,2225375.0
2026-01-28,268.9,273.58,265.75,272.38,272.38,1583530.0
2026-01-29,272.26,276.09,270.17,271.27,271.27,1554578.0
2026-01-30,272.33,274.11,268.45,274.11,274.11,1752652.0
2026-02-02,272.755,275.84,268.7575,271.54,271.54,1890562.0
2026-02-03,271.82,276.71,271.325,275.39,275.39,1419867.0
2026-02-04,269.8,281.87,269.16,271.71,271.71,4096185.0
2026-02-05,277.2,285.0,273.95,284.53,284.53,3927059.0
2026-02-06,283.5,297.8,283.5,292.05,292.05,2866219.0
